index,url,valid,domain,title,description,image,published,archive,content,quote,language,keyword
https://www.tagesspiegel.de/wirtschaft/sturm-hagel-uberschwemmungen-versicher-erwarten-eher-niedrige-naturkatastrophenschaden-16001695.html,https://www.tagesspiegel.de/wirtschaft/sturm-hagel-uberschwemmungen-versicher-erwarten-eher-niedrige-naturkatastrophenschaden-16001695.html,0,www.tagesspiegel.de,"Sturm, Hagel, Überschwemmungen: Versicher erwarten eher niedrige Naturkatastrophenschäden","Hitze und Trockenheit haben den Klimawandel wieder zum größeren Thema gemacht. Die tatsächlichen Naturkatastrophenschäden sind bisher unterdurchschnittlich. Glück gehabt, sagen die Versicherer.",https://www.tagesspiegel.de/images/16001694/alternates/BASE_16_9_W1400/1788228159000/unwetter.jpeg,2026-09-01T02:02:38Z,,"Dank ausgebliebener schwerer Winterstürme erwarten die deutschen Versicherer in diesem Jahr unterdurchschnittliche Schäden durch Naturkatastrophen. Sturm, Hagel, Starkregen und Überschwemmung verursa… [+1763 chars]",,de,'Hitze'
https://www.nzz.ch/visuals/heiss-trocken-toedlich-und-teuer-der-hitzesommer-2026-in-grafiken-ld.10020537,https://www.nzz.ch/visuals/heiss-trocken-toedlich-und-teuer-der-hitzesommer-2026-in-grafiken-ld.10020537,0,www.nzz.ch,"DATENANALYSE - Heiss, trocken, tödlich und teuer: Der Hitzesommer 2026 in Grafiken","Der Schweizer Sommer 2026 war rekordverdächtig heiss und trocken. Zahlen zeigen, was die Folgen sind und was aufgrund des Klimawandels noch auf uns zukommen könnte.","https://img-msp-prod.nzz.ch/2026/08/31/927a9134-79e0-470e-880f-d8b18c550e5d.jpg?width=1200&height=674&fit=bounds&quality=75&auto=webp&crop=1801,1013,x0,y169&wmark=nzz",2026-09-01T03:30:00Z,,"Der Schweizer Sommer 2026 war rekordverdächtig heiss und trocken. Zahlen zeigen, was die Folgen sind und was aufgrund des Klimawandels noch auf uns zukommen könnte.
Kommentieren
Zusammenfassung
Wa… [+11636 chars]",,de,'Hitze'
https://www.zeit.de/news/2026-09/01/herbststart-mit-sonne-satt-so-warm-bleibt-es-im-suedwesten,https://www.zeit.de/news/2026-09/01/herbststart-mit-sonne-satt-so-warm-bleibt-es-im-suedwesten,0,www.zeit.de,Wetteraussichten: Herbststart mit Sonne satt: So warm bleibt es im Südwesten,Hier finden Sie Informationen zu dem Thema „Wetteraussichten“. Lesen Sie jetzt „Herbststart mit Sonne satt: So warm bleibt es im Südwesten“.,https://img.zeit.de/news/2026-09/01/herbststart-mit-sonne-satt-so-warm-bleibt-es-im-suedwesten-image-group/wide__1300x731,2026-09-01T03:30:04Z,,"Der Herbst steht vor der Tür - zumindest auf dem Kalender. Am Dienstag beginnt meteorologisch die neue Jahreszeit, doch vom klassischen Herbstwetter ist in Baden-Württemberg wenig zu spüren. Statt Ne… [+1115 chars]",,de,'Sonne'
https://www.zeit.de/news/2026-09/01/wechselhaftes-wetter-in-hessen-oertlich-gewitter-moeglich,https://www.zeit.de/news/2026-09/01/wechselhaftes-wetter-in-hessen-oertlich-gewitter-moeglich,0,www.zeit.de,Wettervorhersage DWD: Wechselhaftes Wetter in Hessen – örtlich Gewitter möglich,Hier finden Sie Informationen zu dem Thema „Wettervorhersage DWD“. Lesen Sie jetzt „Wechselhaftes Wetter in Hessen – örtlich Gewitter möglich“.,https://img.zeit.de/news/2026-09/01/wechselhaftes-wetter-in-hessen-oertlich-gewitter-moeglich-image-group/wide__1300x731,2026-09-01T03:47:39Z,,"Die Menschen in Hessen können sich am Dienstag auf einen Mix aus Sonne und Wolken einstellen. Im Norden ist es zeitweise stark bewölkt, dort sind auch einzelne Schauer und kurze Gewitter möglich, wie… [+775 chars]",,de,'Gewitter'
https://www.zeit.de/news/2026-09/01/freundlicher-mix-aus-sonne-und-wolken,https://www.zeit.de/news/2026-09/01/freundlicher-mix-aus-sonne-und-wolken,0,www.zeit.de,Wetter in Bayern: Freundlicher Mix aus Sonne und Wolken,Hier finden Sie Informationen zu dem Thema „Wetter in Bayern“. Lesen Sie jetzt „Freundlicher Mix aus Sonne und Wolken“.,https://img.zeit.de/news/2026-09/01/freundlicher-mix-aus-sonne-und-wolken-image-group/wide__1300x731,2026-09-01T04:38:40Z,,Bayern stehen laut Deutschem Wetterdienst (DWD) zwei warme und freundliche Tage bevor. Die Meteorologen erwarten heute in Nord- und Südbayern gleichermaßen einen freundlichen Mix aus Sonne und Wolken… [+866 chars],,de,'Sonne'
https://kaernten.orf.at/stories/3369286/,https://kaernten.orf.at/stories/3369286/,0,kaernten.orf.at,Starke Gewitter mit Sturm und Hagel,Die Gewitter mit Sturm und Hagel am Montagabend und in der Nacht auf Dienstag haben in Kärnten insgesamt zu 25 Einsätzen der Feuerwehren geführt. Am stärksten betroffen war das Metnitztal.,https://ibs.orf.at/ktn?image=https%3A%2F%2Foekastatic.orf.at%2Fmims%2F2026%2F36%2F90%2Fcrops%2Fw%3D1200%2Ch%3D627%2Cq%3D75%2F3167901_master_1228390_788780345_1759295025121517_4736351295058743444_n.jpg%3Fs%3D2ba0b8170ce0045032920e3747363121608280a1,2026-09-01T04:51:07Z,,"In Grades fielen 64 Liter Niederschlag pro Quadratmeter. Die großen Regenmengen sorgten für überflutete Keller, der Sturm deckte auch ein Dach ab.
Die Feuerwehren mussten auch ausrücken, weil Bäume … [+20 chars]",,de,'Gewitter'
https://www.faz.net/aktuell/rhein-main/wiesbaden-ein-verletzter-bei-brand-in-restaurant-aktuelle-nachrichten-aus-frankfurt-hessen-faz-19735361.html,https://www.faz.net/aktuell/rhein-main/wiesbaden-ein-verletzter-bei-brand-in-restaurant-aktuelle-nachrichten-aus-frankfurt-hessen-faz-19735361.html,0,www.faz.net,Rhein-Main-Liveblog: Wiesbaden: Ein Verletzter bei Brand in Restaurant,2190 Hitzetote und sechs Tornados +++ Grundschüler müssen Medienführerschein machen +++ Teurer Sprit: Inflationsrate steigt auf drei Prozent +++  Liveblog zu Rhein-Main und Hessen,https://media0.faz.net/image/w1200h627/afb3ba29ec47/w6144h3210x0y459o/202608/43601.0.2484979775/in-der-kueche-des-lokals.webp,2026-09-01T05:01:36Z,,Frankfurt. Am Dienstag endet für zwei weitere Frankfurter Freibäder der Sommer: Das Stadionbad sowie das Freibad Eschersheim öffnen am 1. September letztmalig für diese Saison und sind ab Mittwoch ge… [+653 chars],,de,'Hitze'
https://www.faz.net/aktuell/wissen/erde-klima/el-nino-wie-der-klimawandel-das-phaenomen-verstaerkt-accg-201175490.html,https://www.faz.net/aktuell/wissen/erde-klima/el-nino-wie-der-klimawandel-das-phaenomen-verstaerkt-accg-201175490.html,0,www.faz.net,Klimawandel: Wie El Niño zu seiner Extrapower kommt,Als natürliches Klimaphänomen ist El Niño weltweit bekannt und gefürchtet. Nun ist klar: Seit ein paar Jahrzehnten ist auch der menschengemachte Klimawandel im Spiel.,https://media0.faz.net/image/w1200h627/852a069ce283/w6000h3135x0y433o/202608/43601.0.2471875352/die-waldbraende-in-vielen.webp,2026-09-01T06:58:46Z,,"Die starken Westwinde über dem Pazifik blasen immer noch, die Voraussagen sind nach wie vor düster, sie verheißen Naturkatastrophen und Temperaturrekorde rund um den Globus bis weit ins Jahr 2027 hin… [+3756 chars]",,de,'Klimawandel'
https://www.sueddeutsche.de/bayern/bayern-wetter-herbst-sonne-li.3540396,https://www.sueddeutsche.de/bayern/bayern-wetter-herbst-sonne-li.3540396,0,www.sueddeutsche.de,Wetter in Bayern: Freundlicher Mix aus Sonne und Wolken,"Die ganz heißen Tage sind vorüber, doch der Sommer gibt sich in Bayern noch nicht geschlagen.",https://www.sueddeutsche.de/2026/09/01/73b66e10-b82d-40c2-ae96-8434926b9487.jpg?q=60&fm=webp&width=1200&rect=0%2C209%2C4000%2C2250,2026-09-01T07:26:55Z,,"Von Aschaffenburg bis Berchtesgaden: Das Bayern-Team der SZ ist im gesamten Freistaat für Sie unterwegs. Hier entlang, wenn Sie Geschichten, News und Hintergründe direkt aufs Handy bekommen möchten.… [+667 chars]",,de,'Sonne'
https://www.faz.net/aktuell/feuilleton/debatten/nach-den-sommerferien-nimmt-der-wahlkampf-in-frankreich-an-fahrt-auf-accg-201175073.html,https://www.faz.net/aktuell/feuilleton/debatten/nach-den-sommerferien-nimmt-der-wahlkampf-in-frankreich-an-fahrt-auf-accg-201175073.html,0,www.faz.net,Rentrée in Frankreich: Ein Land vor einer schweren Wahl,"Während für Millionen Schüler die Sommerferien zu Ende gehen, nimmt der Wahlkampf in Frankreich an Fahrt auf. Die Immigration ist dabei nicht das große Sorgenthema der Franzosen.",https://media0.faz.net/image/w1200h627/783c1e49655d/w3543h1851x0y108o/202608/43601.0.2489270690/puenktlich-zum-ende-der-ferien.webp,2026-09-01T08:05:32Z,,"Alle Jahre wieder: das französische Phänomen der rentrée. Am 1. September kehren 11.607.600 Schüler in die Klassenzimmer zurück. Hysterische Eltern, quengelnde Bengel und bis zum nächsten Burnout ver… [+8598 chars]",,de,'Sommerferien'
https://www.zeit.de/2026/37/fischsterben-schweiz-gewaesser-fluesse-lebensraum,https://www.zeit.de/2026/37/fischsterben-schweiz-gewaesser-fluesse-lebensraum,0,www.zeit.de,Fischsterben in der Schweiz: Millionen toter Fische,"Diesen Sommer starben in der Schweiz massenhaft Fische den Hitzetod. Nicht das erste Mal. Nur ist das kein unabwendbares Schicksal, sondern politisches Versagen.",https://img.zeit.de/2026/37/millionen-toter-fische-bild-1/wide__1300x731,2026-09-01T12:07:37Z,,"»Beispiellos.« »Katastrophal.« »Gigantisch.« David Bittner, der Geschäftsführer des Schweizerischen Fischerei-Verbandes (SFV), spricht in diesem Sommer in Superlativen. Was er in den vergangenen Woch… [+954 chars]",,de,'Hitzetod'
https://www.bild.de/leben-wissen/wissenschaft/deutschlands-wetter-bilanz-97-899-blitze-im-sommer-2026-6a96bbfd9452c5223822f7a6,https://www.bild.de/leben-wissen/wissenschaft/deutschlands-wetter-bilanz-97-899-blitze-im-sommer-2026-6a96bbfd9452c5223822f7a6,0,www.bild.de,Sommer-Gewitter-Bilanz 2026 - Alle 80 Sekunden ein Blitz! Wo es am meisten krachte,"Die Meteorage-Blitzbilanz zeigt: Im Sommer 2026 zuckten 97.899 Blitze über Deutschland. Erfahren Sie hier, welche Regionen und Tage besonders betroffen waren.","https://images.bild.de/6a96bbfd9452c5223822f7a6/adf001156602bf6cb306d43e0853b6ed,5c630a49?w=1280",2026-09-01T12:25:36Z,,"TTS-Player überspringenArtikel weiterlesenHagel-Chaos, Starkregen, schwere Sturmböen und sogar Tornados: Der Sommer 2026 hat Deutschland mehrfach heftige Unwetter beschert. Jetzt zeigt die offizielle… [+2097 chars]",,de,'Gewitter'
https://www.zeit.de/news/2026-09/02/hopfen-hat-bei-hitze-gelitten-geringere-ernte-erwartet,https://www.zeit.de/news/2026-09/02/hopfen-hat-bei-hitze-gelitten-geringere-ernte-erwartet,0,www.zeit.de,Einziger Hopfenbauer: Hopfen hat bei Hitze gelitten - Geringere Ernte erwartet,Hier finden Sie Informationen zu dem Thema „Einziger Hopfenbauer“. Lesen Sie jetzt „Hopfen hat bei Hitze gelitten - Geringere Ernte erwartet“.,https://img.zeit.de/news/2026-09/02/hopfen-hat-bei-hitze-gelitten-geringere-ernte-erwartet-image-group/wide__1300x731,2026-09-02T02:00:33Z,,"Nach dem Dürresommer rechnet der einzige Hopfenbauer in Rheinland-Pfalz mit einer deutlich kleineren Ernte. «Ich hoffe, dass es nur 30 Prozent weniger als im Vorjahr werden», sagte Andreas Dick in Ho… [+1932 chars]",,de,'Hitze'
https://www.bild.de/news/wetter/ausgerechnet-zum-herbstanfang-bis-35-grad-hitze-kommt-in-wellen-zurueck-6a96a048d32756d4be19b36c,https://www.bild.de/news/wetter/ausgerechnet-zum-herbstanfang-bis-35-grad-hitze-kommt-in-wellen-zurueck-6a96a048d32756d4be19b36c,0,www.bild.de,Ausgerechnet zum Herbstanfang - Bis 35 Grad? Hitze kommt in Wellen zurück,"Bevor die kühlere Jahreszeit die Sprossen erklimmt, fährt der Sommer mit uns Achterbahn.","https://images.bild.de/6a96a048d32756d4be19b36c/75ea6c25f4fa9b61cc6e2518b60b8255,c4906028?w=1280",2026-09-02T03:47:34Z,,"TTS-Player überspringenArtikel weiterlesenDer Herbst steht auf der Leiter, heißt es in einem Kinderlied. Doch bevor die kühlere Jahreszeit die Sprossen erklimmt, fährt der Sommer mit uns noch ein bis… [+2288 chars]",,de,'Hitze'
https://www.zeit.de/news/2026-09/02/sonne-wolken-mix-in-bayern,https://www.zeit.de/news/2026-09/02/sonne-wolken-mix-in-bayern,0,www.zeit.de,Wetter in Bayern: Sonne-Wolken-Mix in Bayern,Hier finden Sie Informationen zu dem Thema „Wetter in Bayern“. Lesen Sie jetzt „Sonne-Wolken-Mix in Bayern“.,https://img.zeit.de/news/2026-09/02/sonne-wolken-mix-in-bayern-image-group/wide__1300x731,2026-09-02T03:59:59Z,,Es bleibt bei einer Mischung aus Sonne und Wolken: Auch am Mittwoch soll es im größten Teil Bayerns trocken und freundlich bleiben. Lediglich in Alpennähe erwartet der Deutsche Wetterdienst (DWD) am … [+727 chars],,de,'Sonne'
https://www.sueddeutsche.de/wissen/klimawandel-deutschland-1-5-grad-ziel-li.3540025,https://www.sueddeutsche.de/wissen/klimawandel-deutschland-1-5-grad-ziel-li.3540025,0,www.sueddeutsche.de,"Erderwärmung: Willkommen in dem Klima, das verhindert werden sollte","Ein UN-Bericht erkennt erstmals an, dass sich die Welt in wenigen Jahren um mehr als 1,5 Grad Celsius erwärmt haben wird. Und empfiehlt, sich dem Pariser Klimaziel nun „von oben“ zu nähern. Aber wie soll das gehen?",https://www.sueddeutsche.de/2026/09/01/b5d178a0-a18b-4a78-ae44-3dfc82ff3a4f.jpg?q=60&fm=webp&width=1200&rect=0%2C209%2C4000%2C2250,2026-09-02T04:00:00Z,,"Was war das bloß für ein Sommer. Im Norden Londons fiel 39 Tage lang kein Regen. In Frankreich brannten die Wälder, landesweit war eine doppelt so große Fläche betroffen wie im vormaligen Rekordjahr … [+238 chars]",,de,'Erderwärmung'
https://www.tagesspiegel.de/wissen/dpa-klimakrise-16007342.html,https://www.tagesspiegel.de/wissen/dpa-klimakrise-16007342.html,0,www.tagesspiegel.de,"Klimakrise: UN: Anstieg über 1,5 Grad so kurz wie möglich halten","Die menschengemachte Erderwärmung wird sich nicht auf 1,5 Grad begrenzen lassen, macht ein Bericht klar. Wichtig sei nun, die Chance auf nur kurzfristiges Überschreiten zu nutzen - und zwar sofort.",https://www.tagesspiegel.de/images/16007341/alternates/BASE_16_9_W1400/1788321749000/hitze-und-klimawandel.jpeg,2026-09-02T04:02:28Z,,"Auf ein inzwischen unvermeidliches Übersteigen der 1,5-Grad-Marke in der Klimakrise muss dem UN-Umweltprogramm (Unep) zufolge eine möglichst rasche Rückkehr unter diesen Wert folgen. Risiken und Ausw… [+4053 chars]",,de,'Erderwärmung'
https://www.zeit.de/news/2026-09/02/stuermische-tage-im-norden-gewitter-und-regen-im-anmarsch,https://www.zeit.de/news/2026-09/02/stuermische-tage-im-norden-gewitter-und-regen-im-anmarsch,0,www.zeit.de,Wetter: Stürmische Tage im Norden – Gewitter und Regen im Anmarsch,Hier finden Sie Informationen zu dem Thema „Wetter“. Lesen Sie jetzt „Stürmische Tage im Norden – Gewitter und Regen im Anmarsch“.,https://img.zeit.de/news/2026-09/02/stuermische-tage-im-norden-gewitter-und-regen-im-anmarsch-image-group/wide__1300x731,2026-09-02T04:27:19Z,,"Es wird nicht gerade gemütlich zum Septemberbeginn in Hamburg und Schleswig-Holstein. Der Deutsche Wetterdienst (DWD) sagt für den zweiten Teil der Woche Schauer, Gewitter und starke Windböen voraus.… [+1233 chars]",,de,'Gewitter'
https://www.faz.net/aktuell/rhein-main/hessen-im-sueden-wird-es-sommerlich-warm-aktuelle-nachrichten-aus-frankfurt-hessen-faz-19735361.html,https://www.faz.net/aktuell/rhein-main/hessen-im-sueden-wird-es-sommerlich-warm-aktuelle-nachrichten-aus-frankfurt-hessen-faz-19735361.html,0,www.faz.net,Rhein-Main-Liveblog: Im Süden wird es sommerlich warm,Wiesbaden: Ein Verletzter bei Brand in Restaurant +++ 2190 Hitzetote und sechs Tornados +++ Grundschüler müssen Medienführerschein machen +++ Teurer Sprit: Inflationsrate steigt auf drei Prozent +++  Liveblog zu Rhein-Main und Hessen,https://media0.faz.net/image/w1200h627/c3d8e27edbd3/w6048h3160x0y436o/202609/43601.0.2495149643/kuehlerer-norden-sommerlicher.webp,2026-09-02T05:03:39Z,,Frankfurt. Am Dienstag endet für zwei weitere Frankfurter Freibäder der Sommer: Das Stadionbad sowie das Freibad Eschersheim öffnen am 1. September letztmalig für diese Saison und sind ab Mittwoch ge… [+653 chars],,de,'Hitze'
https://www.zeit.de/news/2026-09/02/temperaturen-steigen-aber-es-soll-regnen-und-gewittern,https://www.zeit.de/news/2026-09/02/temperaturen-steigen-aber-es-soll-regnen-und-gewittern,0,www.zeit.de,"Wettervorhersage: Temperaturen steigen, aber es soll regnen und gewittern","Hier finden Sie Informationen zu dem Thema „Wettervorhersage“. Lesen Sie jetzt „Temperaturen steigen, aber es soll regnen und gewittern“.",https://img.zeit.de/news/2026-09/02/temperaturen-steigen-aber-es-soll-regnen-und-gewittern-image-group/wide__1300x731,2026-09-02T05:07:06Z,,Nach einem weitgehend trockenen Mittwoch stehen in Berlin und Brandenburg zwei regnerische Tage mit Gewittern bevor. Zunächst wird es dem Deutschen Wetterdienst (DWD) zufolge heute wolkig mit heitere… [+547 chars],,de,'Gewitter'
https://www.tagesspiegel.de/berlin/dpa-wettervorhersage-16007377.html,https://www.tagesspiegel.de/berlin/dpa-wettervorhersage-16007377.html,0,www.tagesspiegel.de,"Wettervorhersage: Temperaturen steigen, aber es soll regnen und gewittern","Nach einem trockenen Mittwoch bringt das Wetter in Berlin und Brandenburg Regen, Schauer und Gewitter. Am Freitag sind dabei Temperaturen bis zu 27 Grad möglich.",https://www.tagesspiegel.de/images/16007376/alternates/BASE_16_9_W1400/1788325701000/donnerstag-und-freitag-gewitter-vorhergesagt.jpeg,2026-09-02T05:08:20Z,,Nach einem weitgehend trockenen Mittwoch stehen in Berlin und Brandenburg zwei regnerische Tage mit Gewittern bevor. Zunächst wird es dem Deutschen Wetterdienst (DWD) zufolge heute wolkig mit heitere… [+601 chars],,de,'Gewitter'
https://www.zeit.de/news/2026-09/02/gewitter-im-anmarsch-wann-es-besonders-nass-wird,https://www.zeit.de/news/2026-09/02/gewitter-im-anmarsch-wann-es-besonders-nass-wird,0,www.zeit.de,Wetter: Gewitter im Anmarsch: Wann es besonders nass wird,Hier finden Sie Informationen zu dem Thema „Wetter“. Lesen Sie jetzt „Gewitter im Anmarsch: Wann es besonders nass wird“.,https://img.zeit.de/news/2026-09/02/gewitter-im-anmarsch-wann-es-besonders-nass-wird-image-group/wide__1300x731,2026-09-02T05:33:57Z,,"Der September legt in Niedersachsen und Bremen einen eher ungemütlichen Start hin. Der Deutsche Wetterdienst (DWD) sagt für den zweiten Teil der Woche Schauer, Gewitter und starke Windböen voraus.
D… [+1404 chars]",,de,'Gewitter'
https://www.bild.de/news/wetter/bis-35-grad-in-deutschland-hitze-kommt-in-wellen-zurueck-6a96a048d32756d4be19b36c,https://www.bild.de/news/wetter/bis-35-grad-in-deutschland-hitze-kommt-in-wellen-zurueck-6a96a048d32756d4be19b36c,0,www.bild.de,Bis 35 Grad in Deutschland - Hitze kommt in Wellen zurück,Eine neue Hitzewelle nimmt Kurs auf Deutschland – wann und wo sie einschlägt.,"https://images.bild.de/6a96a048d32756d4be19b36c/75ea6c25f4fa9b61cc6e2518b60b8255,c4906028?w=1280",2026-09-02T07:37:15Z,,"TTS-Player überspringenArtikel weiterlesenDer Herbst steht auf der Leiter, heißt es in einem Kinderlied. Doch bevor die kühlere Jahreszeit die Sprossen erklimmt, fährt der Sommer mit uns noch ein bis… [+2288 chars]",,de,'Hitze'
https://www.tagesspiegel.de/berlin/bezirke/spandau/spandau-und-sein-wasser-freibad-arger-badeverbot-und-ein-vertrockneter-wasserspielplatz-16007950.html,https://www.tagesspiegel.de/berlin/bezirke/spandau/spandau-und-sein-wasser-freibad-arger-badeverbot-und-ein-vertrockneter-wasserspielplatz-16007950.html,0,www.tagesspiegel.de,"Spandau und sein Wasser: Freibad-Ärger, Badeverbot und ein vertrockneter Wasserspielplatz","In Berlin-Spandau dreht sich viel um Wasser, Wasser, Wasser. Hier die News vom Hundeschwimmen bis zur DRK Wasserwacht, vom sandigen Wasserspielplatz bis zum Bürgermeister-Ärger.",https://www.tagesspiegel.de/images/3492241/alternates/BASE_16_9_W1400/1662031365000/freibad-7865.jpeg,2026-09-02T08:05:01Z,,"Wasser, Wasser, Wasser. In Berlin-Spandau ist das immer ein Top-Thema, nicht nur wegen der Havel, sondern auch wegen der Freibäder, Wasserspielplätze und engagierten Rettungsschwimmer an Havel und Gl… [+5950 chars]",,de,'Freibad'
https://www.n-tv.de/wissen/Dieser-Extrem-Sommer-ist-eine-Warnung-vor-dem-was-uns-bevorsteht-id31259730.html,https://www.n-tv.de/wissen/Dieser-Extrem-Sommer-ist-eine-Warnung-vor-dem-was-uns-bevorsteht-id31259730.html,0,www.n-tv.de,"UN-Bericht zu Erderwärmung: Dieser Extrem-Sommer ist ""eine Warnung vor dem, was uns bevorsteht""","Ein neuer Bericht der UN macht klar: Die menschengemachte Erderwärmung wird sich nicht auf 1,5 Grad begrenzen lassen. Wichtig sei nun, die Chance auf ein nur kurzfristiges Überschreiten zu nutzen - und zwar sofort. Sonst drohten verheerende Folgen.",https://www.n-tv.de/img/31259794/1788340284/Img_16_9/1200/82680104.jpg,2026-09-02T08:33:00Z,,"UN-Bericht zu ErderwärmungDieser Extrem-Sommer ist ""eine Warnung vor dem, was uns bevorsteht""
Weite Teile Europas standen diesen Sommer in Flammen. (Foto: picture alliance / dpa)
Ein neuer Bericht … [+4387 chars]",,de,'Erderwärmung'
https://www.dw.com/de/un-umweltprogramm-vereinte-nationen-15-grad-pariser-klimaabkommen-klimawandel/a-78703160,https://www.dw.com/de/un-umweltprogramm-vereinte-nationen-15-grad-pariser-klimaabkommen-klimawandel/a-78703160,0,www.dw.com,"UN-Bericht: Ziel von 1,5 Grad Erderwärmung nicht zu halten","Die Welt steuert laut UN-Umweltprogramm derzeit auf 2,6 Grad Erwärmung zu. Entscheidend sei nun, die Überschreitung der 1,5-Grad-Marke möglichst gering und kurz zu halten - denn manche Folgen könnten unumkehrbar sein. Das Ziel, die globale Erwärmung dauerhaft…",https://static.dw.com/image/78127942_6.jpg,2026-09-02T09:47:00Z,,"Das Ziel, die globale Erwärmung dauerhaft auf 1,5 Grad Celsius über dem vorindustriellen Niveau zu begrenzen, lässt sich nach Einschätzung des Umweltprogramms der Vereinten Nationen (UNEP) nicht mehr… [+5056 chars]",,de,'Erderwärmung'
https://www.zeit.de/politik/ausland/2026-08/hitze-irak-klimwandel-zukunft-deutschland,https://www.zeit.de/politik/ausland/2026-08/hitze-irak-klimwandel-zukunft-deutschland,0,www.zeit.de,"Hitze: 50 Grad, kein Schatten, der Boden hartgebrannt wie Ton","Mehr noch als Gewalt und Zerstörung hat unseren Autor als Kriegsreporter die Hitze im Irak mitgenommen. »Wir warten nur auf unseren Tod«, sagen ihm Menschen, die er traf.",https://img.zeit.de/politik/ausland/2026-08/hitze-irak-klimwandel-zukunft/wide__1300x731,2026-09-02T10:52:41Z,,"Es ist 2022, die Mesopotamischen Marschen im Südirak: Einst soll hier Garten Eden gewesen sein, die Wiege der Zivilisation, eines der größten Sumpfgebiete der Welt, so groß wie Sachsen. Ich stehe vor… [+790 chars]",,de,'Hitze'
https://www.tagesschau.de/ausland/afrika/unep-klimawandel-erderwaermung-100.html,https://www.tagesschau.de/ausland/afrika/unep-klimawandel-erderwaermung-100.html,0,www.tagesschau.de,UN warnen vor deutlich höherer Erderwärmung,"Im Jahr 2015 wurde eine Grenze für die Erderwärmung festgelegt: 1,5 Grad Celsius, mehr darf es nicht werden. Doch diese Grenze ist nicht zu halten, mahnen die UN. Damit drohten schwerwiegende und wohl unumkehrbare Folgen. Von Karin Bensch.",https://images.tagesschau.de/image/d10bc676-18d0-40fd-945a-3262eba0cd65/AAABoGHUfuU/AAABnSSvrFg/16x9-big/duerre-park-100.jpg?width=1280,2026-09-02T11:32:16Z,,"Stand: 02.09.2026 13:32 Uhr
Im Jahr 2015 wurde eine Grenze für die Erderwärmung festgelegt: 1,5 Grad Celsius, mehr darf es nicht werden. Doch diese Grenze ist nicht zu halten, mahnen die UN. Damit d… [+1937 chars]",,de,'Erderwärmung'
https://www.zeit.de/news/2026-09/03/wolken-etwas-regen-und-erneut-hitze-in-bayern,https://www.zeit.de/news/2026-09/03/wolken-etwas-regen-und-erneut-hitze-in-bayern,0,www.zeit.de,"Wetter in Bayern: Wolken, etwas Regen und erneut Hitze in Bayern","Hier finden Sie Informationen zu dem Thema „Wetter in Bayern“. Lesen Sie jetzt „Wolken, etwas Regen und erneut Hitze in Bayern“.",https://img.zeit.de/news/2026-09/03/wolken-etwas-regen-und-erneut-hitze-in-bayern-image-group/wide__1300x731,2026-09-03T03:53:01Z,,Nach weitgehend freundlichen Tagen wird es etwas grauer im Freistaat. Vor allem in Nordbayern erwartet der Deutsche Wetterdienst (DWD) dichte Wolkenfelder und hier und da auch Regen. Dazu gibt es Tem… [+778 chars],,de,'Hitze'
https://www.faz.net/premium/weltwirtschaft/weltwissen/himalaya-wie-der-klimawandel-die-bergbauern-bedroht-accg-201176365.html,https://www.faz.net/premium/weltwirtschaft/weltwissen/himalaya-wie-der-klimawandel-die-bergbauern-bedroht-accg-201176365.html,0,www.faz.net,Bauer in Indien: „Ich sorge mich um die Zukunft meiner Tochter“,"Noch wachsen in den Höhenlagen des Himalajas Weizen, Senf und Linsen. Aber der Klimawandel macht die Arbeit auf den Feldern gefährlicher und beschwerlicher. Der indische Bauer Mukesh Singh Bisht berichtet von den Konsequenzen.",https://media0.faz.net/image/w1200h627/87104a232177/w4516h2359x0y325o/202605/43601.0.2056398977/die-bergspitzen-in-uttarakhand.webp,2026-09-03T04:00:00Z,,"Wie wirkt sich der Klimawandel auf Ihr Leben im Himalaja aus?
Ob Winter oder Sommer das Wetter wird zu jeder Jahreszeit extremer. Vor fünf oder sechs Jahren lagen die Höchsttemperaturen im Sommer no… [+428 chars]",,de,'Klimawandel'
https://www.sueddeutsche.de/politik/china-klimawandel-katastrophen-massnahmen-li.3530008,https://www.sueddeutsche.de/politik/china-klimawandel-katastrophen-massnahmen-li.3530008,0,www.sueddeutsche.de,"Erderwärmung: China versucht, der Klimakrise pragmatisch zu begegnen","Die Regierung in Peking bestreitet den menschengemachten Klimawandel nicht. Die Bevölkerung betrachtet ihn bereits als Gefahr für Ernährung, Eigentum und Leben – und als Bewährungsprobe für den Staat.",https://www.sueddeutsche.de/2026/09/03/d70b2bbf-2de2-424b-acef-4003b9952e59.jpg?q=60&fm=webp&width=1200&rect=0%2C78%2C4000%2C2250,2026-09-03T09:21:22Z,,"Die Bilder zeigen nicht nur das Ausmaß der Zerstörung. Sie zeigen auch, wie die Katastrophe in China erzählt wird: als Tragödie, aber zugleich als Beleg staatlicher Handlungsfähigkeit. Im Mittelpunkt… [+8402 chars]",,de,'Klimawandel'
https://www.zeit.de/wirtschaft/2026-09/rhein-pegel-kaub-wasserstand-schifffahrt,https://www.zeit.de/wirtschaft/2026-09/rhein-pegel-kaub-wasserstand-schifffahrt,0,www.zeit.de,Hitze und Dürre: Pegelstand im Rhein reicht noch nicht für regulären Schiffsverkehr,"Der Bundesverband der Deutschen Binnenschifffahrt gibt nach gestiegenem Rhein-Pegel keine Entwarnung. Bis Schiffe voll beladen werden können, muss der Pegel noch steigen.",https://img.zeit.de/wirtschaft/2026-09/rhein-pegel-kaub-wasserstand-schifffahrt-foto-1/wide__1300x731,2026-09-03T10:57:46Z,,Nach den historischen Tiefständen im Rhein hat sich die Lage für die Schifffahrt leicht entspannt. Eine deutliche Entwarnung gibt es jedoch nicht. Laut Vorhersage dürften die Wasserstände in den komm… [+815 chars],,de,'Hitze'
https://noe.orf.at/stories/3369727/,https://noe.orf.at/stories/3369727/,0,noe.orf.at,Langenlebarn im August trockenster Ort Österreichs,"Der August 2026 ist der heißeste achte Monat des Jahres seit Beginn der Messgeschichte vor 260 Jahren. Es wurde ein neuer Temperatur-Allzeitrekord gemessen, zudem gab es einen Rekordwert bei Hitzetagen. Laut Geosphere Austria war der trockenste Ort Langenleba…",https://ibs.orf.at/noe?image=https%3A%2F%2Foekastatic.orf.at%2Fmims%2F2026%2F29%2F88%2Fcrops%2Fw%3D1200%2Ch%3D627%2Cq%3D75%2F3113986_master_1206388_1.jpg%3Fs%3D3985213c75ddb944fcb775a0ac488c7288a95704,2026-09-03T13:58:00Z,,"Den Höhepunkt der Hitzewelle im August bildete der 3., 4. und 5. August. An diesen drei Tagen erreichten die Temperaturen jeweils die 40 Grad-Marke. Am 5. Augst wurden bei der Geosphere Austria-Messs… [+2119 chars]",,de,'Hitze'
https://www.faz.net/podcasts/rhein-main-feierabendbriefing/commerzbank-uebernahme-boris-rhein-bestellt-unicredit-chef-ein-201148725.html,https://www.faz.net/podcasts/rhein-main-feierabendbriefing/commerzbank-uebernahme-boris-rhein-bestellt-unicredit-chef-ein-201148725.html,0,www.faz.net,Rhein-Main-Feierabendbriefing: Commerzbank-Übernahme: Boris Rhein bestellt Unicredit-Chef ein,"Gespräche um geplante Commerzbank-Übernahme, Giftmord in Fußballverein erschüttert Rockenberg, Mieterprotest im Frankfurter Nordend und Hitzerekorde im August. Der F.A.Z.-Podcast Rhein-Main Feierabend-Briefing informiert über die Themen der Region.",https://media0.faz.net/image/w1200h627/15c7da08c75a/w5805h3033x0y748o/202607/43601.0.2321177642/4360102321177642.webp,2026-09-03T15:15:00Z,,"1. Boris Rhein trifft Unicredit-Chef Orcel: Hessens Ministerpräsident Boris Rhein hat mit Andrea Orcel, dem Vorstandsvorsitzenden der Unicredit, die geplante Übernahme der Commerzbank besprochen. Die… [+2297 chars]",,de,'Hitze'
https://www.n-tv.de/panorama/Deutschlands-Norden-steht-vor-ungemuetlicher-Wetterlage-id31267489.html,https://www.n-tv.de/panorama/Deutschlands-Norden-steht-vor-ungemuetlicher-Wetterlage-id31267489.html,0,www.n-tv.de,Überflutungen möglich: Deutschlands Norden steht vor ungemütlicher Wetterlage,"Das Wetter in Deutschland könnte unterschiedlicher kaum sein: Während es im Süden hochsommerlich warm wird, muss sich der Norden Deutschlands auf Schauer, Gewitter und teils schwere Sturmböen einstellen. Wo genau es ungemütlich wird, erklärt ntv-Meteorologe L…",https://www.n-tv.de/img/31267515/1788460570/Img_16_9/1200/616492945.jpg,2026-09-03T17:38:07Z,,"Dunkle Gewitterwolken ziehen über einen Windpark in Mecklenburg-Vorpommern (Archivbild). (Foto: picture alliance/dpa | Jens Büttner)
Das Wetter in Deutschland könnte unterschiedlicher kaum sein: Wäh… [+4316 chars]",,de,'Gewitter'
https://www.diepresse.com/41206764/hitze-duerre-uebersterblichkeit-so-heftig-wuetete-der-europaeische,https://www.diepresse.com/41206764/hitze-duerre-uebersterblichkeit-so-heftig-wuetete-der-europaeische,0,www.diepresse.com,"Hitze, Dürre, Übersterblichkeit: So heftig wütete der europäische Sommer",Die katastrophenbedingten Schäden dürften sich in Europa heuer auf rund 100 Mrd. Euro summieren. Ende Juni forderte die Rekordhitze vor allem im Westen der EU einen besonders hohen Todeszoll.,https://img.diepresse.com/public/incoming/th7h4z-gettyimages-947133932jpg/alternates/WEBP_WIDE_1200/GettyImages-947133932.jpg,2026-09-03T18:17:59Z,,"Die Presse auf Google als bevorzugte Nachrichtenquelle hinzufügen.
 Herr: es ist Zeit. Der Sommer war sehr groß diese Zeile aus Rainer Maria Rilkes Gedicht Herbsttag trifft vermutlich die Stimmungsl… [+7118 chars]",,de,'Hitze'
https://www.nzz.ch/schweiz/als-antwort-auf-den-hitzesommer-kartoffelfans-fordern-einen-neuen-umgang-mit-gentechnik-ld.10022245,https://www.nzz.ch/schweiz/als-antwort-auf-den-hitzesommer-kartoffelfans-fordern-einen-neuen-umgang-mit-gentechnik-ld.10022245,0,www.nzz.ch,Als Antwort auf den Hitzesommer: Die «Kartoffelfans» fordern einen neuen Umgang mit Gentechnik,"Wolle man in Zukunft genug Kartoffeln in der Schweiz haben, so sagen die Branchenvertreter in der Zürcher Wasserkirche, brauche es eine Teilliberalisierung von neuen Zuchtmethoden.","https://img-msp-prod.nzz.ch/2026/09/03/dff770a2-6434-4c75-bf6e-e3802d6e909b.jpg?width=1200&height=675&fit=bounds&quality=75&auto=webp&crop=6000,3375,x0,y406&wmark=nzz",2026-09-04T03:30:00Z,,"Wolle man in Zukunft genug Kartoffeln in der Schweiz haben, so sagen die Branchenvertreter in der Zürcher Wasserkirche, brauche es eine Teilliberalisierung von neuen Zuchtmethoden.
Zusammenfassung
… [+7189 chars]",,de,'Hitze'
https://www.bild.de/news/wetter/deutschlands-schaerfste-wettergrenze-wo-der-sommer-heute-abkassiert-6a9947c27cdc6e46442b5c80,https://www.bild.de/news/wetter/deutschlands-schaerfste-wettergrenze-wo-der-sommer-heute-abkassiert-6a9947c27cdc6e46442b5c80,0,www.bild.de,Deutschlands schärfste Wettergrenze - Wo der Sommer heute abkassiert,Hitze trifft auf Sturm: In Deutschland prallen Sommer und Herbst frontal aufeinander.,"https://images.bild.de/6a9947c27cdc6e46442b5c80/521ea8b21330b49cfdc71d013da5448e,d7594ba8?w=1280",2026-09-04T03:57:54Z,,"TTS-Player überspringenArtikel weiterlesenEs gibt Tage, da liegen zwischen Herbst und Hochsommer nur wenige Kilometer. Genau ein solcher steht Deutschland heute bevor: Eine scharfe Wettergrenze teilt… [+2955 chars]",,de,'Hitze'
https://oe3.orf.at/stories/3054636/,https://oe3.orf.at/stories/3054636/,0,oe3.orf.at,Was Chlor im Schwimmbad wirklich macht,"Einmal geht´s noch. Schwimmen, chillen, Ferienfinale – ohne Freibad ist Sommer nur halb so schön. Aber warum riecht’s da eigentlich immer so nach Chlor, und was macht das Zeug überhaupt im Wasser?",https://tubestatic.orf.at/static/images/site/tube/20240310/design_ohne_titel.6010089.jpg,2026-09-04T04:10:00Z,,"Einmal geht´s noch. Schwimmen, chillen, Ferienfinale ohne Freibad ist Sommer nur halb so schön. Aber warum riechts da eigentlich immer so nach Chlor, und was macht das Zeug überhaupt im Wasser?
Chlo… [+1247 chars]",,de,'Freibad'
https://ooe.orf.at/stories/3369751/,https://ooe.orf.at/stories/3369751/,0,ooe.orf.at,Heißester August in OÖ seit Messbeginn,"Auch der August 2026 hat in Österreich und Oberösterreich Hitzerekorde gebracht. Er war der heißeste achte Monat des Jahres in der 260-jährigen Messgeschichte des Landes. In Linz haben die Temperaturen sogar die Werte überschritten, die 2019 in einer Simulati…",https://ibs.orf.at/ooe?image=https%3A%2F%2Foekastatic.orf.at%2Fmims%2F2026%2F32%2F18%2Fcrops%2Fw%3D1200%2Ch%3D627%2Cq%3D75%2F3138974_master_1216818_p8050903.jpg%3Fs%3D33d3c750859de603915530f660bea860364c5b0a,2026-09-04T04:15:24Z,,"Im Projekt CLARITY wurde in Linz 2019 vorgenommen die Hitzebelastung der Zukunft für die Jahre 2021 bis 2050 simuliert. Mit den Ergebnissen wollte man Wege finden, um auf die Folgen der Klimakrise re… [+1485 chars]",,de,'Hitzerekord'
https://www.zeit.de/zeit-magazin/wochenmarkt/2026-08/gefuellte-tomaten-auberginen-kuechenzuruf,https://www.zeit.de/zeit-magazin/wochenmarkt/2026-08/gefuellte-tomaten-auberginen-kuechenzuruf,0,www.zeit.de,Tomaten mit Auberginenfüllung: Paradiesische Paradeiser,"Die Tomate ist eine wahre Sonnenanbeterin. Jetzt, zum Ende des Sommers, wenn sie reif und saftig ist, wird es Zeit, sie zu ernten und noch einmal Sonne pur zu schmecken.",https://img.zeit.de/zeit-magazin/wochenmarkt/2026-08/gefuellte-tomaten-auberginen-kuechenzuruf-bild-7/wide__1300x731,2026-09-04T05:26:10Z,,»Die Paradeiser ist ein Sonnenkind! Sie liebt die Sonne über alles und mag nicht einmal im Halbschatten stehen.« Mit diesen Worten beginnt Erich Stekovics legendärer Paradeiserkönig aus dem Burgenlan… [+352 chars],,de,'Sonne'
https://www.nzz.ch/wissenschaft/ab-wann-wird-hitze-gefaehrlich-und-was-passiert-im-koerper-ld.10019282,https://www.nzz.ch/wissenschaft/ab-wann-wird-hitze-gefaehrlich-und-was-passiert-im-koerper-ld.10019282,0,www.nzz.ch,"Hitze: Das Denken fällt schwer, die Muskeln krampfen, und irgendwann kann das Herz nicht mehr","Ab 25 Grad schlägt das Herz schneller, ab 30 Grad wird das Denken träge, ab 35 Grad kippt das körpereigene Kühlsystem — und ab 40,5 Grad drohen Zellschäden. Was bei Hitze im Körper passiert und ab wann sie gefährlich wird: über das natürliche Kühlsystem des M…","https://img-msp-prod.nzz.ch/2026/08/19/988d8483-6fdb-48e4-a469-c4fee64ca5ae.jpg?width=1200&height=675&fit=bounds&quality=75&auto=webp&crop=3840,2160,x128,y0&wmark=nzz",2026-09-04T07:19:00Z,,"Ab 25 Grad schlägt das Herz schneller, ab 30 Grad wird das Denken träge, ab 35 Grad kippt das körpereigene Kühlsystem und ab 40,5 Grad drohen Zellschäden. Was bei Hitze im Körper passiert und ab wann… [+9898 chars]",,de,'Hitze'
https://www.faz.net/aktuell/politik/ausland/opfer-der-klimakrise-nepal-verdient-hilfe-201182196.html,https://www.faz.net/aktuell/politik/ausland/opfer-der-klimakrise-nepal-verdient-hilfe-201182196.html,0,www.faz.net,Opfer der Klimakrise: Hilfe für Nepal,"Nepal hat nur wenig zur Erderwärmung beigetragen. Das Land verlangt deshalb nicht nur Hilfe, sondern Klimagerechtigkeit. Auch China und Indien stehen in der Pflicht.",https://media0.faz.net/image/w1200h627/e893498c3711/w3402h1777x0y257o/202609/43601.0.2501309491/eine-woche-nach-der.webp,2026-09-04T08:41:06Z,,"Wie so oft bei Krisen dieser Größenordnung dauerte es einige Tage, bis sich das ganze Ausmaß des Schreckens offenbarte. Eine Woche nach der verheerenden Schlammlawine im Himalaja, die ganze Dörfer un… [+4914 chars]",,de,'Erderwärmung'
https://www.focus.de/gesundheit/fast-10-000-hitzetote-trinken-allein-schuetzt-nicht_4324aa49-57d9-494d-87fd-92f6cf378ba7.html,https://www.focus.de/gesundheit/fast-10-000-hitzetote-trinken-allein-schuetzt-nicht_4324aa49-57d9-494d-87fd-92f6cf378ba7.html,0,www.focus.de,Fast 10.000 Hitzetote: Trinken allein schützt nicht,Hitze belastet den Körper stark. Besonders gefährdet sind ältere Menschen und Personen mit Vorerkrankungen.,"https://quadro.burda-forward.de/ctf/81bc59f1-1eaa-4c10-a869-81b11fb1ef00.5adc154d-45a4-4485-9472-75a7fdbf5da0.jpeg?im=RegionOfInterestCrop=(1200,630),regionOfInterest=(2494,1403)&hash=07d6541a8d0421ed276a9713d7946e7295ab611a931cc4427bd90778f1181e05",2026-09-04T09:19:00Z,,"An heißen Tagen lautet der Rat fast überall gleich: viel trinken. Er ist richtig und doch nur die halbe Wahrheit. Der Kreislauf braucht an heissen Tagen etwas mehr als nur Wasser.
Was Hitze mit Ihre… [+5048 chars]",,de,'Hitze'
https://www.faz.net/aktuell/rhein-main/region-und-hessen/umsatz-der-gastronomie-geht-wegen-hitze-und-teuerung-zurueck-accg-201190543.html,https://www.faz.net/aktuell/rhein-main/region-und-hessen/umsatz-der-gastronomie-geht-wegen-hitze-und-teuerung-zurueck-accg-201190543.html,0,www.faz.net,Wegen Hitze und Teuerung: Gastronomie verliert sechs Prozent Umsatz,Sommerliche Wetteraussichten könnten in Restaurants und Cafés noch einmal für volle Gärten sorgen. Nach einem schwierigen ersten Halbjahr können die Wirte das gut gebrauchen.,https://media0.faz.net/image/w1200h627/6b9c89358681/w8256h4313x0y775o/202312/43600.0.2205884747/fuer-apfelwein-gemacht.webp,2026-09-04T10:37:10Z,,"Nach einem mauen ersten Halbjahr hofft das hessische Gastgewerbe auch dank nochmals sommerlicher Wetteraussichten auf einen Schub im Herbst. September ist eine wunderbare Biergartenzeit, sagte der Pr… [+1695 chars]",,de,'Hitze'
https://www.derstandard.de/story/3000000332135/die-klimaanpassung-wird-zum-grossen-thema-hilft-das-auch-dem-klimaschutz,https://www.derstandard.de/story/3000000332135/die-klimaanpassung-wird-zum-grossen-thema-hilft-das-auch-dem-klimaschutz,0,www.derstandard.de,Die Klimaanpassung wird zum großen Thema – hilft das auch dem Klimaschutz?,"Dürre, Niedrigwasser und Hitze machen die Kosten der Erderwärmung sichtbar. Nun rückt die Anpassung in den Vordergrund. Stärkt oder verdrängt sie den Klimaschutz?",https://i.ds.at/NDiTvQ/rs:fill:1200:600/plain/lido-images/2026/09/03/9b00f773-ffda-41d2-920e-6361551d5659.jpg,2026-09-04T12:44:58Z,,"Sie entscheiden darüber, wie Sie unsere Inhalte nutzen wollen. Ihr Gerät erlaubt uns derzeit leider nicht, die entsprechenden Optionen anzuzeigen.
Bitte deaktivieren Sie sämtliche Hard- und Software… [+180 chars]",,de,'Erderwärmung'
https://www.faz.net/aktuell/rhein-main/kultur/das-neue-frankfurt-bekommt-ein-eigenes-theaterstueck-201195315.html,https://www.faz.net/aktuell/rhein-main/kultur/das-neue-frankfurt-bekommt-ein-eigenes-theaterstueck-201195315.html,0,www.faz.net,Lampionfest Frankfurt: Ein Theaterstück für das „Neue Frankfurt“,"Revolutionäre auf der Kirchentreppe: Zum Lampionfest probt das Theaterhaus Ensemble „Licht, Luft, Sonne!“. Künftig soll das Auftragswerk von Florian Wacker jedes Jahr aufgeführt werden.",https://media0.faz.net/image/w1200h627/0df6039659d2/w5500h2873x0y683o/202609/43601.0.2502661506/das-theaterhaus-ensemble-probt.webp,2026-09-04T14:35:53Z,,Normalerweise ist Regen der natürliche Feind aller Freilichtaufführungen. Doch auf der großen Treppe vor der Heilig-Kreuz-Kirche am Bornheimer Hang kämpfen die Akteure des Frankfurter Theaterhauses b… [+3575 chars],,de,'Sonne'
https://www.nzz.ch/schweiz/sicherheitspolitik/keine-einigung-mit-berlin-patriot-systeme-verspaeten-sich-weiter-ld.10022381,https://www.nzz.ch/schweiz/sicherheitspolitik/keine-einigung-mit-berlin-patriot-systeme-verspaeten-sich-weiter-ld.10022381,0,www.nzz.ch,Keine Einigung mit Berlin: Patriot-Systeme verspäten sich weiter,"Vor den Sommerferien gab es noch einen Hoffnungsschimmer, dass die amerikanischen Systeme doch bald geliefert werden. Nun ist klar: Die Schweiz muss bis in die 2030er Jahre warten.","https://img-msp-prod.nzz.ch/2026/09/04/eac3a29c-4af4-468a-9c5e-694d04726d81.jpg?width=1200&height=674&fit=bounds&quality=75&auto=webp&crop=5814,3270,x0,y258&wmark=nzz",2026-09-04T15:00:00Z,,"Vor den Sommerferien gab es noch einen Hoffnungsschimmer, dass die amerikanischen Systeme doch bald geliefert werden. Nun ist klar: Die Schweiz muss bis in die 2030er Jahre warten.
Zusammenfassung
… [+6235 chars]",,de,'Sommerferien'
https://www.welt.de/politik/deutschland/article6a9ac24108c763dcf81f43f2/bundespraesident-steinmeier-voelkisches-denken-und-nationalistische-abschottung-sind-keine-antwort.html,https://www.welt.de/politik/deutschland/article6a9ac24108c763dcf81f43f2/bundespraesident-steinmeier-voelkisches-denken-und-nationalistische-abschottung-sind-keine-antwort.html,0,www.welt.de,"„Völkisches Denken und nationalistische Abschottung sind keine Antwort“, mahnt Steinmeier",Mit einem Appell für Demokratie und gegen nationalistisches Denken eröffnet Bundespräsident Steinmeier ein Bürgerfest in Bonn. Das Staatsoberhaupt warnt kurz vor der Wahl in Sachsen-Anhalt vor Klimawandelleugnern in Regierungen.,https://images.welt.de/6a9ac24108c763dcf81f43f2/04195a205b3ea4d393c7c922b5b6c657-master/ci16x9-w1200/dpa-com-260902-935-1582134-jpg,2026-09-04T15:00:29Z,,Mit einem Appell für Demokratie und gegen nationalistisches Denken eröffnet Bundespräsident Steinmeier ein Bürgerfest in Bonn. Das Staatsoberhaupt warnt kurz vor der Wahl in Sachsen-Anhalt vor Klimaw… [+2787 chars],,de,'Klimawandel'
https://www.faz.net/aktuell/wissen/erde-klima/duerre-hitze-braende-eine-denkwuerdige-bilanz-des-sommers-2026-201184117.html,https://www.faz.net/aktuell/wissen/erde-klima/duerre-hitze-braende-eine-denkwuerdige-bilanz-des-sommers-2026-201184117.html,0,www.faz.net,Klimawandel: Wie war der Hitzesommer?,"Der Sommer 2026 ist Geschichte. Was bleibt ist die Erinnerung an Waldbrände, Trockenheit und quälende Hitze, die viele Menschen nicht überlebten. Eine denkwürdige Bilanz mit Zahlen und Daten.",https://media0.faz.net/image/w1200h627/eb75f6abf9e6/w1867h975x167y37o/202609/ee295d11-96ad-4e0c-8711-a12988bf0a83/krkx9styocwn.webp,2026-09-04T15:08:01Z,,"Wie war der Hitzesommer?
Von Frauke Zbikowski, Andreas Frey und Pia Heinemann (Texte), Claudia Bothe und Julia Bellan (Grafiken)
5. September 2026 · Der Sommer ist Geschichte. Was bleibt ist die Er… [+14397 chars]",,de,'Hitze'
https://www.zeit.de/news/2026-09/04/45-7-grad-spaniens-heissester-tag-seit-jahresbeginn,https://www.zeit.de/news/2026-09/04/45-7-grad-spaniens-heissester-tag-seit-jahresbeginn,0,www.zeit.de,"September-Hitze: 45,7 Grad: Spaniens heißester Tag seit Jahresbeginn","Hier finden Sie Informationen zu dem Thema „September-Hitze“. Lesen Sie jetzt „45,7 Grad: Spaniens heißester Tag seit Jahresbeginn“.",https://img.zeit.de/news/2026-09/04/45-7-grad-spaniens-heissester-tag-seit-jahresbeginn-image-group/wide__1300x731,2026-09-04T15:11:39Z,,"In Spanien ist Anfang September mit 45,7 Grad die bisher höchste Tagestemperatur seit Jahresbeginn gemessen worden. Diese extreme Hitze sei am Donnerstag in dem Ort El Granado im südlichen Andalusien… [+1446 chars]",,de,'Hitze'
https://www.faz.net/aktuell/rhein-main/region-und-hessen/niedrigwasser-am-rhein-laender-fordern-mehr-geld-vom-bund-201196062.html,https://www.faz.net/aktuell/rhein-main/region-und-hessen/niedrigwasser-am-rhein-laender-fordern-mehr-geld-vom-bund-201196062.html,0,www.faz.net,Treffen der Rheinanlieger: Länder fordern mehr Geld für Wasserstraßen,Das Rekordniedrigwasser am Rhein führt zu hohen wirtschaftlichen Verlusten. Das Bündnis der Rheinanrainer sieht den Bund in der Pflicht: Er soll die Binnenschifffahrt besser vor dem Klimawandel schützen.,https://media0.faz.net/image/w1200h627/47230cfc1b6c/w6144h3210x0y491o/202609/43601.0.2495051510/ausgetrockneter-rhein-zu-fuss.webp,2026-09-04T17:13:26Z,,"Trockengefallene Yachten, versandete Sportboothäfen, Sandbänke in der Mitte des sonst so mächtigen Stroms: Das Rekordniedrigwasser des Rheins hat diesen Sommer für erschreckende Bilder gesorgt und er… [+5124 chars]",,de,'Klimawandel'
https://www.zeit.de/news/2026-09/05/hitze-und-braende-wie-steht-es-um-thueringens-waelder,https://www.zeit.de/news/2026-09/05/hitze-und-braende-wie-steht-es-um-thueringens-waelder,0,www.zeit.de,Umwelt: Hitze und Brände: Wie steht es um Thüringens Wälder?,Hier finden Sie Informationen zu dem Thema „Umwelt“. Lesen Sie jetzt „Hitze und Brände: Wie steht es um Thüringens Wälder?“.,https://img.zeit.de/news/2026-09/05/hitze-und-braende-wie-steht-es-um-thueringens-waelder-image-group/wide__1300x731,2026-09-05T03:00:11Z,,In diesem Jahr hat es bereits verhältnismäßig viele Waldbrände in Thüringen gegeben. «2026 kann jetzt schon in Bezug auf die Anzahl der Waldbrände von März bis August als überdurchschnittlich bezeich… [+4034 chars],,de,'Hitze'
https://www.nzz.ch/international/ein-sturm-zu-viel-ist-ceuta-pedro-sanchez-letzte-grosse-krise-ld.10021842,https://www.nzz.ch/international/ein-sturm-zu-viel-ist-ceuta-pedro-sanchez-letzte-grosse-krise-ld.10021842,0,www.nzz.ch,Ein Sturm zu viel: Bedeutet die Migrationskrise von Ceuta das Ende von Pedro Sánchez’ Ära?,Spaniens sozialistischer Regierungschef ist ein Meister des Machterhalts. Doch das Ende seiner langen Regierungszeit könnte näher rücken. Das hat auch mit seinen Sommerferien zu tun.,"https://img-msp-prod.nzz.ch/2026/09/04/ba28a192-a193-4945-84ee-1a072a2f622a.jpg?width=1200&height=675&fit=bounds&quality=75&auto=webp&crop=5500,3094,x0,y225&wmark=nzz",2026-09-05T03:30:00Z,,"Spaniens sozialistischer Regierungschef ist ein Meister des Machterhalts. Doch das Ende seiner langen Regierungszeit könnte näher rücken. Das hat auch mit seinen Sommerferien zu tun.
Zusammenfassung… [+7620 chars]",,de,'Sommerferien'
https://www.welt.de/videos/video6a9bb42a181cb962d48844ca/hitzerekord-spanien-knackt-die-45-grad-marke-heissester-tag-des-jahres.html,https://www.welt.de/videos/video6a9bb42a181cb962d48844ca/hitzerekord-spanien-knackt-die-45-grad-marke-heissester-tag-des-jahres.html,0,www.welt.de,Spanien knackt die 45-Grad-Marke – heißester Tag des Jahres,"Spanien hat den bislang heißesten Tag des Jahres 2026 erlebt: In Andalusien wurden bis zu 45,7 Grad gemessen – ein neuer Hitzerekord.",https://images.welt.de/6a9bb42a181cb962d48844ca/0796d9a27caa1ba51338358c8e49cc1a/ci16x9-w1200/dpa-com-260904-935-1588175-jpg,2026-09-05T06:58:00Z,,Die WELT als ePaper: Die vollständige Ausgabe steht Ihnen bereits am Vorabend zur Verfügung so sind Sie immer hochaktuell informiert. Weitere Informationen https://epaper.welt.de,,de,'Hitze'
https://vorarlberg.orf.at/stories/3369808/,https://vorarlberg.orf.at/stories/3369808/,0,vorarlberg.orf.at,Freibadsaison geht langsam zu Ende,"Nach einem außergewöhnlich heißen Sommer neigt sich die Freibadsaison in Vorarlberg langsam dem Ende zu. Einige Bäder haben bereits geschlossen, für mehrere andere ist dieses Wochenende der letzte Termin. Viele Anlagen bleiben aber noch bis Mitte September ge…",https://ibs.orf.at/vbg?image=https%3A%2F%2Foekastatic.orf.at%2Fmims%2F2026%2F36%2F05%2Fcrops%2Fw%3D1200%2Ch%3D627%2Cq%3D75%2F3171782_master_1229905_imago0858043072h.jpg%3Fs%3D1fb69c22d07799433cfea98a80d00ebca2792804,2026-09-05T07:12:06Z,,"Der Sommer 2026 war österreichweit der heißeste seit Beginn der Messgeschichte. Auch in Vorarlberg wurden mehrere Rekorde gebrochen: In Bludenz wurden Ende Juni 37,3 Grad gemessen so viel wie noch ni… [+2047 chars]",,de,'Freibad'
https://www.tagesschau.de/ausland/asien/nepal-sturzflut-110.html,https://www.tagesschau.de/ausland/asien/nepal-sturzflut-110.html,0,www.tagesschau.de,Flutkatastrophe im Himalaya: Nepals Wut auf die Verursacher des Klimawandels,"Nach der Sturzflut im Himalaya mit mehr als 1.000 Toten ist die Zerstörung groß. Während die Überlebenden ihre Habseligkeiten bergen, wächst der Zorn: Nepal stößt kaum CO2 aus, wird aber immer härter vom Klimawandel getroffen. Von L. Bodewein.",https://images.tagesschau.de/image/7c03ef11-0e9f-4cb3-98ab-eafb2926ca96/AAABoHBYHps/AAABnSSvrFg/16x9-big/nepal-sturzflut-112.jpg?width=1280,2026-09-05T07:29:51Z,,"Stand: 05.09.2026 09:29 Uhr
Nach der Sturzflut im Himalaya mit mehr als 1.000 Toten ist die Zerstörung groß. Während die Überlebenden ihre Habseligkeiten bergen, wächst der Zorn: Nepal stößt kaum CO… [+4567 chars]",,de,'Klimawandel'
https://www.zeit.de/news/2026-09/05/start-ins-wochenende-mit-wolken-sonne-mix,https://www.zeit.de/news/2026-09/05/start-ins-wochenende-mit-wolken-sonne-mix,0,www.zeit.de,Wetter: Start ins Wochenende mit Wolken-Sonne-Mix,Hier finden Sie Informationen zu dem Thema „Wetter“. Lesen Sie jetzt „Start ins Wochenende mit Wolken-Sonne-Mix“.,https://img.zeit.de/news/2026-09/05/start-ins-wochenende-mit-wolken-sonne-mix-image-group/wide__1300x731,2026-09-05T08:03:18Z,,"Mit wechselnder Bewölkung, einzelnen Schauern im äußersten Norden und im Tagesverlauf vermehrt Aufheiterungen startet das Wetter-Wochenende in Hessen. Die Höchsttemperaturen liegen nach Angaben des D… [+550 chars]",,de,'Sonne'
https://www.zeit.de/2026/38/surangel-whipps-praesident-palau-klimawandel-meeresspiegel-usa,https://www.zeit.de/2026/38/surangel-whipps-praesident-palau-klimawandel-meeresspiegel-usa,0,www.zeit.de,"Surangel Whipps: »Wir sind gesegnet, das alles zu haben«","Palau ist ein Inselstaat im Pazifik. Paradiesisch schön – und vom Klimawandel bedroht wie kaum ein anderer Ort. Sein Präsident erzählt, wie er den Untergang verwaltet.",https://img.zeit.de/2026/38/wir-sind-gesegnet-das-alles-zu-haben-bild-1/wide__1300x731,2026-09-05T15:34:42Z,,"Dieser Artikel ist Teil von ZEIT am Wochenende, Ausgabe 36/2026.
DIE ZEIT: Herr Whipps, auf Bildern wirkt Palau wie ein Paradies. Und zugleich ist es eines der am stärksten vom Klimawandel bedrohten… [+473 chars]",,de,'Klimawandel'
https://www.zeit.de/news/2026-09/06/391-polizeieinsaetze-an-freibaedern-meist-nur-diebstaehle,https://www.zeit.de/news/2026-09/06/391-polizeieinsaetze-an-freibaedern-meist-nur-diebstaehle,0,www.zeit.de,Freibadsaison: 391 Polizeieinsätze an Freibädern - meist nur Diebstähle,Hier finden Sie Informationen zu dem Thema „Freibadsaison“. Lesen Sie jetzt „391 Polizeieinsätze an Freibädern - meist nur Diebstähle“.,https://img.zeit.de/news/2026-09/06/391-polizeieinsaetze-an-freibaedern-meist-nur-diebstaehle-image-group/wide__1300x731,2026-09-06T03:05:04Z,,"In der Sommersaison der Berliner Freibäder ist die Polizei zu 391 Einsätzen gerufen worden. Grund für die allermeisten dieser Einsätze waren Diebstähle in einem Freibad, davor oder in unmittelbarer N… [+1328 chars]",,de,'Freibad'
https://www.tagesspiegel.de/berlin/dpa-freibadsaison-16021859.html,https://www.tagesspiegel.de/berlin/dpa-freibadsaison-16021859.html,0,www.tagesspiegel.de,Freibadsaison: 391 Polizeieinsätze an Freibädern - meist nur Diebstähle,Mehrere hundert Mal fuhr die Polizei im Sommer zu einem der vielen Berliner Schwimmbäder. Meistens ging es allerdings um kleinere Taten wie Diebstähle.,https://www.tagesspiegel.de/images/16021858/alternates/BASE_16_9_W1400/1788663986000/polizeieinsatz-im-sommerbad-neukolln.jpeg,2026-09-06T03:06:26Z,,"In der Sommersaison der Berliner Freibäder ist die Polizei zu 391 Einsätzen gerufen worden. Grund für die allermeisten dieser Einsätze waren Diebstähle in einem Freibad, davor oder in unmittelbarer N… [+1385 chars]",,de,'Freibad'
https://www.bild.de/news/wetter/freibad-finale-bis-zu-35-grad-dann-kommt-der-wettersturz-6a9be357b5ee14fdd3da81e7,https://www.bild.de/news/wetter/freibad-finale-bis-zu-35-grad-dann-kommt-der-wettersturz-6a9be357b5ee14fdd3da81e7,0,www.bild.de,"Das große Freibad-Finale - Bis 35 Grad, danach kommt der Wettersturz",Hoch „Thomas“ bringt Deutschland bis Dienstag Sonne und bis zu 35 Grad. Doch ab Dienstag wartet eine unangenehme Überraschung.,"https://images.bild.de/6a9be357b5ee14fdd3da81e7/a359440478602ff09e34a085c92e98d8,432e0048?w=1280",2026-09-06T03:57:58Z,,TTS-Player überspringenArtikel weiterlesenDeutschland erlebt zum Wochenstart noch einmal eine echte Sommer-Zugabe. Das Spätsommer-Hoch Thomas sorgt am Sonntag und teils sogar noch bis in den Dienstag… [+3354 chars],,de,'Freibad'
https://www.faz.net/aktuell/wissen/erde-klima/ein-aufruf-zur-regenerativen-landwirtschaft-accg-201175290.html,https://www.faz.net/aktuell/wissen/erde-klima/ein-aufruf-zur-regenerativen-landwirtschaft-accg-201175290.html,0,www.faz.net,Regenerative Landwirtschaft: Ein Sondervermögen für den Umbau der Landwirtschaft,"Die Landwirtschaft ist weltweit im Dauerkrisenmodus. Was gegen ausgelaugte Böden, Industrie-Landwirtschaft und gegen Klimawandel helfen könnte, ist der gezielte Schutz der Böden.",https://media0.faz.net/image/w1200h627/9da515f0943e/w6000h3135x0y419o/202608/43601.0.2466281376/worunter-die-boeden-oft-leiden.webp,2026-09-06T06:23:58Z,,"Wir haben ein Sondervermögen für die Bundeswehr, eines für die Infrastruktur und das Klima, doch was wir nicht haben, ist die politische Bereitschaft, intakte Böden und damit gesunde Nahrungsmittel u… [+4945 chars]",,de,'Klimawandel'
https://www.zeit.de/news/2026-09/06/naechste-woche-regen-und-gewitter-mit-einer-ausnahme,https://www.zeit.de/news/2026-09/06/naechste-woche-regen-und-gewitter-mit-einer-ausnahme,0,www.zeit.de,Wetter im Norden: Nächste Woche Regen und Gewitter - mit einer Ausnahme,Hier finden Sie Informationen zu dem Thema „Wetter im Norden“. Lesen Sie jetzt „Nächste Woche Regen und Gewitter - mit einer Ausnahme“.,https://img.zeit.de/news/2026-09/06/naechste-woche-regen-und-gewitter-mit-einer-ausnahme-image-group/wide__1300x731,2026-09-06T09:10:57Z,,"Spätsommerliche Temperaturen am Montag sorgen für einen Lichtblick angesichts des sonst nassen Herbstwetters im Norden. Bereits am Sonntag klingt das Wochenende mit eher heiterem Wetter aus, wie der … [+1189 chars]",,de,'Gewitter'
https://www.derstandard.at/story/3000000338039/mythos-siesta-wie-gesund-ist-es-ein-mittagsschlaefchen-zu-halten,https://www.derstandard.at/story/3000000338039/mythos-siesta-wie-gesund-ist-es-ein-mittagsschlaefchen-zu-halten,0,www.derstandard.at,"Mythos Siesta: Wie gesund ist es, ein Mittagsschläfchen zu halten?","Nur einmal am Tag zu schlafen, war und ist längst nicht überall die Norm. Doch wäre es vernünftiger, mehr Nickerchen zu machen?",https://i.ds.at/5gdm8A/rs:fill:1200:600/plain/lido-images/2026/05/19/00782ede-ba0d-4d16-8eeb-7d6c923c6836.jpg,2026-09-06T10:00:00Z,,"Sie entscheiden darüber, wie Sie unsere Inhalte nutzen wollen. Ihr Gerät erlaubt uns derzeit leider nicht, die entsprechenden Optionen anzuzeigen.
Bitte deaktivieren Sie sämtliche Hard- und Software… [+180 chars]",,de,'Siesta'
https://www.zeit.de/news/2026-09/07/noch-einmal-hitze-wo-es-danach-deutlich-kuehler-wird,https://www.zeit.de/news/2026-09/07/noch-einmal-hitze-wo-es-danach-deutlich-kuehler-wird,0,www.zeit.de,Kurzes Sommer-Revival: Noch einmal Hitze – wo es danach deutlich kühler wird,Hier finden Sie Informationen zu dem Thema „Kurzes Sommer-Revival“. Lesen Sie jetzt „Noch einmal Hitze – wo es danach deutlich kühler wird“.,https://img.zeit.de/news/2026-09/07/noch-einmal-hitze-wo-es-danach-deutlich-kuehler-wird-image-group/wide__1300x731,2026-09-07T02:00:07Z,,"Der Sommer dreht zum Abschied noch einmal kräftig auf - allerdings dürfte ihm schnell die Puste ausgehen. Denn schon bald wird wechselhaftes und deutlich kühleres Wetter das Kommando übernehmen, wie … [+1478 chars]",,de,'Hitze'
https://www.zeit.de/news/2026-09/07/wetterwechsel-in-bayern-auf-sonne-folgen-wolken-und-regen,https://www.zeit.de/news/2026-09/07/wetterwechsel-in-bayern-auf-sonne-folgen-wolken-und-regen,0,www.zeit.de,Wettervorhersage: Wetterwechsel in Bayern: Auf Sonne folgen Wolken und Regen,Hier finden Sie Informationen zu dem Thema „Wettervorhersage“. Lesen Sie jetzt „Wetterwechsel in Bayern: Auf Sonne folgen Wolken und Regen“.,https://img.zeit.de/news/2026-09/07/wetterwechsel-in-bayern-auf-sonne-folgen-wolken-und-regen-image-group/wide__1300x731,2026-09-07T03:43:44Z,,Nach einem sonnigen Wochenende sollten die Menschen in Bayern wieder eher an einen Regenschirm denken. Der Deutsche Wetterdienst (DWD) kündigt zur Mitte der Woche einen Wetterwechsel an. Bereits am M… [+906 chars],,de,'Sonne'
https://www.zeit.de/news/2026-09/07/45-jaehriger-stirbt-bei-freibad-besuch,https://www.zeit.de/news/2026-09/07/45-jaehriger-stirbt-bei-freibad-besuch,0,www.zeit.de,Landkreis Kassel: 45-Jähriger stirbt bei Freibad-Besuch,Hier finden Sie Informationen zu dem Thema „Landkreis Kassel“. Lesen Sie jetzt „45-Jähriger stirbt bei Freibad-Besuch“.,https://img.zeit.de/news/2026-09/07/45-jaehriger-stirbt-bei-freibad-besuch-image-group/wide__1300x731,2026-09-07T08:30:14Z,,Ein 45-Jähriger ist am Samstagnachmittag bei einem Besuch eines Freibads im nordhessischen Baunatal (Landkreis Kassel) gestorben. Der Mann sei leblos in einem Schwimmbecken gefunden und unter notärzt… [+439 chars],,de,'Freibad'
https://www.faz.net/aktuell/rhein-main/baunatal-45-jahre-alter-mann-stirbt-bei-freibad-besuch-aktuelle-nachrichten-aus-frankfurt-hessen-faz-19735361.html,https://www.faz.net/aktuell/rhein-main/baunatal-45-jahre-alter-mann-stirbt-bei-freibad-besuch-aktuelle-nachrichten-aus-frankfurt-hessen-faz-19735361.html,0,www.faz.net,Rhein-Main-Liveblog: Baunatal: 45 Jahre alter Mann stirbt bei Freibad-Besuch,Sonniger Wochenstart in Hessen +++ Limburg: Mann bei Angriff mit Baseballschläger verletzt +++ Mann in Frankfurt ausgeraubt und verletzt +++  Liveblog zu Rhein-Main und Hessen,https://media0.faz.net/image/w1200h627/23b8bd541216/w3251h1698x0y240o/202609/43601.0.2515663057/ein-mann-ist-nach-einem-besuch.webp,2026-09-07T08:36:19Z,,Ein verdächtiger Koffer vor einer Bäckerei in der Darmstädter Innenstadt hat für eine großräumige Sperrung gesorgt. Wegen der Maßnahmen müsse auch der Betrieb von Bussen und Bahnen vorübergehend eing… [+679 chars],,de,'Freibad'
https://www.tagesspiegel.de/wissen/klimawandel-16025873.html,https://www.tagesspiegel.de/wissen/klimawandel-16025873.html,0,www.tagesspiegel.de,66 Tage Hitzewelle: Nord- und Ostsee waren im Sommer deutlich zu warm,"Nicht nur im Mittelmeer ist das Wasser deutlich wärmer geworden, auch bei uns steigt die Temperatur der Meere. Forscher warnen vor weitreichenden Folgen für die Tierwelt und die Menschen.",https://www.tagesspiegel.de/images/16025872/alternates/BASE_16_9_W1400/1788771631000/luftbild-helgoland.jpeg,2026-09-07T09:00:30Z,,"Die Temperaturen in Nordsee und Ostsee haben in diesem Sommer deutlich über dem langjährigen Mittel gelegen. Das zeigen neue Messungen des Bundesamtes für Seeschifffahrt und Hydrographie (BSH).
Mehr… [+3249 chars]",,de,'Hitze'
https://www.faz.net/aktuell/gesellschaft/gesundheit/waldbraenden-und-hitzewellen-verschlechtern-die-luftqualitaet-accg-201201934.html,https://www.faz.net/aktuell/gesellschaft/gesundheit/waldbraenden-und-hitzewellen-verschlechtern-die-luftqualitaet-accg-201201934.html,0,www.faz.net,Neuer Bericht: Hitzewellen und Waldbrände verschlechtern zunehmend die Luftqualität,Die Weltorganisation für Meteorologie warnt: Seit den 1990er-Jahren habe sich die Zahl der Waldbrände mit starker Rauchentwicklung weltweit verdreifacht. Das belastet die Luftqualität zunehmend.,https://media0.faz.net/image/w1200h627/ef9163514769/w3000h1567x0y60o/202205/43600.0.901677706/steigende-temperaturen.webp,2026-09-07T09:32:36Z,,Hitzewellen und Waldbrände erschweren laut einem neuen Bericht der Weltorganisation für Meteorologie (WMO) die weltweiten Bemühungen um saubere Luft: Wie aus dem am Montag veröffentlichten WMO-Berich… [+2444 chars],,de,'Hitze'
https://www.faz.net/aktuell/wirtschaft/unternehmen/munich-re-vorstand-thomas-blunck-zur-lage-des-rueckversicherers-in-zeiten-des-klimawandels-accg-201184056.html,https://www.faz.net/aktuell/wirtschaft/unternehmen/munich-re-vorstand-thomas-blunck-zur-lage-des-rueckversicherers-in-zeiten-des-klimawandels-accg-201184056.html,0,www.faz.net,Munich Re: Die Hitze ist eine schleichende Gefahr,"Welche Risiken bringen Klimawandel, Hitzesommer, Extremwetter und Cyberangriffe mit sich? Munich-Re-Vorstand Thomas Blunck ordnet das für den Dax-Konzern ein.",https://media0.faz.net/image/w1200h627/1ccb20549e37/w4500h2351x0y324o/202609/43601.0.2498177517/drei-stuerme-ueber-dem-pazifik.webp,2026-09-07T09:40:42Z,,"Bislang sind die Rückversicherer, neben der Munich Re auch die Swiss Re und die Hannover Rück, glimpflich davongekommen. Großschäden durch Naturkatastrophen sind in den vergangenen 18 Monaten selten … [+4164 chars]",,de,'Erderwärmung'
https://kaernten.orf.at/stories/3370162/,https://kaernten.orf.at/stories/3370162/,0,kaernten.orf.at,Alltagsfitte Mobilität gegen den Klimawandel,"Der Verkehr ist als einer der größten Co2-Emittenten ein Hauptverursacher des Klimawandels. Die Frage, wie Mobilität in Kärnten nachhaltiger und gleichzeitig alltagstauglich gestaltet werden kann, ist damit hochrelevant: Zukunftsfitte Antworten liefern Projek…",https://ibs.orf.at/ktn?image=https%3A%2F%2Foekastatic.orf.at%2Fmims%2F2026%2F37%2F61%2Fcrops%2Fw%3D1200%2Ch%3D627%2Cq%3D75%2F3174450_master_1230961_postbus.jpg%3Fs%3D101d7e6eabd8e1f97f0b433fd79af38f6930e1ba,2026-09-07T10:51:46Z,,"Ein Sommer wie damals? Ganz im Gegenteil. Hohe Temperaturen schon im Mai und Juni, die meisten Hitzetage und viele Tropennächte Kärnten hat den heißesten Sommer seit Messbeginn hinter sich, wobei sic… [+3781 chars]",,de,'Klimawandel'
https://www.faz.net/aktuell/gesellschaft/deutlich-zu-warme-nord-und-ostsee-fachen-klimawandel-weiter-an-accg-201201799.html,https://www.faz.net/aktuell/gesellschaft/deutlich-zu-warme-nord-und-ostsee-fachen-klimawandel-weiter-an-accg-201201799.html,0,www.faz.net,Bundesamt: Nord- und Ostsee in diesem Sommer „deutlich“ zu warm,Auch die Meere haben spürbar unter der historischen Hitze dieses Sommers gelitten: Nord- und Ostsee waren deutlich wärmer als sonst. Die hohen Wassertemperaturen schaden einheimischen Arten und fachen den Klimawandel weiter an.,https://media0.faz.net/image/w1200h627/7507bc9ce924/w5993h3131x0y743o/202608/43601.0.2460535603/rund-um-helgoland-herrschte-66.webp,2026-09-07T10:58:47Z,,"Nord- und Ostsee haben sich in diesem Sommer ungewöhnlich stark aufgeheizt. Wie das Bundesamt für Seeschifffahrt und Hydrographie (BSH) am Montag in Hamburg mitteilte, lagen die Wassertemperaturen de… [+1926 chars]",,de,'Hitze'
https://www.teltarif.de/sun-outage-satellitenempfang-astra-empfangsstoerung/news/105883.html,https://www.teltarif.de/sun-outage-satellitenempfang-astra-empfangsstoerung/news/105883.html,0,www.teltarif.de,Sat-Empfang kurz weg? Im Oktober kann die Sonne schuld sein,Im Oktober 2026 kann es durch Sun Outage zu kurzen Störungen beim Satellitenempfang kommen. Dabei steht die Sonne aus Sicht der Empfangsantenne hinter einem geostationären Satelliten und erhöht das Rauschen am Empfänger.,https://www.teltarif.de/img/arch/2026/kw37/sun-outage-satellitenempfang-astra-empfangsstoerung-1og.jpg,2026-09-07T11:00:00Z,,Im Oktober 2026 kann die Sonne kurzzeitig den Satel­liten­empfang stören. Ursache ist ein sogenannter Sun Outage: Aus Sicht der Empfangs­antenne stehen ein geosta­tionärer Satellit und die Sonne nahe… [+2589 chars],,de,'Sonne'
https://www.zeit.de/wirtschaft/2026-09/weinernte-frankreich-duerre-hitze-champagne,https://www.zeit.de/wirtschaft/2026-09/weinernte-frankreich-duerre-hitze-champagne,0,www.zeit.de,Weinernte in Frankreich: Frankreich erlebt eine der schwächsten Weinlesen seit Jahren,Frankreich ist der zweitgrößte Weinproduzent der Welt. Doch extreme Hitze und anhaltende Dürre schmälern die ​französische Ernte. Die Champagne trifft es besonders hart.,https://img.zeit.de/wirtschaft/2026-09/weinernte-frankreich-duerre-hitze-champagne-foto-1/wide__1300x731,2026-09-07T11:25:45Z,,Extreme Hitze und anhaltende Dürre wirken sich deutlich auf die französische Weinlese aus. Besonders hart trifft es die Champagne: Dort dürfte sich die Erntemenge gegenüber dem Vorjahr nahezu halbier… [+2458 chars],,de,'Hitze'
https://www.bild.de/leben-wissen/wissenschaft/helix-nebel-was-das-auge-gottes-wirklich-zeigt-und-wie-es-entstand-6a9e6066181cb962d48864cc,https://www.bild.de/leben-wissen/wissenschaft/helix-nebel-was-das-auge-gottes-wirklich-zeigt-und-wie-es-entstand-6a9e6066181cb962d48864cc,0,www.bild.de,Sensationelles Foto - Zeigt das „Auge Gottes“ die Zukunft unserer Sonne?,"Das „Auge Gottes“ fasziniert mit leuchtenden Farben. Erfahren Sie, wie der Helix-Nebel entstand, was ihn antreibt und was er über die Zukunft unserer Sonne verrät.","https://images.bild.de/6a9e6066181cb962d48864cc/293eda890ef95c00ba8b1120eea4733d,4dca2e29?w=1280",2026-09-07T11:27:42Z,,TTS-Player überspringenArtikel weiterlesenDiese Aufnahme ist spektakulär und sorgt für Gänsehaut. Viele BILD-Leser staunten am Wochenende über das Foto vom sogenannten Auge Gottes. Doch was verbirgt … [+2644 chars],,de,'Sonne'
https://www.morgenpost.de/podcast/article413087390/immer-hertha-ohrwurm-als-tabellenfuehrer.html,https://www.morgenpost.de/podcast/article413087390/immer-hertha-ohrwurm-als-tabellenfuehrer.html,0,www.morgenpost.de,Immer Hertha – Ohrwurm als Tabellenführer,Hertha BSC gewinnt schon wieder und ist Spitzenreiter der Zweiten Liga. Am Platz an der Sonne: der Podcast.,,2026-09-07T12:20:00Z,,"Ein hart erkämpfter Sieg, aber eben doch tatsächlich wieder ein Sieg: Hertha BSC schlägt auch den 1. FC Magdeburg und bleibt in der neuen Saison der Zweiten Liga makellos. Mit dem 2:1 gegen die Sachs… [+599 chars]",,de,'Sonne'
https://www.bild.de/leben-wissen/reisen/preise-in-den-herbstferien-2026-hier-wird-der-urlaub-richtig-teuer-6a9e736c5b4ed46cf0f04fcd,https://www.bild.de/leben-wissen/reisen/preise-in-den-herbstferien-2026-hier-wird-der-urlaub-richtig-teuer-6a9e736c5b4ed46cf0f04fcd,0,www.bild.de,Preishammer in den Ferien - Hier wird Ihr Herbst-Urlaub richtig teuer,"Nach den Sommerferien ist vor den Herbstferien. Wer jetzt Urlaub für den Herbst plant, sollte genau hinschauen.","https://images.bild.de/6a9e736c5b4ed46cf0f04fcd/4663c87a624d8b82e3c44517d132743c,2c8f9b0f?w=1280",2026-09-07T13:02:23Z,,"TTS-Player überspringenArtikel weiterlesenNach den Sommerferien ist vor den Herbstferien. Wer jetzt Urlaub für den Herbst plant, sollte genau hinschauen. Denn nicht die Ferienzeit entscheidet über de… [+3350 chars]",,de,'Sonne'
https://www.faz.net/aktuell/karriere-hochschule/nine-to-five/arzt-forever-mediziner-laesst-sein-arbeitsleben-revue-passieren-accg-201148199.html,https://www.faz.net/aktuell/karriere-hochschule/nine-to-five/arzt-forever-mediziner-laesst-sein-arbeitsleben-revue-passieren-accg-201148199.html,0,www.faz.net,Kolumne „Nine to Five“: Halbgott im Wanderhemd,"Erhitzte Wanderer legen eine wohlverdiente Pause ein. Doch ein Mediziner, der seinem Arbeitsleben nachtrauert, strapaziert die Nerven der Schattensucher.",https://media0.faz.net/image/w1200h627/2181e0c3d0ee/w6144h3210x0y123o/202608/43601.0.2455340773/lieblich-blick-auf-bacharach.webp,2026-09-07T13:06:37Z,,"Knallheiß ist es in der hübschen Kurpfalz. So heiß, dass es dem betagten Wanderer zu Kopf steigt. Er referiert vollmundig über sein früheres Dasein als Arzt. Die anderen Ausflügler, die der gleißende… [+2155 chars]",,de,'Sonne'
https://taz.de/EU-und-Groenland/!6210832/,https://taz.de/EU-und-Groenland/!6210832/,0,taz.de,EU und Grönland: Auf der Suche nach einem Platz an der nordischen Sonne,Der Beziehungsstatus zwischen der Europäischen Union und Grönland ist kompliziert. Nun wagt die EU einen neuen Vorstoß mit einem Millionen-Programm.,https://taz.de/picture/8720899/1200/42008021.jpeg,2026-09-07T15:31:00Z,,Der Beziehungsstatus zwischen der Europäischen Union und Grönland ist kompliziert. Nun wagt die EU einen neuen Vorstoß mit einem Millionen-Programm. mehr...,,de,'Sonne'
https://gwegner.de/video/sonnenfinsternis-2026/,https://gwegner.de/video/sonnenfinsternis-2026/,0,gwegner.de,Sonnenfinsternis 2026 – der Film – mein wohl schwierigstes Foto-Projekt,"Am 12. August 2026 stand ich auf einem gerölligen Hang in Zentralspanien. Neben mir Uli und Oli, vor uns ein alter Turm auf einem Hügel. Und dann ging das Licht aus. Mein neues Video ist online. Es erzählt die ganze Geschichte dieses Projekts: von der Planung…",https://gwegner.de/wp-content/uploads/2026/09/gwegner.de-Sofi-2026_quad.jpg,2026-09-07T18:39:51Z,,"Am 12. August 2026 stand ich auf einem geröl­li­gen Hang in Zen­tral­spa­ni­en. Neben mir Uli und Oli, vor uns ein alter Turm auf einem Hügel. Und dann ging das Licht aus.
Mein neu­es Video ist onli… [+4423 chars]",,de,'Sonne'
https://www.zeit.de/news/2026-09/08/rund-16-000-hitzetote-in-diesem-jahr-und-nun,https://www.zeit.de/news/2026-09/08/rund-16-000-hitzetote-in-diesem-jahr-und-nun,0,www.zeit.de,Hitzebedingte Sterblichkeit: Rund 16.000 Hitzetote in diesem Jahr – und nun?,Hier finden Sie Informationen zu dem Thema „Hitzebedingte Sterblichkeit“. Lesen Sie jetzt „Rund 16.000 Hitzetote in diesem Jahr – und nun?“.,https://img.zeit.de/news/2026-09/08/rund-16-000-hitzetote-in-diesem-jahr-und-nun-image-group/wide__1300x731,2026-09-08T04:00:06Z,,Der Sommer 2026 hat in Sachen Hitze Rekorde gebrochen. Mehrfach kletterten die Temperaturen dem Deutschen Wetterdienst (DWD) deutlich über die 40-Grad-Marke und auch in vielen Sommernächten kühlte es… [+4779 chars],,de,'Erderwärmung'
https://www.tagesspiegel.de/wissen/dpa-hitzebedingte-sterblichkeit-16028929.html,https://www.tagesspiegel.de/wissen/dpa-hitzebedingte-sterblichkeit-16028929.html,0,www.tagesspiegel.de,Hitzebedingte Sterblichkeit: Rund 16.000 Hitzetote in diesem Jahr – und nun?,"Mindestens 16.000 Menschen sind hitzebedingt in diesem Jahr in Deutschland gestorben. Experten erklären, warum viele Todesfälle unentdeckt bleiben – und wie sie verhindert werden könnten.",https://www.tagesspiegel.de/images/16028928/alternates/BASE_16_9_W1400/1788840080000/hitzewarnung.jpeg,2026-09-08T04:01:19Z,,Der Sommer 2026 hat in Sachen Hitze Rekorde gebrochen. Mehrfach kletterten die Temperaturen dem Deutschen Wetterdienst (DWD) deutlich über die 40-Grad-Marke und auch in vielen Sommernächten kühlte es… [+4829 chars],,de,'Hitze'
https://www.tagesspiegel.de/gesundheit/hitzebedingte-sterblichkeit-16028929.html,https://www.tagesspiegel.de/gesundheit/hitzebedingte-sterblichkeit-16028929.html,0,www.tagesspiegel.de,Mehr als 16.000 Hitzetote in diesem Sommer: Was vor der nächsten Hitzewelle getan werden muss,"Das Robert Koch-Institut zählt mindestens 16.000 Hitzetote in diesem Jahr. Die Dunkelziffer dürfte höher liegen. Experten erklären, warum viele Fälle unentdeckt bleiben und wie sich künftig mehr Leben retten lassen.",https://www.tagesspiegel.de/images/16028928/alternates/BASE_16_9_W1400/1788858549000/hitzewarnung.jpeg,2026-09-08T04:01:19Z,,Der Sommer 2026 hat in Sachen Hitze Rekorde gebrochen. Mehrfach kletterten die Temperaturen dem Deutschen Wetterdienst (DWD) deutlich über die 40-Grad-Marke und auch in vielen Sommernächten kühlte es… [+5240 chars],,de,'Erderwärmung'
https://www.zeit.de/news/2026-09/08/noch-einmal-heiss-dann-kommen-kraeftige-gewitter,https://www.zeit.de/news/2026-09/08/noch-einmal-heiss-dann-kommen-kraeftige-gewitter,0,www.zeit.de,Wettervorhersage: Noch einmal heiß - dann kommen kräftige Gewitter,Hier finden Sie Informationen zu dem Thema „Wettervorhersage“. Lesen Sie jetzt „Noch einmal heiß - dann kommen kräftige Gewitter“.,https://img.zeit.de/news/2026-09/08/noch-einmal-heiss-dann-kommen-kraeftige-gewitter-image-group/wide__1300x731,2026-09-08T04:34:52Z,,Baden-Württemberg steht noch einmal ein heißer Spätsommertag bevor: Der Deutsche Wetterdienst erwartet am heutigen Dienstag Höchstwerte von 27 Grad im Hochschwarzwald bis 33 Grad entlang des Rheins. … [+855 chars],,de,'Gewitter'
https://orf.at/stories/3441464/,https://orf.at/stories/3441464/,0,orf.at,Herbst nimmt ersten Anlauf,"Zum voraussichtlich letzten Mal bäumt sich der Sommer auf, der Dienstag bringt meist Höchstwerte über 30 Grad. Ein kräftiges Island-Tief hat aber schon Kurs auf Mitteleuropa genommen und löst die Hitze am Mittwoch von Westen her ab. Mit dabei sind kräftige Sc…",https://ibs.orf.at/news?image=https%3A%2F%2Fassets.orf.at%2Fmims%2F2026%2F37%2F46%2Fcrops%2Fw%3D1200%2Ch%3D630%2Cq%3D75%2F3174674_master_1231046_wetter_vorschau_wechsel_dienstag_coe.jpg%3Fs%3Da898a6e2c16f7ab41e71ee788dc8ecfd907c6087,2026-09-08T07:06:28Z,,"Extremtemperaturen und fehlender Niederschlag haben die vergangenen Monate geprägt wie selten zuvor. So verwundert es nicht, dass auch die ersten September-Tage viel zu warm und zu trocken ausgefalle… [+3292 chars]",,de,'Hitze'
https://www.bild.de/news/wetter/wettersturz-in-deutschland-regenfront-waescht-die-hitze-weg-6a9e7c925b4ed46cf0f050a3,https://www.bild.de/news/wetter/wettersturz-in-deutschland-regenfront-waescht-die-hitze-weg-6a9e7c925b4ed46cf0f050a3,0,www.bild.de,Wettersturz in Deutschland - Regenfront wäscht die Hitze weg,"Erst wird es nochmal richtig heiß, dann kommt die Wetter-Wende mit Gewittern und Starkregen.","https://images.bild.de/6a9e7c925b4ed46cf0f050a3/4f052a6cfbefcf213e88a2faa6c4b604,767c2826?w=1280",2026-09-08T07:14:32Z,,"TTS-Player überspringenArtikel weiterlesenDer Sommer bleibt am Dienstag aber nicht für alle! Während im Süden und vielleicht auch Osten noch einmal die 30-Grad-Marke geknackt wird, rückt von Nordwest… [+3095 chars]",,de,'Gewitter'
https://www.zeit.de/news/2026-09/08/schauer-und-gewitter-bringen-abkuehlung-nach-deutschland,https://www.zeit.de/news/2026-09/08/schauer-und-gewitter-bringen-abkuehlung-nach-deutschland,0,www.zeit.de,Wetter: Schauer und Gewitter bringen Abkühlung nach Deutschland,Hier finden Sie Informationen zu dem Thema „Wetter“. Lesen Sie jetzt „Schauer und Gewitter bringen Abkühlung nach Deutschland“.,https://img.zeit.de/news/2026-09/08/schauer-und-gewitter-bringen-abkuehlung-nach-deutschland-image-group/wide__1300x731,2026-09-08T09:37:36Z,,"Gewitter und Schauer können in der Nacht zu Mittwoch über den Osten und Südwesten Deutschlands ziehen. Im Südwesten seien auch kräftige Gewitter und Unwetter nicht ausgeschlossen, teilte der Deutsche… [+854 chars]",,de,'Gewitter'
https://www.zeit.de/zeit-magazin/wochenmarkt/2026-09/zitronen-basilikum-posset-rezept-dessert-wochenmarkt,https://www.zeit.de/zeit-magazin/wochenmarkt/2026-09/zitronen-basilikum-posset-rezept-dessert-wochenmarkt,0,www.zeit.de,Zitronen-Basilikum-Posset: Britischer geht Dessert gar nicht,"Schon Shakespeare ließ seine Helden Possets verschlingen, manchmal war das Dessert vergiftet. Diese Version ist harmlos, fix gemacht – und die Sahne herrlich geschmeidig.",https://img.zeit.de/zeit-magazin/wochenmarkt/2026-09/zitronen-basilikum-posset-angelika-schwaff2-bild/wide__1300x731,2026-09-08T10:03:45Z,,"Diese gefüllten Zitronenschiffchen wecken bei mir sofort wohlige Siebzigerjahre-Nostalgie. Sie erinnern mich an meine Kindheit, als Eiscreme in ausgehöhlten Früchten der Gipfel eines Sommernachmittag… [+828 chars]",,de,'Eiscreme'
https://www.n-tv.de/panorama/16-300-Hitzetote-und-die-Frage-nach-dem-Wie-weiter-id31280778.html,https://www.n-tv.de/panorama/16-300-Hitzetote-und-die-Frage-nach-dem-Wie-weiter-id31280778.html,0,www.n-tv.de,"Wenig Schutz vor Extremwetter: 16.300 Hitzetote und die Frage nach dem ""Wie weiter?""","2026 ist heiß, an vielen Tagen sogar unerträglich heiß. Nicht nur, dass ein neuer Temperaturrekord aufgestellt wird, er wird gleich wieder übertroffen. Das hat außergewöhnlich viele Todesfälle zur Folge. Was man dazu wissen muss.",https://www.n-tv.de/img/31282932/1788873888/Img_16_9/1200/imago0864129976h.jpg,2026-09-08T12:40:29Z,,"In diesem Jahr gab es besonders viele Hitzetage. (Foto: IMAGO/Wolfgang Maria Weber)
2026 ist heiß, an vielen Tagen sogar unerträglich heiß. Nicht nur, dass ein neuer Temperaturrekord aufgestellt wir… [+5092 chars]",,de,'Erderwärmung'
https://www.urlaubspiraten.de/pauschalreisen/tuerkei-aquasis-de-luxe-resort,https://www.urlaubspiraten.de/pauschalreisen/tuerkei-aquasis-de-luxe-resort,0,www.urlaubspiraten.de,XL-Rutschenparadies & All Inclusive Plus an der Ägäis ,"Ahoi Piraten! ‍☠️Ihr wollt im Herbst nochmal Sonne tanken und sucht noch nach einer Anlage, bei der die Kids aus dem Staunen nicht mehr herauskommen? Das 5*-Aquasis De Luxe Resort & Spa in Didim gehört mit tausenden Spitzenbewertungen zu den absoluten Famil…",https://image.urlaubspiraten.de/720/image/upload/v1788857976/Impressions%20and%20Other%20Assets/aquasis-hotel-pool3-1024x682_mf9cpd.jpg,2026-09-08T12:55:00Z,,"Zusätzliche Informationen
Aquasis De Luxe Resort &amp; Spa 
Eines der beliebtesten Resorts an der Türkischen Ägäis. Wer eine weitläufige Anlage mit gigantischer Pool-Landschaft, eigener Bucht und R… [+1765 chars]",,de,'Sonne'
https://www.zeit.de/news/2026-09/09/bis-zu-19-grad-im-norden-wo-es-zu-starken-gewittern-kommt,https://www.zeit.de/news/2026-09/09/bis-zu-19-grad-im-norden-wo-es-zu-starken-gewittern-kommt,0,www.zeit.de,Wetter: Bis zu 19 Grad im Norden – wo es zu starken Gewittern kommt,Hier finden Sie Informationen zu dem Thema „Wetter“. Lesen Sie jetzt „Bis zu 19 Grad im Norden – wo es zu starken Gewittern kommt“.,https://img.zeit.de/news/2026-09/09/bis-zu-19-grad-im-norden-wo-es-zu-starken-gewittern-kommt-image-group/wide__1300x731,2026-09-09T05:05:18Z,,"In Schleswig-Holstein und Hamburg wird das Wetter am Mittwoch wechselhaft. Nach Angaben des Deutschen Wetterdienstes (DWD) ist der Himmel wechselnd bis stark bewölkt, dazu gibt es Schauer und einzeln… [+1554 chars]",,de,'Gewitter'
https://www.zeit.de/news/2026-09/09/wann-in-mecklenburg-vorpommern-gewitter-drohen,https://www.zeit.de/news/2026-09/09/wann-in-mecklenburg-vorpommern-gewitter-drohen,0,www.zeit.de,Wetter: Wann in Mecklenburg-Vorpommern Gewitter drohen,Hier finden Sie Informationen zu dem Thema „Wetter“. Lesen Sie jetzt „Wann in Mecklenburg-Vorpommern Gewitter drohen“.,https://img.zeit.de/news/2026-09/09/wann-in-mecklenburg-vorpommern-gewitter-drohen-image-group/wide__1300x731,2026-09-09T05:29:43Z,,In Mecklenburg-Vorpommern können sich die Menschen auf wechselhaftes Wetter einstellen. Nach Angaben des Deutschen Wetterdienstes (DWD) ziehen zunächst Regenwolken ostwärts ab. Am Nachmittag und Aben… [+1357 chars],,de,'Gewitter'
https://www.zeit.de/news/2026-09/09/abkuehlung-in-nrw-auch-schauer-und-gewitter-moeglich,https://www.zeit.de/news/2026-09/09/abkuehlung-in-nrw-auch-schauer-und-gewitter-moeglich,0,www.zeit.de,Wettervorhersage: Abkühlung in NRW – auch Schauer und Gewitter möglich,Hier finden Sie Informationen zu dem Thema „Wettervorhersage“. Lesen Sie jetzt „Abkühlung in NRW – auch Schauer und Gewitter möglich“.,https://img.zeit.de/news/2026-09/09/abkuehlung-in-nrw-auch-schauer-und-gewitter-moeglich-image-group/wide__1300x731,2026-09-09T05:42:03Z,,"Zur Wochenmitte wird das Wetter in Nordrhein-Westfalen wechselhaft. Im Laufe des Tages nehmen die Wolken zu - ab mittags ziehen von Nordwesten Schauer auf, wie der Deutsche Wetterdienst (DWD) mitteil… [+924 chars]",,de,'Gewitter'
https://www.faz.net/aktuell/wissen/erde-klima/overshoot-szenario-wie-realistisch-sind-die-plaene-accg-201197403.html,https://www.faz.net/aktuell/wissen/erde-klima/overshoot-szenario-wie-realistisch-sind-die-plaene-accg-201197403.html,0,www.faz.net,Overshoot-Szenario: Realitätscheck für die neuen Klimaziele,"Die Vereinten Nationen verbreiten Optimismus, dass die Erderwärmung nach dem Überschießen wieder auf 1,5 Grad zurückgeführt werden kann. Was heißt das für die kommenden Generationen?",https://media0.faz.net/image/w1200h627/21ffbbb172e9/w7971h4164x0y575o/202512/43601.0.1604440875/container-mit-verfluessigtem.webp,2026-09-09T05:52:29Z,,Die Vereinten Nationen (UN) haben vor wenigen Tagen ein kollektives Versagen festgestellt und ein neues Versprechen in die Welt gesetzt. Das Versagen bezieht sich auf das Pariser Klimaabkommen: Mögli… [+7005 chars],,de,'Erderwärmung'
https://www.zeit.de/news/2026-09/09/kinder-bei-unwetter-in-freiburg-verletzt,https://www.zeit.de/news/2026-09/09/kinder-bei-unwetter-in-freiburg-verletzt,0,www.zeit.de,Gewitter: Kinder bei Unwetter in Freiburg verletzt,Hier finden Sie Informationen zu dem Thema „Gewitter“. Lesen Sie jetzt „Kinder bei Unwetter in Freiburg verletzt“.,https://img.zeit.de/news/2026-09/09/kinder-bei-unwetter-in-freiburg-verletzt-image-group/wide__1300x731,2026-09-09T07:07:48Z,,"Unwetter über Teilen Süddeutschlands haben Schäden angerichtet, mehrere Menschen wurden verletzt. In Baden-Württemberg gab es in Freiburg mindestens drei Verletzte, darunter zwei Kinder. Die Kinder t… [+1874 chars]",,de,'Gewitter'
https://www.morgenpost.de/panorama/article413107392/hitze-volle-straende-immer-mehr-griechenland-urlauber-weichen-auf-herbst-aus.html,https://www.morgenpost.de/panorama/article413107392/hitze-volle-straende-immer-mehr-griechenland-urlauber-weichen-auf-herbst-aus.html,0,www.morgenpost.de,Hitze und volle Strände: Immer mehr Griechenland-Urlauber weichen auf Herbst aus,Griechenland ändert seinen Reise-Rhythmus: Immer mehr Urlauber kommen lieber im Herbst nach Hellas und Co. – Fluggesellschaften reagieren.,https://img.sparknews.funkemedien.de/413107907/413107907_1788961794_v16_9_1600.jpeg,2026-09-09T13:49:55Z,,"Juli und August sind die klassischen Urlaubsmonate in Griechenland. Aber während auf den Inseln früher im September die Nachsaison begann, wird der Herbst zunehmend zu einer eigenen Reisezeit. Flugge… [+3259 chars]",,de,'Hitze'
https://www.tagesspiegel.de/wissen/dpa-klima-16037335.html,https://www.tagesspiegel.de/wissen/dpa-klima-16037335.html,0,www.tagesspiegel.de,Klima: Wärmster August weltweit – Meere auf Rekordtemperatur,"Extreme Hitze, Trockenheit und große Waldbrände prägten den Sommer 2026 in Westeuropa. Was die weltweiten Klimadaten zeigen und welche Folgen der EU-Klimadienst Copernicus für Mensch und Natur sieht.",https://www.tagesspiegel.de/images/16037334/alternates/BASE_16_9_W1400/1789005823000/august-bilanz-des-klimadienstes-copernicus.jpeg,2026-09-10T02:03:42Z,,"Der vergangene Monat ist der weltweit wärmste August seit Beginn der Aufzeichnungen gewesen. Mit einer globalen durchschnittlichen Lufttemperatur von 16,96 Grad Celsius war er zudem der wärmste jemal… [+3678 chars]",,de,'Hitzerekord'
https://www.tagesspiegel.de/wissen/dpa-meeresoberflache-so-warm-wie-nie-august-2026-war-der-heisseste-je-gemessene-monat-16037335.html,https://www.tagesspiegel.de/wissen/dpa-meeresoberflache-so-warm-wie-nie-august-2026-war-der-heisseste-je-gemessene-monat-16037335.html,0,www.tagesspiegel.de,Meeresoberfläche so warm wie nie: August 2026 war der heißeste je gemessene Monat,"Extreme Hitze, Trockenheit und große Waldbrände prägten den Sommer 2026 in Westeuropa. Was die weltweiten Klimadaten zeigen und welche Folgen der EU-Klimadienst Copernicus für Mensch und Natur sieht.",https://www.tagesspiegel.de/images/16037334/alternates/BASE_16_9_W1400/1789005823000/august-bilanz-des-klimadienstes-copernicus.jpeg,2026-09-10T02:03:42Z,,"Der vergangene Monat ist der weltweit wärmste August seit Beginn der Aufzeichnungen gewesen. Mit einer globalen durchschnittlichen Lufttemperatur von 16,96 Grad Celsius war er zudem der wärmste jemal… [+3896 chars]",,de,'Hitze'
https://www.zeit.de/news/2026-09/10/milder-herbsttag-mit-sonne,https://www.zeit.de/news/2026-09/10/milder-herbsttag-mit-sonne,0,www.zeit.de,Wetter: Milder Herbsttag mit Sonne,Hier finden Sie Informationen zu dem Thema „Wetter“. Lesen Sie jetzt „Milder Herbsttag mit Sonne“.,https://img.zeit.de/news/2026-09/10/milder-herbsttag-mit-sonne-image-group/wide__1300x731,2026-09-10T02:15:04Z,,"Freundliches Herbstwetter lädt heute bayernweit zum Spaziergang oder zu anderen Freizeitaktivitäten im Freien ein. Der Deutsche Wetterdienst (DWD) rechnet mit Sonne, lockeren Quellwolken und milden T… [+511 chars]",,de,'Sonne'
https://www.zeit.de/news/2026-09/10/grill-und-freibad-am-wochenende-hier-wird-es-bald-sehr-warm,https://www.zeit.de/news/2026-09/10/grill-und-freibad-am-wochenende-hier-wird-es-bald-sehr-warm,0,www.zeit.de,Wettervorhersage: Grill und Freibad am Wochenende? Hier wird es bald sehr warm,Hier finden Sie Informationen zu dem Thema „Wettervorhersage“. Lesen Sie jetzt „Grill und Freibad am Wochenende? Hier wird es bald sehr warm“.,https://img.zeit.de/news/2026-09/10/grill-und-freibad-am-wochenende-hier-wird-es-bald-sehr-warm-image-group/wide__1300x731,2026-09-10T03:58:50Z,,"Die Regenjacke darf in Baden-Württemberg erst mal im Schrank bleiben: In den nächsten Tagen zeigt sich der Himmel meist freundlich, nur ganz vereinzelt könnten ein paar Tropfen fallen. Das geht aus d… [+1704 chars]",,de,'Freibad'
https://www.faz.net/aktuell/wissen/erde-klima/waermster-august-weltweit-meere-auf-rekordtemperatur-accg-201212346.html,https://www.faz.net/aktuell/wissen/erde-klima/waermster-august-weltweit-meere-auf-rekordtemperatur-accg-201212346.html,0,www.faz.net,Klimawandel: Wärmster August weltweit – Meere auf Rekordtemperatur,"Extreme Hitze, Trockenheit und große Waldbrände prägten den Sommer 2026 in Westeuropa. Was die weltweiten Klimadaten zeigen und welche Folgen der EU-Klimadienst Copernicus für Mensch und Natur sieht.",https://media0.faz.net/image/w1200h627/7c8bc1408b35/w3531h1844x0y255o/202609/43601.0.2533425340/im-juli-erlebte-frankreich.webp,2026-09-10T04:15:44Z,,"Der vergangene Monat ist der weltweit wärmste August seit Beginn der Aufzeichnungen gewesen. Mit einer globalen durchschnittlichen Lufttemperatur von 16,96 Grad Celsius war er zudem der wärmste jemal… [+3575 chars]",,de,'Hitzerekord'
https://www.zeit.de/news/2026-09/10/ruhiges-herbstwetter-bringt-sonne-und-kuehle-naechten,https://www.zeit.de/news/2026-09/10/ruhiges-herbstwetter-bringt-sonne-und-kuehle-naechten,0,www.zeit.de,Wetter-Vorhersage: Ruhiges Herbstwetter bringt Sonne und kühle Nächten,Hier finden Sie Informationen zu dem Thema „Wetter-Vorhersage“. Lesen Sie jetzt „Ruhiges Herbstwetter bringt Sonne und kühle Nächten“.,https://img.zeit.de/news/2026-09/10/ruhiges-herbstwetter-bringt-sonne-und-kuehle-naechten-image-group/wide__1300x731,2026-09-10T04:42:01Z,,Zunehmend sonnig und zwischen 18 und 23 Grad warm wird es nach der Vorhersage des Deutschen Wetterdiensts (DWD) heute in Hessen. Zunächst müssen sich allerdings der Nebel auflösen und die vorhandenen… [+800 chars],,de,'Sonne'
https://www.zeit.de/news/2026-09/10/herbstwetter-mit-sonne-und-milden-temperaturen-kaum-regen,https://www.zeit.de/news/2026-09/10/herbstwetter-mit-sonne-und-milden-temperaturen-kaum-regen,0,www.zeit.de,Wetter-Vorhersage: Herbstwetter mit Sonne und milden Temperaturen - kaum Regen,Hier finden Sie Informationen zu dem Thema „Wetter-Vorhersage“. Lesen Sie jetzt „Herbstwetter mit Sonne und milden Temperaturen - kaum Regen“.,https://img.zeit.de/news/2026-09/10/herbstwetter-mit-sonne-und-milden-temperaturen-kaum-regen-image-group/wide__1300x731,2026-09-10T05:04:32Z,,"Erst ist es neblig und wolkig, dann kommt zunehmend die Sonne heraus: Der Deutsche Wetterdienst (DWD) sagt für Rheinland-Pfalz und das Saarland ruhiges Herbstwetter vorher. Die Höchsttemperaturen lie… [+803 chars]",,de,'Sonne'
https://www.zeit.de/news/2026-09/10/sonne-wolken-mix-mit-wenig-regen-in-nrw-erwartet,https://www.zeit.de/news/2026-09/10/sonne-wolken-mix-mit-wenig-regen-in-nrw-erwartet,0,www.zeit.de,Wetter: Sonne-Wolken-Mix mit wenig Regen in NRW erwartet,Hier finden Sie Informationen zu dem Thema „Wetter“. Lesen Sie jetzt „Sonne-Wolken-Mix mit wenig Regen in NRW erwartet“.,https://img.zeit.de/news/2026-09/10/sonne-wolken-mix-mit-wenig-regen-in-nrw-erwartet-image-group/wide__1300x731,2026-09-10T06:30:11Z,,"Auf die Menschen in NRW kommt in den kommenden Tagen eher wechselhaftes Wetter zu. Nach einem grauen Start in den Tag wird es heute zunehmend heiter, wie der Deutsche Wetterdienst (DWD) mitteilte. Di… [+671 chars]",,de,'Sonne'
https://www.zeit.de/news/2026-09/10/hitze-und-trockenheit-belasten-saechsische-ernteergebnisse,https://www.zeit.de/news/2026-09/10/hitze-und-trockenheit-belasten-saechsische-ernteergebnisse,0,www.zeit.de,Ernte: Hitze und Trockenheit belasten sächsische Ernteergebnisse,Hier finden Sie Informationen zu dem Thema „Ernte“. Lesen Sie jetzt „Hitze und Trockenheit belasten sächsische Ernteergebnisse“.,https://img.zeit.de/news/2026-09/10/hitze-und-trockenheit-belasten-saechsische-ernteergebnisse-image-group/wide__1300x731,2026-09-10T08:24:23Z,,Die diesjährige Ernte schlägt den sächsischen Bauern ins Kontor. Denn Hitze und Trockenheit schmälern Ertrag und Qualität. «Für viele Getreidekulturen sowie für den Raps führten Temperaturen von mehr… [+2585 chars],,de,'Hitze'
https://www.diepresse.com/41231558/eis-und-feuer-mathematiker-sind-dem-klimawandel-in-der-tundra-auf-der,https://www.diepresse.com/41231558/eis-und-feuer-mathematiker-sind-dem-klimawandel-in-der-tundra-auf-der,0,www.diepresse.com,Eis und Feuer: Mathematiker sind dem Klimawandel in der Tundra auf der Spur [premium],"Linzer Forscher entwickeln Modelle, um die Auswirkungen der Erderwärmung auf die Böden und Vegetation der Tundra zu berechnen. Hier kommt es vermehrt zu Bränden, was die Pflanzenwelt und damit die Kohlenstoffflüsse verändert.",https://img.diepresse.com/public/incoming/5wyexq-imagost0807083400010074791287jpg/alternates/WEBP_WIDE_1200/imago_st_0807_08340001_0074791287.jpg,2026-09-10T09:00:00Z,,"Schmelzende Eisberge, auftauende Permafrostböden, steigende Temperaturen: Die Folgen des Klimawandels fallen für die Arktis besonders stark aus. Mit weitreichenden ökologischen Folgen. Die Tundra-Böd… [+3200 chars]",,de,'Erderwärmung'
https://www.faz.net/aktuell/rhein-main/frankfurt/sommer-2026-offenbach-stellt-sonnenrekord-auf-accg-201182981.html,https://www.faz.net/aktuell/rhein-main/frankfurt/sommer-2026-offenbach-stellt-sonnenrekord-auf-accg-201182981.html,0,www.faz.net,Sommer in Hessen: Die meisten Sonnentage gab es in Offenbach,"Der vergangene Sommer brachte Rekordtemperaturen und eine bisher unerreichte Zahl heißer Tage. Auch Menschen, die Sonnenschein lieben, machten sich Sorgen. Und fragen sich nun, was die Zukunft bringt.",https://media0.faz.net/image/w1200h627/5e951058e581/w3746h1957x0y75o/202608/43601.0.2440587932/wasserstrasse-mit-wenig-wasser.webp,2026-09-10T10:51:15Z,,"Man kann auf den zurückliegenden Sommer, also die Monate Juni, Juli und August, ganz nüchtern schauen. Zum Beispiel die nackten Zahlen betrachten: In Frankfurt lag die Durchschnittstemperatur für die… [+3985 chars]",,de,'Sonne'
https://www.zeit.de/wissenschaft/umwelt/2026-09/kinder-klimawandel-klimafolgen-hitzeschutz-diakonie-greenpeace-gxe,https://www.zeit.de/wissenschaft/umwelt/2026-09/kinder-klimawandel-klimafolgen-hitzeschutz-diakonie-greenpeace-gxe,0,www.zeit.de,Kinder und Klimawandel: Bündnis fordert mehr Schutz für Kinder in der Klimakrise,"Ein Zusammenschluss von rund 80 Organisationen verlangt Hitzeschutz in Schulen, Kitas und Jugendhilfeeinrichtungen. Junge Menschen sollen politisch stärker mitbestimmen.",https://img.zeit.de/wissenschaft/umwelt/2026-09/kinder-klimawandel-klimafolgen-hitzeschutz-diakonie-greenpeace-foto-1/wide__1300x731,2026-09-10T10:57:50Z,,"Ein Bündnis aus rund 80 Organisationen und Verbänden hat besseren Schutz von Kindern und Jugendlichen vor den Folgen der Erderwärmung gefordert. »Sie tragen am wenigsten Verantwortung für die Krise, … [+2861 chars]",,de,'Hitze'
https://www.zeit.de/news/2026-09/11/hitze-verursacht-schaeden-an-strassen-in-hessen,https://www.zeit.de/news/2026-09/11/hitze-verursacht-schaeden-an-strassen-in-hessen,0,www.zeit.de,Umfrage: Hitze verursacht Schäden an Straßen in Hessen,Hier finden Sie Informationen zu dem Thema „Umfrage“. Lesen Sie jetzt „Hitze verursacht Schäden an Straßen in Hessen“.,https://img.zeit.de/news/2026-09/11/hitze-verursacht-schaeden-an-strassen-in-hessen-image-group/wide__1300x731,2026-09-11T01:45:05Z,,"Der Sommer hat nicht nur in der Natur Spuren hinterlassen, die Hitze hat auch Schäden an den Straßen in Hessen verursacht. Die Autobahnen sind davon stärker betroffen als andere Verkehrsstraßen, wie … [+1199 chars]",,de,'Hitze'
https://www.diepresse.com/41251296/arbeitsmarkt-der-zukunft-diese-berufe-haben-gute-chancen,https://www.diepresse.com/41251296/arbeitsmarkt-der-zukunft-diese-berufe-haben-gute-chancen,0,www.diepresse.com,Arbeitsmarkt der Zukunft: Diese Berufe haben gute Chancen [premium],"Hitze & Co verändern die Arbeitswelt, so wie KI: In welchen Bereichen der Mensch langfristig gefragt ist.",https://img.diepresse.com/public/incoming/j2jzkm-2026-06-19t083512z61913564rc2wwla5vurirtrmadp3europe-weather-france-heatjpg/alternates/WEBP_WIDE_1200/2026-06-19T083512Z_61913564_RC2WWLA5VURI_RTRMADP_3_EUROPE-WEATHER-FRANCE-HEAT.JPG,2026-09-11T08:30:04Z,,"Die Wiener Stadtgärten bilden seit Ende August innovative Klimagärtner aus. Sie setzen robuste Bäume und Stauden, die Hitze wie Trockenheit widerstehen, und begrünen gezielt Fassaden mit einem klaren… [+6225 chars]",,de,'Siesta'
https://www.zeit.de/news/2026-09/11/hitze-und-trockenheit-schlecht-fuer-mais-und-kartoffeln,https://www.zeit.de/news/2026-09/11/hitze-und-trockenheit-schlecht-fuer-mais-und-kartoffeln,0,www.zeit.de,Bilanz Landwirtschaftsverband: Hitze und Trockenheit schlecht für Mais und Kartoffeln,Hier finden Sie Informationen zu dem Thema „Bilanz Landwirtschaftsverband“. Lesen Sie jetzt „Hitze und Trockenheit schlecht für Mais und Kartoffeln“.,https://img.zeit.de/news/2026-09/11/hitze-und-trockenheit-schlecht-fuer-mais-und-kartoffeln-image-group/wide__1300x731,2026-09-11T09:00:05Z,,"Nach dem fehlenden Regen und der großen Hitze im Sommer verbuchen Landwirte in Westfalen-Lippe Einbußen bei der Ernte von Mais, Kartoffeln und Zuckerrüben. Der Präsident des Westfälisch-Lippischen La… [+1555 chars]",,de,'Hitze'
https://www.zeit.de/news/2026-09/11/was-bei-hitze-mit-fahrbahnen-geschieht,https://www.zeit.de/news/2026-09/11/was-bei-hitze-mit-fahrbahnen-geschieht,0,www.zeit.de,Autobahnen besonders betroffen: Was bei Hitze mit Fahrbahnen geschieht,Hier finden Sie Informationen zu dem Thema „Autobahnen besonders betroffen“. Lesen Sie jetzt „Was bei Hitze mit Fahrbahnen geschieht“.,https://img.zeit.de/news/2026-09/11/was-bei-hitze-mit-fahrbahnen-geschieht-image-group/wide__1300x731,2026-09-11T09:23:56Z,,"Welche Schäden Hitze an Straßen anrichtet, ist abhängig von deren Verkehrsbelastung und Belag. Beton dehne sich bei Hitze aus, erläutert die Autobahn GmbH, die im Auftrag des Bundes die deutschen Aut… [+1022 chars]",,de,'Hitze'
https://www.n-tv.de/wissen/Merkur-schrumpft-staerker-als-gedacht-id31294980.html,https://www.n-tv.de/wissen/Merkur-schrumpft-staerker-als-gedacht-id31294980.html,0,www.n-tv.de,Mehr als 20 Kilometer verloren: Merkur schrumpft stärker als gedacht,Der Merkur ist der kleinste Planet des Sonnensystems - und schrumpft weiter. Eine neue Studie aus Japan und Deutschland beziffert den Schwund in den vergangenen Jahrmilliarden auf über 23 Kilometer Durchmesser. Das könnte Aufschluss über das Innere des Planet…,https://www.n-tv.de/img/31295041/1789122759/Img_16_9/1200/481506055.jpg,2026-09-11T10:01:27Z,,"Mehr als 20 Kilometer verlorenMerkur schrumpft stärker als gedacht
Aufnahme der Merkuroberfläche von einem früheren Vorbeiflug von Bepicolombo. (Foto: picture alliance / Cover Images)
Der Merkur is… [+4088 chars]",,de,'Sonne'
https://www.zeit.de/news/2026-09/11/wochenendwetter-bringt-sonne-und-regen,https://www.zeit.de/news/2026-09/11/wochenendwetter-bringt-sonne-und-regen,0,www.zeit.de,Wetter-Vorhersage: Wochenendwetter bringt Sonne und Regen,Hier finden Sie Informationen zu dem Thema „Wetter-Vorhersage“. Lesen Sie jetzt „Wochenendwetter bringt Sonne und Regen“.,https://img.zeit.de/news/2026-09/11/wochenendwetter-bringt-sonne-und-regen-image-group/wide__1300x731,2026-09-11T10:11:54Z,,"Das passende Wetter für einen Wochenendausflug gibt es nach der Vorhersage des Deutschen Wetterdiensts (DWD) am ehesten am Samstag. Es ist überwiegend trocken, die Sonne scheint vor allem im Süden: «… [+1409 chars]",,de,'Sonne'
https://www.tagesspiegel.de/gesellschaft/panorama/dpa-wetter-vorhersage-16041849.html,https://www.tagesspiegel.de/gesellschaft/panorama/dpa-wetter-vorhersage-16041849.html,0,www.tagesspiegel.de,Wetter-Vorhersage: Wochenendwetter bringt Sonne und Regen,Der Samstag lockt mit Temperaturen bis 27 Grad nach draußen – doch am Sonntag wird es vielerorts nass und kühler. Es gibt aber eine Ausnahme.,https://www.tagesspiegel.de/images/16041848/alternates/BASE_16_9_W1400/1789121571000/wetter-in-baden-wurttemberg-spazierganger.jpeg,2026-09-11T10:12:51Z,,"Das passende Wetter für einen Wochenendausflug gibt es nach der Vorhersage des Deutschen Wetterdiensts (DWD) am ehesten am Samstag. Es ist überwiegend trocken, die Sonne scheint vor allem im Süden: A… [+1461 chars]",,de,'Sonne'
https://www.bild.de/news/wetter/die-stroemung-dreht-auf-suedwest-so-warm-wird-es-diese-woche-noch-6aa3c18f0f417ae59102e5c1,https://www.bild.de/news/wetter/die-stroemung-dreht-auf-suedwest-so-warm-wird-es-diese-woche-noch-6aa3c18f0f417ae59102e5c1,0,www.bild.de,Azorenhoch schickt Warmluft aus Spanien - Altweibersommer bringt Sonne und bis zu 30 Grad,Ein Azorenhoch aus Spanien bringt den Altweibersommer nach Deutschland,"https://images.bild.de/6aa3c18f0f417ae59102e5c1/04a44ccc1107cabc75c267ae152c3201,3b17c015?w=1280",2026-09-11T10:27:52Z,,TTS-Player überspringenArtikel weiterlesenDer Herbst lässt noch auf sich warten: In Deutschland wird es noch einmal kurz sommerlich warm. Vor allem im Süden und Südwesten steigen die Temperaturen in … [+2122 chars],,de,'Sonne'
https://www.sueddeutsche.de/bayern/bayern-trockenheit-hitze-almwirtschaft-li.3545991,https://www.sueddeutsche.de/bayern/bayern-trockenheit-hitze-almwirtschaft-li.3545991,0,www.sueddeutsche.de,Extremes Hitzejahr: Wassermangel prägte auch den Sommer in den Alpen,"Kaum Schnee, kaum Regen, leere Brunnen und spärlicher Bewuchs: Die Bauern am Alpenrand mussten ihre Tiere mit viel Mühe durch die Sommermonate bringen. Am Klimawandel zweifeln sie nicht.",https://www.sueddeutsche.de/2026/09/11/ffa39612-ff58-421e-843b-d1825f3dfe10.jpg?q=60&fm=webp&width=1200&rect=0%2C89%2C4000%2C2250,2026-09-11T10:48:16Z,,"Im Allgäu finden in den kommenden Wochen die traditionellen Viehscheide statt. Am Freitag starteten die volksfestähnlichen Veranstaltungen, bei denen die Rinder oft prachtvoll geschmückt ins Tal gefü… [+2341 chars]",,de,'Klimawandel'
https://www.faz.net/aktuell/wissen/weltraum/beteigeuze-das-detailreichste-bild-des-riesensterns-201178533.html,https://www.faz.net/aktuell/wissen/weltraum/beteigeuze-das-detailreichste-bild-des-riesensterns-201178533.html,0,www.faz.net,Beteigeuze im Bild: Ein Stern voller Beulen,"Ein neues Bild des Sterns Beteigeuze im Orion offenbart eine Oberfläche, die deutlich von der Form einer ebenmäßigen, nur leicht abgeplatteten Kugel abweicht, wie sie die Sonne zeigt. Obendrein hat der Stern heiße Flecken.",https://media0.faz.net/image/w1200h627/f72eee44d1ba/w1500h783x0y358o/202608/43601.0.2488303570/nicht-eben-rund-beteigeuze-im.webp,2026-09-11T13:02:16Z,,"Planeten wie Mars oder Jupiter erscheinen im Fernrohr zumindest als kleine Scheiben, auf denen eine ausreichend starke Optik auch Details wie Eiskappen oder Wolkenbänder sichtbar zu machen vermag. Di… [+3080 chars]",,de,'Sonne'
https://ooe.orf.at/stories/3370819/,https://ooe.orf.at/stories/3370819/,0,ooe.orf.at,Freibäder melden starkes Sommerplus,Die Freibäder in Oberösterreich haben heuer deutlich mehr Gäste gezählt als im Vorjahr. Betreiberinnen und Betreiber berichten von vielen Sonnentagen und gut besuchten Anlagen. In Linz kamen von Mai bis Ende August um 16 Prozent mehr Badegäste als 2025.,https://ibs.orf.at/ooe?image=https%3A%2F%2Foekastatic.orf.at%2Fmims%2F2026%2F37%2F11%2Fcrops%2Fw%3D1200%2Ch%3D627%2Cq%3D75%2F3179736_master_1233111_260911_ooeh_bilanz_freibaeder_00_00_02_16.jpg%3Fs%3D81585a148f86e19a1ff936875e3b84b2993fcb4e,2026-09-11T17:01:43Z,,"Im Solarbad Altmünster fiel die Zwischenbilanz besonders positiv aus. Betreiberin Eleonore Schütze spricht von einem deutlichen Plus bei den Besucherzahlen. Ungefähr 13 Prozent. Das ist mehr, und das… [+2098 chars]",,de,'Sonne'
https://www.zeit.de/news/2026-09/12/noch-einmal-freibadwetter-dann-kommt-die-kaltfront,https://www.zeit.de/news/2026-09/12/noch-einmal-freibadwetter-dann-kommt-die-kaltfront,0,www.zeit.de,Wetterbericht: Noch einmal Freibadwetter – dann kommt die Kaltfront,Hier finden Sie Informationen zu dem Thema „Wetterbericht“. Lesen Sie jetzt „Noch einmal Freibadwetter – dann kommt die Kaltfront“.,https://img.zeit.de/news/2026-09/12/noch-einmal-freibadwetter-dann-kommt-die-kaltfront-image-group/wide__1300x731,2026-09-12T03:30:05Z,,"Wer noch einmal ins kühle Becken springen will, sollte die Gelegenheit zügig nutzen: Der Deutschen Wetterdienst (DWD) erwartet ab Mitte kommender Woche eine Kaltfront. Zuvor dürfte sich Baden-Württem… [+1305 chars]",,de,'Freibad'
https://www.kino.de/news/einer-der-besten-filme-ueberhaupt-ist-jetzt-bei-prime-video-verfuegbar-der-sogar-das-original-in-den-schatten-stellt--01M294JCHFRD05AS3DKNWJ565W,https://www.kino.de/news/einer-der-besten-filme-ueberhaupt-ist-jetzt-bei-prime-video-verfuegbar-der-sogar-das-original-in-den-schatten-stellt--01M294JCHFRD05AS3DKNWJ565W,0,www.kino.de,Einer der besten Filme überhaupt ist jetzt bei Prime Video verfügbar – der sogar das Original in den Schatten stellt,"„Departed – Unter Feinden“ verbindet Mafiafilm, Polizeithriller und psychologisches Drama zu einem der intensivsten Crime-Filme der 2000er Jahre.",https://static.kino.de/79/28/0d/71b0432d9e46739e700283c2bb_cmUgMTkyMCAxMDgwAzc4NzAyZTdlMDNi.jpg,2026-09-12T09:00:00Z,,"Departed Unter Feinden verbindet Mafiafilm, Polizeithriller und psychologisches Drama zu einem der intensivsten Crime-Filme der 2000er Jahre.
Martin Scorsese drehte in seiner Karriere zahlreiche Gan… [+3070 chars]",,de,'Schatten'
https://www.diepresse.com/41255435/bildungsminister-widerkehr-gegen-kuerzere-sommerferien,https://www.diepresse.com/41255435/bildungsminister-widerkehr-gegen-kuerzere-sommerferien,0,www.diepresse.com,Bildungsminister Widerkehr gegen kürzere Sommerferien,"Für eine Verkürzung der Sommerferien sprach sich Wirtschaftskammer-Präsidentin Schultz aus. Doch Wiederkehr erteilt der Idee eine Absage: „Kinder und Jugendliche brauchen ausreichend Zeit, um Kraft und Energie zu tanken.“",https://img.diepresse.com/public/incoming/7h0w6j-22730394794692190bldhiresjpg/alternates/WEBP_WIDE_1200/22730394794692190_BLD_HiRes.jpg,2026-09-12T10:44:02Z,,"Die Presse auf Google als bevorzugte Nachrichtenquelle hinzufügen.
 Bildungsminister Christoph Wiederkehr (NEOS) ist deutlich gegen eine Verkürzung der Sommerferien, wie dies die Präsidentin der Wir… [+1193 chars]",,de,'Sommerferien'
https://orf.at/stories/3441953/,https://orf.at/stories/3441953/,0,orf.at,WKO-Chefin für Debatte über Sommerferien,"Die Präsidentin der Wirtschaftskammer und Chefin des ÖVP-Wirtschaftsbundes, Martha Schultz, wünscht sich eine Verkürzung der Sommerferien. Sechs statt derzeit neun Wochen reichen, erklärte sie am Samstag im Ö1-„Journal zu Gast“. Hauptargument für ihre Forderu…",https://ibs.orf.at/news?image=https%3A%2F%2Fassets.orf.at%2Fmims%2F2026%2F37%2F66%2Fcrops%2Fw%3D1200%2Ch%3D630%2Cq%3D75%2F3180235_master_1233266_schultz_journal_zu_gast_o.jpg%3Fs%3Da2581632a179495f9c8dae2767b34e1aa8be56ad,2026-09-12T10:52:29Z,,"Sowohl aus ihrer Branche als auch aus anderen Bereichen höre sie Klagen über die langen Sommerferien, sagte Schultz. Ihrer Meinung nach bringe eine Verkürzung vor allem eine Verbesserung für die Frau… [+4320 chars]",,de,'Sommerferien'
https://www.zeit.de/news/2026-09/13/nasser-sonntag-vor-dem-schulstart-dann-kommt-sonne-zurueck,https://www.zeit.de/news/2026-09/13/nasser-sonntag-vor-dem-schulstart-dann-kommt-sonne-zurueck,0,www.zeit.de,Wetter: Nasser Sonntag vor dem Schulstart - dann kommt Sonne zurück,Hier finden Sie Informationen zu dem Thema „Wetter“. Lesen Sie jetzt „Nasser Sonntag vor dem Schulstart - dann kommt Sonne zurück“.,https://img.zeit.de/news/2026-09/13/nasser-sonntag-vor-dem-schulstart-dann-kommt-sonne-zurueck-image-group/wide__1300x731,2026-09-13T02:15:04Z,,"Regen vor dem Schulstart, Sonne zum Schulstart: Zum Ende der Sommerferien müssen sich die Menschen in Bayern zunächst auf einen nassen Sonntag einstellen. Von Nordwesten breitet sich Regen über den F… [+1536 chars]",,de,'Sonne'
https://www.nzz.ch/international/die-huthi-erobern-die-meerenge-bab-al-mandab-nicht-nur-zur-schuetzenhilfe-irans-sie-wollen-ihre-eigene-kasse-mit-milliarden-fuellen-ld.10023548,https://www.nzz.ch/international/die-huthi-erobern-die-meerenge-bab-al-mandab-nicht-nur-zur-schuetzenhilfe-irans-sie-wollen-ihre-eigene-kasse-mit-milliarden-fuellen-ld.10023548,0,www.nzz.ch,Die Huthi erobern die Meerenge Bab al-Mandab nicht nur zur Schützenhilfe Irans. Sie wollen ihre eigene Kasse mit Milliarden füllen,"Jahrelang bauten die Huthi eine Schatten- und Schmuggelwirtschaft auf. Durch ihren jüngsten Feldzug könnten sie nun noch mehr kassieren. Das Problem für Teheran: Je mehr Geld die Huthi haben, desto weniger abhängig sind sie – und desto weniger kontrollierbar.","https://img-msp-prod.nzz.ch/2026/09/12/ae793090-4fab-4330-b2ce-82782b4f5180.jpg?width=1200&height=675&fit=bounds&quality=75&auto=webp&crop=5760,3240,x0,y41&wmark=nzz",2026-09-13T03:30:00Z,,"Jahrelang bauten die Huthi eine Schatten- und Schmuggelwirtschaft auf. Durch ihren jüngsten Feldzug könnten sie nun noch mehr kassieren. Das Problem für Teheran: Je mehr Geld die Huthi haben, desto w… [+2985 chars]",,de,'Schatten'
https://www.zeit.de/news/2026-09/13/erst-regen-dann-sonne-so-warm-wird-der-wochenstart,https://www.zeit.de/news/2026-09/13/erst-regen-dann-sonne-so-warm-wird-der-wochenstart,0,www.zeit.de,"Wettervorhersage: Erst Regen, dann Sonne: So warm wird der Wochenstart","Hier finden Sie Informationen zu dem Thema „Wettervorhersage“. Lesen Sie jetzt „Erst Regen, dann Sonne: So warm wird der Wochenstart“.",https://img.zeit.de/news/2026-09/13/erst-regen-dann-sonne-so-warm-wird-der-wochenstart-image-group/wide__1300x731,2026-09-13T03:30:06Z,,"Wer einen Sonntagsspaziergang plant, sollte heute einen Schirm griffbereit halten: Nach etwas Sonne im Süden breiten sich von Nordwesten Wolken aus und bringen Regen mit sich, wie der Deutsche Wetter… [+1045 chars]",,de,'Sonne'
https://www.faz.net/aktuell/wirtschaft/unternehmen/swiss-re-chef-berger-hitzerisiken-werden-stark-unterschaetzt-accg-201196030.html,https://www.faz.net/aktuell/wirtschaft/unternehmen/swiss-re-chef-berger-hitzerisiken-werden-stark-unterschaetzt-accg-201196030.html,0,www.faz.net,Tödlicher Klimawandel: „Kaum ein Risiko wird so stark unterschätzt wie Hitze“,"Die Schweiz entwickelt sich zu einem Klima-Hotspot, sagt Andreas Berger. Der Chef des Rückversicherers Swiss Re warnt davor, Künstliche Intelligenz einfach gewähren zu lassen: „Das wäre ein großer Fehler.“",https://media0.faz.net/image/w1200h627/41c25e9e6d3f/w5000h2612x0y357o/202608/43601.0.2424986396/ein-tourist-steht-im-august-am.webp,2026-09-13T14:29:20Z,,"Herr Berger, sind Sie in diesem Sommer ordentlich ins Schwitzen gekommen?
Ja. Unser Hauptgebäude hier in Zürich ist nicht auf so hohe Temperaturen ausgerichtet, wie wir sie im Sommer hatten. Wir hab… [+364 chars]",,de,'Klimawandel'
https://www.zeit.de/sport/2026-09/bundesliga-rueckschau-sc-freiburg-elversberg-bayern,https://www.zeit.de/sport/2026-09/bundesliga-rueckschau-sc-freiburg-elversberg-bayern,0,www.zeit.de,"Bundesligarückschau: Freiburg, wo die Sonne scheint","Der neue Tabellenführer aus Freiburg tut etwas dem Rest der Liga völlig Fremdes: Er spielt verlässlichen, fleißigen, klaren Fußball. Alles vom dritten Spieltag",https://img.zeit.de/sport/2026-09/sc-freiburg/wide__1300x731,2026-09-14T03:45:50Z,,"Freiburg gegen Mönchengladbach, weil dort der neue Tabellenführer spielte. Und Tabellenführer, die nicht mit B beginnen und mit ayern enden, können dem Unterhaltungswert der Liga nur guttun. Nach dem… [+1103 chars]",,de,'Sonne'
https://www.zeit.de/news/2026-09/14/heiterer-wochenstart-bis-zu-26-grad-und-gewitter,https://www.zeit.de/news/2026-09/14/heiterer-wochenstart-bis-zu-26-grad-und-gewitter,0,www.zeit.de,Wetter: Heiterer Wochenstart: Bis zu 26 Grad und Gewitter,Hier finden Sie Informationen zu dem Thema „Wetter“. Lesen Sie jetzt „Heiterer Wochenstart: Bis zu 26 Grad und Gewitter“.,https://img.zeit.de/news/2026-09/14/heiterer-wochenstart-bis-zu-26-grad-und-gewitter-image-group/wide__1300x731,2026-09-14T05:07:41Z,,"Nach einem eher ruhigen und trockenen Wochenstart wird es in Niedersachsen und Bremen am Dienstag deutlich wärmer. Dabei sind im Nordwesten im Tagesverlauf auch Gewitter mit Starkregen möglich, wie d… [+1318 chars]",,de,'Gewitter'
https://www.zeit.de/2026/39/klimawandel-erdbeben-tektonik-gletscher-meeresspiegel,https://www.zeit.de/2026/39/klimawandel-erdbeben-tektonik-gletscher-meeresspiegel,0,www.zeit.de,Klimawandel: Lässt der Mensch die Erde beben?,"Ein paar Dinge sind für die Menschheit trotz all ihrer Technologie zu groß. Allerdings, so stellen Geoforscher fest: Erdbeben zählen nicht mehr dazu.",https://img.zeit.de/2026/39/laesst-der-mensch-die-erde-beben-bild-1/wide__1300x731,2026-09-14T11:05:31Z,,"Schließen
Artikelzusammenfassung
Der Klimawandel rückt selbst Erdbeben in ein neues Licht. Der Artikel beginnt mit einem James-Bond-Film, in dem ein künstlich ausgelöstes Beben die Welt bedroht, un… [+1128 chars]",,de,'Erderwärmung'
https://www.tagesschau.de/ausland/europa/eu-arktis-gipfel-abschluss-100.html,https://www.tagesschau.de/ausland/europa/eu-arktis-gipfel-abschluss-100.html,0,www.tagesschau.de,Arktis-Gipfel: Die EU richtet ihren Blick Richtung Norden,Mit dem Klimawandel verändert sich die Bedeutung der Arktis - wirtschaftlich und sicherheitspolitisch. Darauf will die EU reagieren. Ein Gipfel in Finnland sollte den Anfang machen. Von A. Meyer-Feist.,https://images.tagesschau.de/image/9c83ba62-2c12-45cd-8d3f-c702bf114cf3/AAABoKC_TEI/AAABnSSvrFg/16x9-big/finnland-arktis-treffen-100.jpg?width=1280,2026-09-14T16:28:06Z,,"Stand: 14.09.2026 18:28 Uhr
Mit dem Klimawandel verändert sich die Bedeutung der Arktis - wirtschaftlich und sicherheitspolitisch. Darauf will die EU reagieren. Ein Gipfel in Finnland sollte den Anf… [+4025 chars]",,de,'Klimawandel'
https://www.zeit.de/news/2026-09/15/usa-heben-emissionsvorschriften-fuer-kraftwerke-auf,https://www.zeit.de/news/2026-09/15/usa-heben-emissionsvorschriften-fuer-kraftwerke-auf,0,www.zeit.de,Klimawandel: USA heben Emissionsvorschriften für Kraftwerke auf,Hier finden Sie Informationen zu dem Thema „Klimawandel“. Lesen Sie jetzt „USA heben Emissionsvorschriften für Kraftwerke auf“.,https://img.zeit.de/news/2026-09/15/usa-heben-emissionsvorschriften-fuer-kraftwerke-auf-image-group/wide__1300x731,2026-09-14T23:52:45Z,,"Die US-Umweltbehörde EPA hebt Vorschriften zur Begrenzung klimaschädlicher Treibhausgasemissionen von Kohle- und Gastkraftwerken auf. Der Großteil der Treibhausgasvorschriften für US-Kraftwerke, die … [+3117 chars]",,de,'Klimawandel'
https://www.tagesspiegel.de/internationales/dpa-klimawandel-usa-heben-emissionsvorschriften-fur-kraftwerke-auf-16052386.html,https://www.tagesspiegel.de/internationales/dpa-klimawandel-usa-heben-emissionsvorschriften-fur-kraftwerke-auf-16052386.html,0,www.tagesspiegel.de,Klimawandel: USA heben Emissionsvorschriften für Kraftwerke auf,"Treibhausgase gelten als Haupttreiber des menschengemachten Klimawandels. Um deren Ausstoß zu begrenzen, gibt es auch in den USA Regeln. Doch unter Trump werden diese Stück für Stück abgewickelt.",https://www.tagesspiegel.de/images/16052385/alternates/BASE_16_9_W1400/1789430024000/kohlekraftwerk-in-den-usa.jpeg,2026-09-14T23:53:43Z,,"Die US-Umweltbehörde EPA hebt Vorschriften zur Begrenzung klimaschädlicher Treibhausgasemissionen von Kohle- und Gastkraftwerken auf. Der Großteil der Treibhausgasvorschriften für US-Kraftwerke, die … [+2786 chars]",,de,'Klimawandel'
https://www.tagesspiegel.de/internationales/dpa-klimawandel-usa-kippen-zentrale-klimaschutzregeln-fur-kraftwerke-16052386.html,https://www.tagesspiegel.de/internationales/dpa-klimawandel-usa-kippen-zentrale-klimaschutzregeln-fur-kraftwerke-16052386.html,0,www.tagesspiegel.de,Klimawandel: USA kippen zentrale Klimaschutzregeln für Kraftwerke,Die Trump-Regierung baut den Klimaschutz in den USA weiter ab. Künftig dürfen Kohle- und Gaskraftwerke mehr Treibhausgase ausstoßen. Die Folgen dieser Entscheidung reichen weit über die USA hinaus.,https://www.tagesspiegel.de/images/16053506/alternates/BASE_16_9_W1400/1789463042000/kohlekraftwerk-in-den-usa.jpeg,2026-09-14T23:53:43Z,,Die US-Umweltbehörde EPA hat zentrale Vorschriften zur Begrenzung klimaschädlicher Treibhausgasemissionen von Kohle- und Gaskraftwerken aufgehoben. Der Großteil der Treibhausgasvorschriften für US-Kr… [+5375 chars],,de,'Erderwärmung'
https://www.zeit.de/news/2026-09/15/neues-schuljahr-in-bayern-startet-mit-viel-sonne,https://www.zeit.de/news/2026-09/15/neues-schuljahr-in-bayern-startet-mit-viel-sonne,0,www.zeit.de,Wetter: Neues Schuljahr in Bayern startet mit viel Sonne,Hier finden Sie Informationen zu dem Thema „Wetter“. Lesen Sie jetzt „Neues Schuljahr in Bayern startet mit viel Sonne“.,https://img.zeit.de/news/2026-09/15/neues-schuljahr-in-bayern-startet-mit-viel-sonne-image-group/wide__1300x731,2026-09-15T02:00:28Z,,Pünktlich zum Start in das neue Schuljahr wird es in Bayern am Dienstag nochmals richtig sommerlich. Nach Angaben des Deutschen Wetterdienstes (DWD) darf der Freistaat auf perfektes Freibadwetter mit… [+1347 chars],,de,'Sonne'
https://www.zeit.de/news/2026-09/15/mildes-spaetsommerwetter-weicht-schauern-und-gewittern,https://www.zeit.de/news/2026-09/15/mildes-spaetsommerwetter-weicht-schauern-und-gewittern,0,www.zeit.de,Wetter: Mildes Spätsommerwetter weicht Schauern und Gewittern,Hier finden Sie Informationen zu dem Thema „Wetter“. Lesen Sie jetzt „Mildes Spätsommerwetter weicht Schauern und Gewittern“.,https://img.zeit.de/news/2026-09/15/mildes-spaetsommerwetter-weicht-schauern-und-gewittern-image-group/wide__1300x731,2026-09-15T03:39:55Z,,Auf einen milden Spätsommertag folgen in Berlin und Brandenburg teils kräftige Gewitter. Zunächst bleibt es bei 24 bis 26 Grad laut dem Deutschen Wetterdienst (DWD) aber noch trocken. Dabei wird es h… [+881 chars],,de,'Gewitter'
https://www.n-tv.de/politik/US-Regierung-streicht-Klimaregeln-fuer-fossile-Kraftwerke-id31306096.html,https://www.n-tv.de/politik/US-Regierung-streicht-Klimaregeln-fuer-fossile-Kraftwerke-id31306096.html,0,www.n-tv.de,Trump will mehr Kohle verbrennen: US-Regierung streicht Klimaregeln für fossile Kraftwerke,"US-Präsident Trump hält den menschengemachten Klimawandel für einen Schwindel, eine Auffassung, die auch der Chef der US-Umweltbehörde teilt. Der kassiert nun Emissionsvorgaben der Vorgängerregierung und möchte auch noch weiter gehen.",https://www.n-tv.de/img/31306105/1789450351/Img_16_9/1200/image.jpg,2026-09-15T03:41:06Z,,"Umweltverbände wollen gegen die Streichung der Emissionsvorschriften klagen. (Foto: AP Photo/J. David Ake)
US-Präsident Trump hält den menschengemachten Klimawandel für einen Schwindel, eine Auffass… [+3103 chars]",,de,'Klimawandel'
https://www.tagesspiegel.de/wissen/dpa-raumfahrt-wie-satellit-flex-stress-von-pflanzen-sichtbar-machen-soll-16052547.html,https://www.tagesspiegel.de/wissen/dpa-raumfahrt-wie-satellit-flex-stress-von-pflanzen-sichtbar-machen-soll-16052547.html,0,www.tagesspiegel.de,Raumfahrt: Wie Satellit „Flex“ Stress von Pflanzen sichtbar machen soll,"Hitze, Verschmutzung, Krankheiten: Pflanzen sind immer wieder großem Stress ausgesetzt. Wie gesund sie sind, könnte ein schwaches Signal zeigen. Genau dieses will ein Satellit nun sichtbar machen.",https://www.tagesspiegel.de/images/16052546/alternates/BASE_16_9_W1400/1789446559000/wie-satellit-flex-stress-von-pflanzen-sichtbar-machen-soll.jpeg,2026-09-15T04:29:19Z,,"Wie gestresst sind die Pflanzen auf der Erde? Um das herauszufinden, ist eine neue europäische Mission ins All gestartet. Der Erdbeobachtungssatellit Flex hob am frühen Morgen an Bord einer Vega-C-Ra… [+2126 chars]",,de,'Hitze'
https://www.sueddeutsche.de/bayern/bayern-wetter-schuljahresstart-sonne-temperaturen-grad-li.3547688,https://www.sueddeutsche.de/bayern/bayern-wetter-schuljahresstart-sonne-temperaturen-grad-li.3547688,0,www.sueddeutsche.de,Wetter in Bayern: Viel Sonne zum neuen Schuljahr,Zumindest am ersten Schultag bietet der Nachmittag noch mal Freibad-Temperaturen. Aber die bleiben nicht.,https://www.sueddeutsche.de/2026/09/03/ce4d6ac8-269a-48d9-a978-8e5c2b3b8503.jpg?q=60&fm=webp&width=1200&rect=0%2C209%2C4000%2C2250,2026-09-15T07:00:48Z,,"Im Norden des Freistaates startet der Tag örtlich mit Nebel, ab mittags können sich vereinzelt Quellwolken bilden. In den Kammlagen werden Temperaturen von 21 Grad erwartet, auf dem Großen Arber imme… [+1071 chars]",,de,'Sonne'
https://www.zeit.de/news/2026-09/15/wolken-ueber-mecklenburg-vorpommern-wann-es-gewittern-kann,https://www.zeit.de/news/2026-09/15/wolken-ueber-mecklenburg-vorpommern-wann-es-gewittern-kann,0,www.zeit.de,Wetter: Wolken über Mecklenburg-Vorpommern - Wann es gewittern kann,Hier finden Sie Informationen zu dem Thema „Wetter“. Lesen Sie jetzt „Wolken über Mecklenburg-Vorpommern - Wann es gewittern kann“.,https://img.zeit.de/news/2026-09/15/wolken-ueber-mecklenburg-vorpommern-wann-es-gewittern-kann-image-group/wide__1300x731,2026-09-15T07:12:28Z,,"Auf einen heiteren Tag in Mecklenburg-Vorpommern folgen Gewitterwolken. Der Deutsche Wetterdienst (DWD) sagt für den Dienstag trockenes Wetter vorher, bevor es sich in der Nacht ändert. Zuerst sorgt … [+760 chars]",,de,'Gewitter'
https://www.zeit.de/news/2026-09/15/noch-ein-sonnentag-dann-kommt-der-herbst,https://www.zeit.de/news/2026-09/15/noch-ein-sonnentag-dann-kommt-der-herbst,0,www.zeit.de,"Wetter im Norden: Noch ein Sonnentag, dann kommt der Herbst","Hier finden Sie Informationen zu dem Thema „Wetter im Norden“. Lesen Sie jetzt „Noch ein Sonnentag, dann kommt der Herbst“.",https://img.zeit.de/news/2026-09/15/noch-ein-sonnentag-dann-kommt-der-herbst-image-group/wide__1300x731,2026-09-15T07:30:39Z,,Nach einem sommerlichen Tag wird es ab Mittwoch allmählich herbstlich. In den kommenden Tagen wird es nass und kühl. Doch zunächst erinnert der Dienstag noch einmal an vergangene Sommertage: Bis zu 2… [+1084 chars],,de,'Sonne'
https://www.zeit.de/news/2026-09/15/duh-warnt-mehr-als-1-5-millionen-sachsen-leiden-unter-hitze,https://www.zeit.de/news/2026-09/15/duh-warnt-mehr-als-1-5-millionen-sachsen-leiden-unter-hitze,0,www.zeit.de,"Hitze-Check: DUH warnt: Mehr als 1,5 Millionen Sachsen leiden unter Hitze","Hier finden Sie Informationen zu dem Thema „Hitze-Check“. Lesen Sie jetzt „DUH warnt: Mehr als 1,5 Millionen Sachsen leiden unter Hitze“.",https://img.zeit.de/news/2026-09/15/duh-warnt-mehr-als-1-5-millionen-sachsen-leiden-unter-hitze-image-group/wide__1300x731,2026-09-15T09:00:05Z,,"Mehr als 1,5 Millionen Menschen sind in Sachsen überdurchschnittlich stark von gesundheitsschädlicher Hitze betroffen. Das geht aus dem Hitze-Check der Deutschen Umwelthilfe (DUH) in 68 sächsischen K… [+2745 chars]",,de,'Hitze'
https://www.zeit.de/news/2026-09/15/hitze-sorgt-fuer-volle-becken-freibaeder-melden-starkes-plus,https://www.zeit.de/news/2026-09/15/hitze-sorgt-fuer-volle-becken-freibaeder-melden-starkes-plus,0,www.zeit.de,Freibadbilanz: Hitze sorgt für volle Becken: Freibäder melden starkes Plus,Hier finden Sie Informationen zu dem Thema „Freibadbilanz“. Lesen Sie jetzt „Hitze sorgt für volle Becken: Freibäder melden starkes Plus“.,https://img.zeit.de/news/2026-09/15/hitze-sorgt-fuer-volle-becken-freibaeder-melden-starkes-plus-image-group/wide__1300x731,2026-09-15T09:34:08Z,,"Der zumeist warme und sonnige Sommer hat den Freibädern in Sachsen eine gute Saison beschert. Es seien deutlich mehr Gäste gekommen als im eher verregneten Vorjahr, hieß es aus den Freibädern in Leip… [+1116 chars]",,de,'Hitze'
https://www.spektrum.de/news/wie-satellit-flex-stress-von-pflanzen-sichtbar-machen-soll/2344616,https://www.spektrum.de/news/wie-satellit-flex-stress-von-pflanzen-sichtbar-machen-soll/2344616,0,www.spektrum.de,"Hitze, Dürre, Krankheiten: Wie ein Satellit Stress von Pflanzen sichtbar machen soll","Pflanzen sind unverzichtbar für das Leben auf der Erde, doch der Klimawandel setzt ihnen zu. Ein schwaches Leuchten zeigt, wie es ihnen geht. Das soll ein Satellit nun messen.",https://static.spektrum.de/fm/912/f1920x1080/FLEX_brings_plant_health_into_focus.jpg,2026-09-15T11:10:54Z,,"Fluoreszenzsignal zeigt unmittelbar Stress an
Während welkende Blätter etwa erst nach Tagen oder Wochen zu sehen sind, können Fachleute am Fluoreszenzsignal unmittelbar Veränderungen ablesen. Einfac… [+909 chars]",,de,'Hitze'
https://www.faz.net/aktuell/rhein-main/region-und-hessen/trotz-duerre-wird-der-wein-jahrgang-2026-wohl-herausragend-201229060.html,https://www.faz.net/aktuell/rhein-main/region-und-hessen/trotz-duerre-wird-der-wein-jahrgang-2026-wohl-herausragend-201229060.html,0,www.faz.net,Trotz Dürre und Hitze: Winzer erwarten „herausragenden Rotweinjahrgang“,"Nach einem langen trockenen Sommer hat die Weinlese in Hessen schon Mitte August begonnen. Doch die Trauben sind in Bestform und dass die Erträge etwas geringer sind, passt zur Nachfrage.",https://media0.faz.net/image/w1200h627/47e7efa34742/w5143h2687x0y599o/202609/43601.0.2547217948/rotweine-sind-die-gewinner-des.webp,2026-09-15T12:35:57Z,,Wie wird der Wein? Die Weinbauverbände der beiden einzigen hessischen Anbaugebiete Rheingau und Bergstraße melden eine sehr frühe Lese mit eher kleinen Beeren und guter Qualität. Der Geschäftsführer … [+2510 chars],,de,'Hitze'
https://www.n-tv.de/panorama/Muessen-wir-uns-von-der-Sonne-verabschieden-id31308977.html,https://www.n-tv.de/panorama/Muessen-wir-uns-von-der-Sonne-verabschieden-id31308977.html,0,www.n-tv.de,Vielleicht der letzte Sommertag: Müssen wir uns von der Sonne verabschieden?,"In vielen Teilen Deutschlands ist es heute noch einmal richtig warm. Obwohl es danach zunächst eher herbstlich werden soll, gibt es durchaus Hoffnungen auf einen Altweibersommer. Warum auch die Veranstalter des Oktoberfests zuversichtlich sein können, erklärt…",https://www.n-tv.de/img/31308995/1789487285/Img_16_9/1200/619472662.jpg,2026-09-15T14:27:55Z,,"In Berlin ist es noch einmal sonnig und warm geworden. (Foto: picture alliance/dpa)
In vielen Teilen Deutschlands ist es heute noch einmal richtig warm. Obwohl es danach zunächst eher herbstlich wer… [+2348 chars]",,de,'Sonne'
https://vorarlberg.orf.at/stories/3371305/,https://vorarlberg.orf.at/stories/3371305/,0,vorarlberg.orf.at,Hitzesommer: Land will weiter investieren,"Rekordtemperaturen und kaum Niederschläge – der Sommer war für Mensch und Tier eine Herausforderung. Das Land will daher auch in Zukunft vorsorgen, etwa bei der Wasserversorgung. Zudem sollen Land- und Forstwirtschaft klimafitter und Gebäude so gut wie möglic…",https://ibs.orf.at/vbg?image=https%3A%2F%2Foekastatic.orf.at%2Fmims%2F2026%2F38%2F10%2Fcrops%2Fw%3D1200%2Ch%3D627%2Cq%3D75%2F3184015_master_1234910_hitzesommer_5.jpg%3Fs%3D44d25e01e982fdf4d066e3b8f09c87ea61b5c488,2026-09-15T15:11:47Z,,"Vorarlberg sei relativ gut durch die Hitze gekommen, sagte Landeshauptmann Markus Wallner (ÖVP) am Dienstag in einer Pressekonferenz. Es war kein Katastrophensommer, aber doch ein Warnsignal, so Wall… [+2358 chars]",,de,'Hitze'
https://noe.orf.at/stories/3371268/,https://noe.orf.at/stories/3371268/,0,noe.orf.at,Wr. Neustadt: Klimaanlagen für Bildungseinrichtungen,"Nach der Hitze im Sommer will Wiener Neustadt Kindergärten und Schulen schrittweise mit Klimaanlagen ausstatten. Rund 300.000 Euro sollen in den kommenden zwei bis drei Jahren investiert werden. Vorrang haben Einrichtungen, die auch im Sommer genutzt werden.",https://ibs.orf.at/noe?image=https%3A%2F%2Foekastatic.orf.at%2Fmims%2F2025%2F05%2F74%2Fcrops%2Fw%3D1200%2Ch%3D627%2Cq%3D75%2F2506476_master_959974_adobestock_332664969.jpeg%3Fs%3D87763c846024d4730a19eb58853446ef6f1c8b72,2026-09-15T16:01:15Z,,Unter dem Motto Heiße Tage coole Kids will die Stadt in den kommenden Jahren Kühlmöglichkeiten in Kindergärten und Schulen nachrüsten. Etwa die Hälfte der insgesamt vorgesehenen 300.000 Euro ist laut… [+1751 chars],,de,'Hitze'
https://www.faz.net/aktuell/feuilleton/kolumnen/schlaflos/jugendliche-ueber-den-wahlerfolg-der-afd-201209239.html,https://www.faz.net/aktuell/feuilleton/kolumnen/schlaflos/jugendliche-ueber-den-wahlerfolg-der-afd-201209239.html,0,www.faz.net,"Teenager über AfD-Wähler: „Weil sie wollen, dass Deutschland noch da ist“",Kinder haben ihre Meinung zur AfD und zu den Gründen für ihren Wahlerfolg. Auch wenn sie nicht in Sachsen-Anhalt leben und gerade erst aus den Sommerferien kommen. Über zwei überraschende Gespräche.,https://media0.faz.net/image/w1200h627/e4cde6463926/w5792h3026x569y1530o/202609/43601.0.2555378308/jugendliche-an-einem.webp,2026-09-15T17:15:22Z,,Was denken eure Kinder über den Wahlerfolg der AfD? Auf Anhieb antworten konnte ich nicht auf diese Frage. Aber ich konnte mich erkundigen. Unsere Kinder Theo (13) und Frida (11) schauen sporadisch d… [+458 chars],,de,'Sommerferien'
https://www.faz.net/aktuell/gesellschaft/satellit-flex-den-stress-der-pflanzen-vom-weltall-aus-erkennen-201228356.html,https://www.faz.net/aktuell/gesellschaft/satellit-flex-den-stress-der-pflanzen-vom-weltall-aus-erkennen-201228356.html,0,www.faz.net,Mission Flex gestartet: Den Stress der Pflanzen vom Weltall aus erkennen,"Die Europäische Raumfahrtagentur ESA untersucht mit der Forschungsmission FLEX die Vegetation. So kann man sehen, wie stark die Landwirtschaft unter dem Klimawandel leidet.",https://media0.faz.net/image/w1200h627/76a9817356ae/w7680h4012x0y154o/202609/43601.0.2524045661/blick-auf-die-vegetation-zwei.webp,2026-09-15T18:34:49Z,,"Mit einem neuen Satelliten erforscht die Europäische Raumfahrtagentur ESA, wie gesund die Pflanzen rund um den Erdball sind. Davon erhoffen sich die Wissenschaftler unter anderem Rückschlüsse darauf,… [+3492 chars]",,de,'Klimawandel'
https://www.bild.de/news/wetter/wetter-regen-zieht-jetzt-quer-durch-deutschland-6aa90e2314e96b91c66faeaf,https://www.bild.de/news/wetter/wetter-regen-zieht-jetzt-quer-durch-deutschland-6aa90e2314e96b91c66faeaf,0,www.bild.de,Der Herbst rockt das Wetter - Jetzt tourt eine Regenfront durch Deutschland,Nach Monaten der Hitze kommt Regen: Meteorologe Dominik Jung erklärt die Route der Kaltfront über Deutschland und die Wetter-Aussichten für Donnerstag.,"https://images.bild.de/6aa90e2314e96b91c66faeaf/50072901f8583e4b02bd82f87f446e86,26d9d64?w=1280",2026-09-16T03:34:03Z,,"TTS-Player überspringenArtikel weiterlesenBerlin  Nach Monaten voller Hitze kommt jetzt der Gast vorbei, auf den viele gewartet haben und den trotzdem niemand so richtig einladen wollte: der Regen. A… [+2673 chars]",,de,'Hitze'
https://vorarlberg.orf.at/stories/3370740/,https://vorarlberg.orf.at/stories/3370740/,0,vorarlberg.orf.at,Starke regionale Unterschiede bei Ernte-Erträgen,Die Erträge bei verschiedenen Gemüse- und Getreidesorten sind in Vorarlberg aufgrund der Hitze im heurigen Sommer regional extrem unterschiedlich ausgefallen. Nach Angaben der Landwirtschaftskammer hing heuer sehr viel von der Bodenbeschaffenheit ab. So habe …,https://ibs.orf.at/vbg?image=https%3A%2F%2Foekastatic.orf.at%2Fmims%2F2026%2F38%2F72%2Fcrops%2Fw%3D1200%2Ch%3D627%2Cq%3D75%2F3183814_master_1234772_260811_duerre_34_vik.jpg%3Fs%3Da55e6e43eafc05efed812ac9db469ad8911d4acd,2026-09-16T03:52:22Z,,Von extremen Unterschieden spricht Landwirtschaftskammer-Präsident Josef Moosbrugger was die Erntebilanz bei einigen Gemüse- und Getreidesorten in Vorarlberg angeht. Besonders stark zeige sich das et… [+5052 chars],,de,'Hitze'
https://www.focus.de/panorama/welt/motivation-steigt-brauerei-chef-will-10-euro-pfand-fuer-getraenkekisten_1aac9f99-ad76-4d3a-9f8d-4c18d6b1d2dd.html,https://www.focus.de/panorama/welt/motivation-steigt-brauerei-chef-will-10-euro-pfand-fuer-getraenkekisten_1aac9f99-ad76-4d3a-9f8d-4c18d6b1d2dd.html,0,www.focus.de,„Motivation steigt“: Brauerei-Chef will 10-Euro-Pfand für Getränkekisten,"Getränkehersteller geraten in der Hitze unter Druck. Wasser, Bier und Saft werden stärker nachgefragt, gleichzeitig fehlen Flaschen und Kisten für die nächste Abfüllung. Ein Brauerei-Chef hat nun einen Vorschlag.","https://quadro.burda-forward.de/ctf/deebef4f-a1e7-408b-8847-4bba79337989.cc7b6f3a-84b1-47f0-89b1-bbf60a8adaeb.png?im=RegionOfInterestCrop=(1200,630),regionOfInterest=(623,329)&hash=dad19fc08b87b6bc58d69d7c148ff38b5037e6d9a63d2d0a3b401cff1122c9e3",2026-09-16T04:14:00Z,,Michael Leibinger von der Ravensburger Brauerei Leibinger möchte einen deutlich höheren Pfandbetrag. Sein Vorschlag: zehn Euro pro Getränkekiste. Im Gespräch mit der Schwäbischen sagt er: Wenn nach e… [+2307 chars],,de,'Hitze'
https://www.dw.com/de/sommer-2026-historischer-h%C3%B6chststand-an-hitzetoten/a-79256504,https://www.dw.com/de/sommer-2026-historischer-h%C3%B6chststand-an-hitzetoten/a-79256504,0,www.dw.com,Sommer 2026 – historischer Höchststand an Hitzetoten,Der Sommer 2026 war einer der wärmsten seit Beginn der Aufzeichnung. Nach Schätzungen des RKI sind mehr als 16.000 Menschen in Deutschland hitzebedingt gestorben.,https://static.dw.com/image/79259000_6.jpg,2026-09-16T06:28:00Z,,"Der Sommer 2026 war der wärmste in Europa sei Beginn der Aufzeichnungen
und hat damit das bisherige Rekordhitzejahr 2003 vom Spitzenplatz vertrieben. Das hat das Erdbeobachtungsprogramm Copernicus e… [+4165 chars]",,de,'Hitze'
https://www.bild.de/news/aufguss-wm-in-brandenburg-sauna-profis-kaempfen-am-scharmuetzelsee-6aaa3da6a9420481bd21317b,https://www.bild.de/news/aufguss-wm-in-brandenburg-sauna-profis-kaempfen-am-scharmuetzelsee-6aaa3da6a9420481bd21317b,0,www.bild.de,"Sauna-WM in Brandenburg - 50 Leute schwitzen, eine wedelt","Bei der Aufguss-WM in Brandenburg kämpfen mehr als 120 Sauna-Profis um den Titel. Jury und Gäste achten auf Show, Düfte, Hitze und Wedeltechnik.","https://images.bild.de/6aaa3da6a9420481bd21317b/d00e5171a835645b5d7851dd1b20ae8a,3e9ce10d?w=1280",2026-09-16T08:03:17Z,,"Mehr zum Video anzeigen 
Bei der Aufguss-WM am Scharmützelsee in Brandenburg wird Schwitzen zum Leistungssport. Mehr als 120 Sauna-Profis zeigen aufwendige Shows mit Musik, Licht, Düften und spektak… [+144 chars]",,de,'Hitze'
https://www.faz.net/aktuell/gesellschaft/menschen/mehr-staus-in-den-sommerferien-2026-als-vor-einem-jahr-201233855.html,https://www.faz.net/aktuell/gesellschaft/menschen/mehr-staus-in-den-sommerferien-2026-als-vor-einem-jahr-201233855.html,0,www.faz.net,Laut ADAC: Mehr Staus als vor einem Jahr,Die Rekordpreise an den Tankstellen haben Autofahrer nicht abgeschreckt: Der ADAC hat in den Sommerferien 128.849 Staus gezählt. Das sind rund acht Prozent mehr als im Vorjahr.,https://media0.faz.net/image/w1200h627/a880e5f5b4af/w3697h1931x0y202o/202609/43601.0.2557788020/nichts-geht-stau-auf.webp,2026-09-16T14:54:23Z,,Ungeachtet der hohen Spritpreise haben in der Sommerreisezeit noch mehr Autofahrer stundenlang in Staus auf Autobahnen und Fernstraßen verbracht als im Vorjahr. Über den gesamten Ferienzeitraum zählt… [+1053 chars],,de,'Sommerferien'
https://t3n.de/news/arktis-klimawandel-schiffe-1695514/,https://t3n.de/news/arktis-klimawandel-schiffe-1695514/,0,t3n.de,Arktis: Der Klimawandel öffnet die Nordostpassage für Schiffe – warum das ein Teufelskreis ist,Die Arktis wird zum Zentrum geopolitscher Strategien im Norden. Doch abseits der Gefahr durch Russland und China leidet die Region vor allem unter der globalen Erwärmung. Die eisfreien Routen für Schiffe haben einen Nebeneffekt. Es wird voll in der Arktis: Fi…,https://cdn.t3n.de/news/wp-content/uploads/2025/07/shutterstock_2342264637.jpg?class=content,2026-09-16T15:55:00Z,,"Es wird voll in der Arktis: Fischereiboote, Öl- und Gastanker, Containerfrachter und Kreuzfahrtschiffe tuckern durch die Nordostpassage entlang der norwegischen und russischen Küste. Das schmelzende … [+7027 chars]",,de,'Klimawandel'
https://www.tagesspiegel.de/wissen/dpa-klimawandel-analyse-erderwarmung-erhohte-risiko-fur-sturzflut-im-nepal-16062253.html,https://www.tagesspiegel.de/wissen/dpa-klimawandel-analyse-erderwarmung-erhohte-risiko-fur-sturzflut-im-nepal-16062253.html,0,www.tagesspiegel.de,Klimawandel: Analyse: Erderwärmung erhöhte Risiko für Sturzflut im Nepal,Die rasche Erwärmung im Himalaya verschärft Risikofaktoren für Sturzfluten wie im August in Nepal. Diese können nach Expertenangaben weiterhin geschehen. Das Ausmaß übersteige die Anpassungsfähigkeit.,https://www.tagesspiegel.de/images/16062252/alternates/BASE_16_9_W1400/1789599734000/sturzflut-in-grenzregion-von-china-und-nepal.jpeg,2026-09-16T23:02:14Z,,Die Erderwärmung erhöht die Wahrscheinlichkeit für verheerende Sturzfluten wie die im Himalaya Ende August. Das geht aus einer Analyse der Forschungsinitiative World Weather Attribution (WWA) hervor.… [+4081 chars],,de,'Erderwärmung'
https://science.orf.at/stories/3237350/,https://science.orf.at/stories/3237350/,0,science.orf.at,Erderwärmung erhöhte Risiko,Die Erderwärmung erhöht die Wahrscheinlichkeit für verheerende Sturzfluten wie jene im Himalaya Ende August. Das geht aus einer Analyse der Forschungsinitiative World Weather Attribution (WWA) hervor.,https://ibs.orf.at/science?image=https%3A%2F%2Ftubestatic.orf.at%2Fmims%2F2026%2F35%2F59%2Fcrops%2Fw%3D1200%2Ch%3D627%2Cq%3D75%2F3164132_master_1226859_3163077_bigpicture_1226474_nepal_sturzflut_gletscherflut_dona_body_ap.jpg%3Fs%3D2307f5a3cc9f6977c29d9c497308a1673e67ef32,2026-09-17T06:24:13Z,,Am 26. August war ein großer Teil einer Bergflanke mit einem Gletscher im Grenzgebiet von Nepal und China abgebrochen. Der Einsturz am Nordhang des Berges Langtang Lirung löste eine gewaltige Flutwel… [+719 chars],,de,'Erderwärmung'
https://www.spektrum.de/news/analyse-erderwaermung-erhoehte-risiko-fuer-sturzflut-im-nepal/2345049,https://www.spektrum.de/news/analyse-erderwaermung-erhoehte-risiko-fuer-sturzflut-im-nepal/2345049,0,www.spektrum.de,Analyse: Erderwärmung macht Sturzfluten wie in Nepal wahrscheinlicher,"Auch im Himalaja wird es rapide wärmer. Das macht verheerende Sturzfluten wie im August wahrscheinlicher, zeigt eine Studie. Eine Anpassung dagegen sei kaum möglich.",https://static.spektrum.de/fm/912/f1920x1080/619457011_pa.jpg,2026-09-17T07:52:49Z,,"Katastrophe übersteigt Fähigkeit zur Anpassung
»Dieser Bericht ist keine traditionelle Studie der World Weather Attribution, weil wir nicht ein einzelnes Extremwetterereignis untersuchen, sondern ei… [+1127 chars]",,de,'Erderwärmung'
https://www.n-tv.de/wissen/Eisschilde-schmelzen-an-beiden-Polen-der-Erde-rasant-id31315115.html,https://www.n-tv.de/wissen/Eisschilde-schmelzen-an-beiden-Polen-der-Erde-rasant-id31315115.html,0,www.n-tv.de,Meeresspiegel-Anstieg berechnet: Eisschilde schmelzen an beiden Polen der Erde rasant,"Das Polareis steuert wichtige Meeresströmungen und Winde. Durch die Erderwärmung schmilzt massenhaft dieser Eisschilde ab. Wie viel das in den letzten 50 Jahren ausmacht und wie sich das auf den Meeresspiegel auswirkt, berechnet ein Forschungsteam und stellt …",https://www.n-tv.de/img/31315089/1789630675/Img_16_9/1200/imago0256511442h.jpg,2026-09-17T08:05:22Z,,"Meeresspiegel-Anstieg berechnetEisschilde schmelzen an beiden Polen der Erde rasant
Blick aus einem Flugzeug auf Treibeis in einer Bucht bei Grönland. (Foto: imago / Leon Kuegeler / photothek.de)
D… [+3266 chars]",,de,'Erderwärmung'
https://www.tagesschau.de/wissen/klima/sturzflut-himalaya-klimawandel-100.html,https://www.tagesschau.de/wissen/klima/sturzflut-himalaya-klimawandel-100.html,0,www.tagesschau.de,Klimawandel war ein Hauptgrund für Felssturz im Himalaya,"Ein neuer Bericht über die Ursachen der Sturzflut im Himalaya zeigt: Der Klimawandel hatte einen weit größeren Anteil an der Katastrophe als zunächst vermutet. Ein dabei entdecktes, kaum bekanntes Phänomen könnte auch in den Alpen relevant sein. Von Frank Bäu…",https://images.tagesschau.de/image/40c3ee76-b78d-41aa-8fa5-f8ffe7543216/AAABoK6yt3k/AAABnSSvrFg/16x9-big/sturzflut-himalaya-104.jpg?width=1280,2026-09-17T09:29:24Z,,"Stand: 17.09.2026 11:29 Uhr
Ein neuer Bericht über die Ursachen der Sturzflut im Himalaya zeigt: Der Klimawandel hatte einen weit größeren Anteil an der Katastrophe als zunächst vermutet. Ein dabei … [+3527 chars]",,de,'Klimawandel'
https://www.tagesspiegel.de/gesellschaft/panorama/dpa-sturm-in-spanien-ein-toter-bei-unwetter-in-spanien-16064907.html,https://www.tagesspiegel.de/gesellschaft/panorama/dpa-sturm-in-spanien-ein-toter-bei-unwetter-in-spanien-16064907.html,0,www.tagesspiegel.de,Sturm in Spanien: Ein Toter bei Unwetter in Spanien,Wetterexperten warnen: Durch den Klimawandel könnten extreme Unwetter wie jetzt in Barcelona und Valencia künftig häufiger auftreten. Was das für die Region bedeutet.,https://www.tagesspiegel.de/images/16064906/alternates/BASE_16_9_W1400/1789640118000/schwere-regenfalle-in-spanien.jpeg,2026-09-17T10:15:17Z,,"Bei schweren Unwettern im Großraum von Barcelona und Valencia an Spaniens Mittelmeerküste ist ein Mensch ums Leben gekommen. Der Mann wurde in seinem Auto von den Wassermassen mitgerissen, als er ein… [+1586 chars]",,de,'Klimawandel'
https://www.tagesschau.de/wirtschaft/unternehmen/dax-unternehmen-klima-100.html,https://www.tagesschau.de/wirtschaft/unternehmen/dax-unternehmen-klima-100.html,0,www.tagesschau.de,Wie klimafreundlich sind die DAX-Unternehmen?,Wie gut setzen deutsche Unternehmen ihre Klimaziele um? Der Klima-Report einer Frankfurter Beratungsfirma versucht den Fortschritt messbar zu machen. Maßstab ist dabei der Beitrag zur Erderwärmung - gemessen in Temperaturen. Von Katharina Wilhelm.,https://images.tagesschau.de/image/5000f142-fa6d-480f-a074-6934479dbeab/AAABoK4WgSM/AAABnSSvrFg/16x9-big/industrie-238.jpg?width=1280,2026-09-17T10:29:54Z,,"Stand: 17.09.2026 12:29 Uhr
Wie gut setzen deutsche Unternehmen ihre Klimaziele um? Der Klima-Report einer Frankfurter Beratungsfirma versucht den Fortschritt messbar zu machen. Maßstab ist dabei de… [+4553 chars]",,de,'Erderwärmung'
https://www.tagesspiegel.de/potsdam/brandenburg/dpa-hitzetote-rki-rund-200-menschen-in-brandenburg-durch-hitze-gestorben-16065298.html,https://www.tagesspiegel.de/potsdam/brandenburg/dpa-hitzetote-rki-rund-200-menschen-in-brandenburg-durch-hitze-gestorben-16065298.html,0,www.tagesspiegel.de,Mehr Hitzetote: RKI: Mehr als 400 Menschen in Brandenburg und Berlin durch Hitze gestorben,"Brandenburg und Berlin erlebten einen außergewöhnlich warmen Sommer mit Temperaturrekorden. Im Flächenland starben deutlich mehr Menschen durch Hitze als vergangenes Jahr, schätzt das Robert-Koch-Institut (RKI). Auch in Berlin starben mehr als 200 Menschen au…",https://www.tagesspiegel.de/images/15748198/alternates/BASE_16_9_W1400/1784102075000/wetter.jpeg,2026-09-17T10:56:56Z,,In Brandenburg sind nach Schätzungen des Robert Koch-Instituts (RKI) in diesem Jahr bisher rund 200 Menschen in Zusammenhang mit Hitzeperioden gestorben. Das geht aus einem aktuellen Wochenbericht de… [+1650 chars],,de,'Hitze'
https://www.derstandard.at/story/3000000340116/vom-freibad-in-die-eishallen-die-eishockey-saison-geht-los,https://www.derstandard.at/story/3000000340116/vom-freibad-in-die-eishallen-die-eishockey-saison-geht-los,0,www.derstandard.at,Vom Freibad in die Eishallen: Die Eishockey-Saison geht los,"Die neue Saison verspricht Überraschungen, Ungewissheiten und neue Gesichter",https://i.ds.at/Gibemg/rs:fill:1200:600/plain/lido-images/2026/09/16/44d52a9c-eec4-4bf1-8ded-31518bd4dc2e.jpg,2026-09-17T11:00:00Z,,"Sie entscheiden darüber, wie Sie unsere Inhalte nutzen wollen. Ihr Gerät erlaubt uns derzeit leider nicht, die entsprechenden Optionen anzuzeigen.
Bitte deaktivieren Sie sämtliche Hard- und Software… [+180 chars]",,de,'Freibad'
https://www.sueddeutsche.de/bayern/bayern-wetter-sommer-hitze-tote-li.3549402,https://www.sueddeutsche.de/bayern/bayern-wetter-sommer-hitze-tote-li.3549402,0,www.sueddeutsche.de,Daten des Robert-Koch-Instituts: 2150 Hitzetote während Rekordsommer in Bayern,Der Rekordsommer kostete vielen Menschen das Leben. Auch der Freistaat litt unter den Temperaturen. In Bayern gab es fünfmal so viele Hitzetote wie im vergangenen Jahr.,https://www.sueddeutsche.de/2026/08/20/bc2e641b-4ef3-4a9e-ab28-925117bcaa4b.jpg?q=60&fm=webp&width=1200&rect=0%2C164%2C4000%2C2250,2026-09-17T11:01:30Z,,"Das Robert Koch-Institut weist selbst darauf hin, dass die Schätzung für dieses Jahr noch eine große Spannbreite habe: Sie reicht für Bayern von 1420 bis 2770. In der Vorwoche hatte die Schätzung für… [+1752 chars]",,de,'Hitze'
https://steiermark.orf.at/stories/3371564/,https://steiermark.orf.at/stories/3371564/,0,steiermark.orf.at,Heißer Sommer: Menschengemacht,"Hitze und Trockenheit des vergangenen Sommers waren deutlich spürbar, ob in der Landwirtschaft, in Schulen, am Arbeitsplatz oder bei dem Run auf Klimageräte. Klimaforscher sieht die Gründe für die Hitze eindeutig selbstverursacht.",https://ibs.orf.at/stm?image=https%3A%2F%2Foekastatic.orf.at%2Fmims%2F2026%2F33%2F91%2Fcrops%2Fw%3D1200%2Ch%3D627%2Cq%3D75%2F3149641_master_1221091_coole_plaetze_z750_oliva0103_00_00_04_02.jpg%3Fs%3D9038e4de47bce624c9633b660e7f6a795bddae9c,2026-09-17T11:19:40Z,,"Für Klimaforscher Gottfried Kirchengast vom Wegener Center für Klima und globalen Wandel der Uni Graz war der vergangene Sommer beispiellos um ein Vielfaches heißer und trockener als frühere Sommer.… [+1637 chars]",,de,'Hitze'
https://www.golem.de/sonstiges/zustimmung/auswahl.html?from=https://www.golem.de/news/klimawandel-europa-erhitzt-sich-doppelt-so-schnell-wie-die-welt-2609-213155.html&referer=https://t.co/42348f37ac,https://www.golem.de/sonstiges/zustimmung/auswahl.html?from=https://www.golem.de/news/klimawandel-europa-erhitzt-sich-doppelt-so-schnell-wie-die-welt-2609-213155.html&referer=https://t.co/42348f37ac,0,www.golem.de,Klimawandel: Europa erhitzt sich doppelt so schnell wie die Welt,"Messdaten zeigen Europa als Zentrum des Klimawandels. Eine neue Theorie kann erklären, wieso, und weshalb Linderung in Sicht ist. (Klimakrise, Supercomputer)",,2026-09-17T12:26:01Z,,"Besuchen Sie Golem.de wie gewohnt mit Werbung und Tracking,
 indem Sie der Nutzung aller Cookies zustimmen.
 Details zum Tracking finden Sie im Privacy Center.
Skript wurde nicht geladen. Informat… [+607 chars]",,de,'Klimawandel'
https://taz.de/Klimawandel/!6214019/,https://taz.de/Klimawandel/!6214019/,0,taz.de,Klimawandel: Seit 1979 sind elf Billionen Tonnen Eis weg,"Wenn das Eis in Grönland und der Antarktis schwindet, hat das gravierende Auswirkungen auf den Meeresspiegel. Fachleute legen nun ein umfassendes Bild vor.",https://taz.de/picture/8745496/1200/42093640.jpeg,2026-09-17T12:45:00Z,,"Wenn das Eis in Grönland und der Antarktis schwindet, hat das gravierende Auswirkungen auf den Meeresspiegel. Fachleute legen nun ein umfassendes Bild vor. mehr...",,de,'Klimawandel'
https://taz.de/Kartoffelernte-bricht-durch-Hitze-und-Duerre-ein/!6214047/,https://taz.de/Kartoffelernte-bricht-durch-Hitze-und-Duerre-ein/!6214047/,0,taz.de,Klimawandel bedroht Landwirtschaft: Kartoffelernte bricht durch Hitze und Dürre ein,Dürre und Hitze im Sommer 2026 setzen der Kartoffelernte in Nordwesteuropa stark zu. In Deutschland droht laut Analyse der größte Verlust seit Jahren.,https://taz.de/picture/8745731/1200/41994271.jpeg,2026-09-17T12:54:00Z,,Dürre und Hitze im Sommer 2026 setzen der Kartoffelernte in Nordwesteuropa stark zu. In Deutschland droht laut Analyse der größte Verlust seit Jahren. mehr...,,de,'Klimawandel'
https://de.catholicnewsagency.com/news/25827/weihbischof-lohmann-beschreibt-auswirkungen-des-klimawandels-als-erschreckend,https://de.catholicnewsagency.com/news/25827/weihbischof-lohmann-beschreibt-auswirkungen-des-klimawandels-als-erschreckend,0,de.catholicnewsagency.com,Weihbischof Lohmann beschreibt Auswirkungen des Klimawandels als „erschreckend“,"Der Münsteraner Weihbischof Rolf Lohmann hat die Auswirkungen des Klimawandels nach dem heißen Sommer in Deutschland als „erschreckend“ beschrieben. Lohmann ist innerhalb der Deutschen Bischofskonferenz (DBK) für Umwelt- und Klimafragen zuständig.
„Es ist ers…",https://de.catholicnewsagency.com/image/bm46125_1788123812.jpg?w=1150&jpg,2026-09-17T13:30:00Z,,"Redaktion -
 Donnerstag, 17. September 2026, 15:30 Uhr.
Der Münsteraner Weihbischof Rolf Lohmann hat die Auswirkungen des Klimawandels nach dem heißen Sommer in Deutschland als erschreckend beschri… [+2548 chars]",,de,'Klimawandel'
https://www.tagesspiegel.de/wirtschaft/dpa-gruner-wasserstoff-aus-spanien-baustart-fur-sudeuropas-grosste-anlage-fur-grunen-wasserstoff-16066871.html,https://www.tagesspiegel.de/wirtschaft/dpa-gruner-wasserstoff-aus-spanien-baustart-fur-sudeuropas-grosste-anlage-fur-grunen-wasserstoff-16066871.html,0,www.tagesspiegel.de,Grüner Wasserstoff aus Spanien: Baustart für Südeuropas größte Anlage für grünen Wasserstoff,"In Andalusien startet der Bau einer Anlage, die jährlich 50.000 Tonnen grünen Wasserstoff liefern soll – mit Strom aus Wind und Sonne und Wasser aus aufbereiteten Abwässern.",https://www.tagesspiegel.de/images/16066870/alternates/BASE_16_9_W1400/1789654231000/baustart-fur-sudeuropas-gro-te-anlage-fur-grunen-wasserstoff.jpeg,2026-09-17T14:10:30Z,,Das spanische Energieunternehmen Moeve hat in Palos de Frontera in Andalusien den Bau der größten Anlage für die Herstellung sogenannten grünen Wasserstoffs aus erneuerbaren Energiequellen in Südeuro… [+1652 chars],,de,'Sonne'
https://www.morgenpost.de/wirtschaft/article413122607/franzoesische-winzer-roden-ihre-weinberge-und-setzen-auf-diese-alternative.html,https://www.morgenpost.de/wirtschaft/article413122607/franzoesische-winzer-roden-ihre-weinberge-und-setzen-auf-diese-alternative.html,0,www.morgenpost.de,Französische Winzer roden ihre Weinberge – und setzen auf diese Alternative,"Hitze, Trockenheit und sinkende Nachfrage setzen den Weinbau in Frankreich unter Druck. Viele Kleinwinzer stehen vor dem Aus.",https://img.sparknews.funkemedien.de/413126382/413126382_1789654556_v16_9_1600.jpeg,2026-09-17T14:15:57Z,,"Eric Merle ist nicht eben guter Dinge. Es schmerzt, all diese Reben auszureißen, sagt der stämmige Bordeaux-Winzer. Vor allem, wenn ich daran denke, dass ich sie vor 40 Jahren eigenhändig gepflanzt h… [+5712 chars]",,de,'Hitze'
https://www.tagesspiegel.de/berlin/bezirke/tempelhof-schoeneberg/wenn-sie-weg-waren-wurde-die-hitze-kommen-das-leben-von-100-baumen--der-preis-fur-eine-berliner-strasse-16063055.html,https://www.tagesspiegel.de/berlin/bezirke/tempelhof-schoeneberg/wenn-sie-weg-waren-wurde-die-hitze-kommen-das-leben-von-100-baumen--der-preis-fur-eine-berliner-strasse-16063055.html,0,www.tagesspiegel.de,"„Wenn sie weg wären, würde die Hitze kommen“: Das Leben von 200 Bäumen – der Preis für eine Berliner Straße?",Ein Streit um geplante Baumfällungen verzögert eine Großbaustelle am viel befahrenen Tempelhofer Damm.  Anwohner protestieren und fürchten um das Klima in ihrem Bezirk. Doch die Zeit drängt.,https://www.tagesspiegel.de/images/16043728/alternates/BASE_16_9_W1400/1789307870000/susanne-sander-und-angela-javitz-rosa-jacket-von-der-burgerinitiative-erhalt-und-schutz-der-baume-am-tempelhofer-damm-aufgenommen-am-9-september-2026-in-berlin.jpeg,2026-09-17T17:23:03Z,,"Auf großen Wahlplakaten auf dem Tempelhofer Damm lächeln die Kandidierenden zur Berlin-Wahl Autofahrern entgegen, umgeben von Bäumen auf einem Grünstreifen. Zehntausende Autofahrer kommen hier täglic… [+275 chars]",,de,'Hitze'
https://www.spektrum.de/podcast/astrogeo-vom-sonnensturm-im-holz-zum-kosmischen-lineal/2345067,https://www.spektrum.de/podcast/astrogeo-vom-sonnensturm-im-holz-zum-kosmischen-lineal/2345067,0,www.spektrum.de,Vom Sonnensturm im Holz zum kosmischen Lineal,In dieser Folge im »AstroGeo«-Podcast widmen sich Franzi und Karl dem Feedback zu den letzten drei Folgen im AstroGeo Podcast. ️,https://static.spektrum.de/fm/912/f1920x1080/werbebild.1151924.jpg,2026-09-18T05:22:44Z,,"Ein Podcast von
In dieser Folge widmen sich Franzi und Karl dem Feedback zu den letzten drei Folgen im »AstroGeo«Podcast. Zuerst geht es um den Besuch von Kai Kupferschmidt und Laura Salm-Reiffersch… [+917 chars]",,de,'Sonne'
https://www.welt.de/kultur/plus6aaba5f86c12d34b7f43d5e9/krisen-der-millennials-als-die-kuehe-verrueckt-wurden-begann-auch-unser-wahnsinn.html,https://www.welt.de/kultur/plus6aaba5f86c12d34b7f43d5e9/krisen-der-millennials-als-die-kuehe-verrueckt-wurden-begann-auch-unser-wahnsinn.html,0,www.welt.de,"Als die Kühe verrückt wurden, begann auch unser Wahnsinn","Uns Millennials wurde versprochen, die Welt liege uns zu Füßen. Dann kamen BSE, 9/11, Finanzkrise und Klimawandel. Seitdem fühlen wir uns um die Zukunft geprellt. Doch vielleicht überschätzen wir unser besonderes Unglück.",https://images.welt.de/6aaba5f86c12d34b7f43d5e9/4f10db912b52907d5ff0274e7f7459db/ci16x9-w1200/gettyimages-sb10069375b-001-jpg,2026-09-18T05:37:40Z,,"Uns Millennials wurde versprochen, die Welt liege uns zu Füßen. Dann kamen BSE, 9/11, Finanzkrise und Klimawandel. Seitdem fühlen wir uns um die Zukunft geprellt. Doch vielleicht überschätzen wir uns… [+21 chars]",,de,'Klimawandel'
https://www.derstandard.at/story/3000000340330/regierung-praesentiert-heute-klimagesetz,https://www.derstandard.at/story/3000000340330/regierung-praesentiert-heute-klimagesetz,0,www.derstandard.at,Regierung präsentiert heute Klimagesetz,Nach fünf Jahren ohne Klimaschutzgesetz hat Österreich angesichts der extremen Hitze im Sommer ein neues Gesetz in Begutachtung geschickt,https://i.ds.at/N25YRA/rs:fill:1200:600/plain/lido-images/2025/09/04/93ab9bdd-a69c-4980-96f2-7c70d6125e0a.jpeg,2026-09-18T06:57:06Z,,"Sie entscheiden darüber, wie Sie unsere Inhalte nutzen wollen. Ihr Gerät erlaubt uns derzeit leider nicht, die entsprechenden Optionen anzuzeigen.
Bitte deaktivieren Sie sämtliche Hard- und Software… [+180 chars]",,de,'Hitze'
https://www.welt.de/wissenschaft/plus6aa9120b14e96b91c66faf2a/ein-waldsterben-findet-wegen-solcher-hitzeperioden-oder-des-klimawandels-nicht-statt.html,https://www.welt.de/wissenschaft/plus6aa9120b14e96b91c66faf2a/ein-waldsterben-findet-wegen-solcher-hitzeperioden-oder-des-klimawandels-nicht-statt.html,0,www.welt.de,„Ein eigentliches Waldsterben findet wegen solcher Hitzeperioden oder des Klimawandels nicht statt“,"Hitze und Trockenheit setzen Deutschlands Wäldern massiv zu – selbst alte Bäume und solche an Flussufern verdorren. Ein Waldökologe erklärt, warum bisherige Regeln nicht mehr gelten und wie unsere Wälder in Zukunft aussehen.",https://images.welt.de/6aa9120b14e96b91c66faf2a/b7583c48976a5966419b7662e89ad1f4/ci16x9-w1200/604469084-jpg,2026-09-18T07:22:53Z,,"Hitze und Trockenheit setzen Deutschlands Wäldern massiv zu selbst alte Bäume und solche an Flussufern verdorren. Ein Waldökologe erklärt, warum bisherige Regeln nicht mehr gelten und wie unsere Wäld… [+22 chars]",,de,'Hitze'
https://www.welt.de/wissenschaft/plus6aa9120b14e96b91c66faf2a/wald-ein-waldsterben-findet-wegen-solcher-hitzeperioden-oder-des-klimawandels-nicht-statt.html,https://www.welt.de/wissenschaft/plus6aa9120b14e96b91c66faf2a/wald-ein-waldsterben-findet-wegen-solcher-hitzeperioden-oder-des-klimawandels-nicht-statt.html,0,www.welt.de,„Es werden vermutlich mehr Bäume absterben als nach der extremen Trockenheit 2018“,"Hitze und Trockenheit setzen Deutschlands Wäldern massiv zu – selbst alte Bäume und solche an Flussufern verdorren. Ein Waldökologe erklärt, warum bisherige Regeln nicht mehr gelten und wie unsere Wälder in Zukunft aussehen.",https://images.welt.de/6aa9120b14e96b91c66faf2a/b7583c48976a5966419b7662e89ad1f4/ci16x9-w1200/604469084-jpg,2026-09-18T07:22:53Z,,"Hitze und Trockenheit setzen Deutschlands Wäldern massiv zu selbst alte Bäume und solche an Flussufern verdorren. Ein Waldökologe erklärt, warum bisherige Regeln nicht mehr gelten und wie unsere Wäld… [+22 chars]",,de,'Hitze'
https://www.faz.net/aktuell/wirtschaft/immobilien-wohnen/buero-gewerbe/die-neue-immobilienart-hitze-macht-kuehlhaeuser-begehrt-accg-201155056.html,https://www.faz.net/aktuell/wirtschaft/immobilien-wohnen/buero-gewerbe/die-neue-immobilienart-hitze-macht-kuehlhaeuser-begehrt-accg-201155056.html,0,www.faz.net,Kalte Immobilien: Hitze macht Kühlhäuser begehrt,Lebensmittel und Medikamente brauchen oft eine temperierte Lieferkette. Damit werden Kühlhäuser in Stadtnähe immer beliebter. Doch der Energieverbrauch ist heikel.,https://media0.faz.net/image/w1200h627/047eb14b8b35/w7871h4112x0y752o/202405/43601.0.315195534/spargelhof-bei-darmstadt-in.webp,2026-09-18T08:10:00Z,,"Die Immobilienbranche entdeckt langsam kalte Immobilien. Während Rechenzentren, Labore und Forschungsimmobilien oder urbane Logistik ihren Platz im institutionellen Anlageuniversum gefunden haben, rü… [+5670 chars]",,de,'Hitze'
https://www.diepresse.com/41272700/regierung-schickt-klimagesetz-in-begutachtung,https://www.diepresse.com/41272700/regierung-schickt-klimagesetz-in-begutachtung,0,www.diepresse.com,Regierung schickt Klimagesetz in Begutachtung [premium],"ÖVP, SPÖ und Neos haben sich auf ein Klimagesetz verständigt, das auf den drei Säulen Klimaschutz, Klimawandelanpassung und Kreislaufwirtschaft abstellt, um Österreich bis 2040 klimaneutral zu machen. Ebenfalls niedergeschrieben wurde eine Ausnahmeklausel.",https://img.diepresse.com/public/incoming/sxx7lg-22730394794644054bldhiresjpg/alternates/WEBP_WIDE_1200/22730394794644054_BLD_HiRes.jpg,2026-09-18T08:27:48Z,,"Alarmstufe Rot für den Klimaschutz herrscht aus Sicht der Grünen nach dem diesjährigen Hitzesommer. Die Koalition aus ÖVP, SPÖ und Neos müsste die Klimakrise endlich ernst nehmen und Maßnahmen ergrei… [+5252 chars]",,de,'Klimawandel'
https://www.focus.de/finanzen/versicherungen/allianz-vorstand-warnt-fuer-versicherer-wird-der-klimawandel-wird-zum-risiko_8af08f5a-b59e-4313-948c-ee6b2616d760.html,https://www.focus.de/finanzen/versicherungen/allianz-vorstand-warnt-fuer-versicherer-wird-der-klimawandel-wird-zum-risiko_8af08f5a-b59e-4313-948c-ee6b2616d760.html,0,www.focus.de,Allianz-Vorstand warnt: Für Versicherer wird der Klimawandel wird zum Risiko,"Allianz-Aktie mit 4,38 Prozent Dividendenrendite und 135 Prozent Kursplus. Der Klimawandel stellt jedoch ein unterschätztes Risiko dar.","https://quadro.burda-forward.de/ctf/69bd9f4b-82bc-4bbe-aece-c8f7f24ecf02.c55d450c-fc31-4bb0-8310-a0d9abd10ee6.jpeg?im=RegionOfInterestCrop=(1200,630),regionOfInterest=(640,360)&hash=5488ccfb0a30adc8637aba93ef71f08083fafaea438c1ebdbd481bb9f6ba1230",2026-09-18T09:59:00Z,,"Die Allianz-Aktie gilt unter vielen deutschen Anlegern als eine Traum-Aktie: So liegt das Kursgewinnverhältnis (KGV) für 2026 bei recht bescheidenen 14,6. Für einen der größten und führenden Versiche… [+3632 chars]",,de,'Klimawandel'
https://www.faz.net/aktuell/finanzen/kreditausfall-durch-umweltzerstoerung-accg-201202948.html,https://www.faz.net/aktuell/finanzen/kreditausfall-durch-umweltzerstoerung-accg-201202948.html,0,www.faz.net,Milliardenrisiken Natur: Kreditausfall durch Umweltzerstörung,Der Klimawandel ist heute Teil jeder Analyse von Kreditportfolios. Mit der Biodiversität tun sich Banken noch schwer. Aufsicht und Forscher befürchten riesige Fehlallokationen von Kapital.,https://media0.faz.net/image/w1200h627/d3a81f82868f/w3000h1567x0y76o/201504/431.0.34177942/die-bestaeubung-von-blueten.webp,2026-09-19T11:30:08Z,,"Es hat lang gedauert, bis die Abhängigkeit der Wirtschaft von der Natur breit erkannt wurde. Ein Indikator dafür, welche Themen massenfähig sind, ist das Programm des World Economic Forums in Davos. … [+9432 chars]",,de,'Klimawandel'
https://www.faz.net/aktuell/politik/inland/warum-der-klimawandel-auch-kaeltere-winter-bringt-201154037.html,https://www.faz.net/aktuell/politik/inland/warum-der-klimawandel-auch-kaeltere-winter-bringt-201154037.html,0,www.faz.net,Klimawandel: Heißzeit mit kälteren Wintern,"Wenn der Golfstrom versiegt: Schwitzen im Sommer, frieren im Winter",https://media0.faz.net/image/w1200h627/929e83b7f7c2/w6144h3210x0y443o/202608/43601.0.2470324528/das-ist-klimawandel-brand-im.webp,2026-09-20T18:30:46Z,,"Am Ende eines Sommers, der schon im Juni heiß wie nie war, verkündet Bundeskanzler Friedrich Merz einen bedauerlichen Befund: Das ist Klimawandel, sagt er zu den Einsatzkräften in Hürtgenwald, die ge… [+10733 chars]",,de,'Klimawandel'
https://www.faz.net/aktuell/feuilleton/debatten/klimaforscherin-friederike-otto-wie-wird-das-wetter-in-10-jahren-accg-201232870.html,https://www.faz.net/aktuell/feuilleton/debatten/klimaforscherin-friederike-otto-wie-wird-das-wetter-in-10-jahren-accg-201232870.html,0,www.faz.net,Deutschland in zehn Jahren: Wie wird das Wetter in zehn Jahren?,"Wie soll unser Land in zehn Jahren aussehen? Das hat das Zukunftsmagazin Frankfurter Allgemeine Quarterly kluge Köpfe im ganzen Land gefragt. Heute: Klimaforscherin Friederike Otto darüber, was genau durch den Klimawandel auf Deutschland zukommt.",https://media0.faz.net/image/w1200h627/9d5d29519368/w1862h972x186y37o/202609/e850cda7-c4ce-4b0b-b4fa-7234a15c7324/friederike-otto-forscht-als.webp,2026-09-21T04:12:01Z,,"Was wir vor zehn, zwanzig Jahren Extremwetter genannt haben und oft noch immer so nennen , ist schon jetzt nicht mehr selten. In zehn Jahren wird es normales oder sogar vergleichsweise kühles Sommerw… [+4615 chars]",,de,'Klimawandel'
https://www.n-tv.de/sport/nfl/Schuhsohlen-von-NFL-Star-schmelzen-mitten-im-Spiel-id31329154.html,https://www.n-tv.de/sport/nfl/Schuhsohlen-von-NFL-Star-schmelzen-mitten-im-Spiel-id31329154.html,0,www.n-tv.de,Fast 70 Grad auf dem Rasen: Schuhsohlen von NFL-Star schmelzen mitten im Spiel,Das NFL-Spiel zwischen den Tennessee Titans und den Philadelphia Eagles wird von massiver Hitze überschattet. Fast 70 Grad auf dem Spielfeld sorgen für kuriose Szenen und Kunstrasen-Diskussionen.,https://www.n-tv.de/img/31329157/1789981585/Img_16_9/1200/image.jpg,2026-09-21T07:30:29Z,,"Das NFL-Spiel zwischen den Tennessee Titans und den Philadelphia Eagles wird von massiver Hitze überschattet. Fast 70 Grad auf dem Spielfeld sorgen für kuriose Szenen und Kunstrasen-Diskussionen.
Fa… [+1754 chars]",,de,'Hitze'
https://www.faz.net/aktuell/wirtschaft/klima-nachhaltigkeit/biodiversitaet-und-klimawandel-was-kostet-der-artenverlust-accg-201223522.html,https://www.faz.net/aktuell/wirtschaft/klima-nachhaltigkeit/biodiversitaet-und-klimawandel-was-kostet-der-artenverlust-accg-201223522.html,0,www.faz.net,Klimaschutz: „So ein heißer Sommer kann ein Lerneffekt sein“,"Biodiversität hat ihren Preis: Ökonom Moritz Kraemer untersucht, wie schrumpfende Artenvielfalt die Staatsfinanzen belastet. Welche wirtschaftlichen Folgen hat der Klimawandel?",https://media0.faz.net/image/w1200h627/73036e549e9d/w2856h1492x0y57o/202609/43601.0.2555956007/faellt-die-bestaeubung-aus.webp,2026-09-21T08:49:57Z,,"Herr Kraemer, Sie arbeiten als Chefvolkswirt einer Landesbank und waren früher für eine Ratingagentur tätig. Mit anderen Ökonomen haben Sie gerade an einer Studie zum Naturschutz mitgeschrieben: Der … [+5519 chars]",,de,'Klimawandel'
https://www.n-tv.de/wissen/Forscher-errechnen-wie-stark-Hitzestress-der-Wirtschaft-schadet-id31329448.html,https://www.n-tv.de/wissen/Forscher-errechnen-wie-stark-Hitzestress-der-Wirtschaft-schadet-id31329448.html,0,www.n-tv.de,"Milliarden an Produktionsverlust: Forscher errechnen, wie stark Hitzestress der Wirtschaft schadet","Wenn Beschäftigte bei Hitze weniger leisten können, entstehen enorme wirtschaftliche Schäden. Eine neue Modellrechnung setzt diese Verluste erstmals in Beziehung zum CO2-Ausstoß. Nur ein anderer Klimafaktor wiegt sozial noch schwerer.",https://www.n-tv.de/img/31329503/1789986301/Img_16_9/1200/612628556.jpg,2026-09-21T08:54:05Z,,"Wie stark Arbeiter durch Hitze belastet sind, hängt von Land und Arbeitsort, aber auch von ihrem Job ab. (Foto: picture alliance / photothek.de)
Wenn Beschäftigte bei Hitze weniger leisten können, e… [+4386 chars]",,de,'Hitze'
https://www.faz.net/aktuell/rhein-main/frankfurt/wenn-schulen-ihre-klimaanlagen-nicht-nutzen-duerfen-accg-201241981.html,https://www.faz.net/aktuell/rhein-main/frankfurt/wenn-schulen-ihre-klimaanlagen-nicht-nutzen-duerfen-accg-201241981.html,0,www.faz.net,Hitzeschutz: Schulen dürfen Klimaanlagen nicht nutzen,"Das Frankfurter Baudezernat will verhindern, dass sich Schulen zu sehr aufheizen. Zwei kuriose Fälle lassen aufhorchen. Schulgebäude, die ursprünglich klimatisiert waren, können die Klimaanlage nicht einschalten.",https://media0.faz.net/image/w1200h627/d715ffb05218/w3464h1809x0y370o/202608/43601.0.2421806883/als-schule-nicht-mehr-kuehl.webp,2026-09-21T10:53:48Z,,"Nach den großen Hitzewellen im Hochsommer sind die Temperaturen in den Klassenzimmern wieder auf erträgliche Werte gesunken, hitzefrei ist an den Schulen vorerst kein Thema mehr. Aber der nächste Som… [+6095 chars]",,de,'Hitze'
https://kaernten.orf.at/stories/3372026/,https://kaernten.orf.at/stories/3372026/,0,kaernten.orf.at,Parkgebühren für Abkühlungsmaßnahmen,"Nach dem heurigen Rekordsommer möchte die Stadt Klagenfurt verstärkt in den Hitzeschutz investieren. Es soll mehr Bäume, mehr Trinkwasserbrunnen und weniger versiegelte Flächen geben. Finanziert werden soll das durch einen Teil der Einnahmen aus der Parkgebüh…",https://ibs.orf.at/ktn?image=https%3A%2F%2Foekastatic.orf.at%2Fmims%2F2019%2F14%2F94%2Fcrops%2Fw%3D1200%2Ch%3D627%2Cq%3D75%2F126760_master_27694_woerthersee_ostbucht.jpg%3Fs%3D98c6595496c4fb26d858360f43281edd991c5d6b,2026-09-21T11:18:20Z,,"48 Hitzetage hat Klagenfurt heuer bereits verzeichnet, ein neuer Rekord, hieß es am Montag von der Stadt. Mit dem Projekt Cool down Klagenfurt soll deshalb dauerhaft Geld für Maßnahmen gegen die zune… [+1608 chars]",,de,'Hitze'
https://www.urlaubspiraten.de/pauschalreisen/tuerkei-club-hotel-phaselis-rose,https://www.urlaubspiraten.de/pauschalreisen/tuerkei-club-hotel-phaselis-rose,0,www.urlaubspiraten.de,5-Sterne-Familienurlaub mit eigenem Strand & Aquapark ☀️,"Meeresbrise, angenehme Herbstsonne und Wasseraction: Der perfekte Familienurlaub braucht genau diesen Mix. ☀️Wer für den Herbst nach einer ausgiebigen, vollkommen entspannten Auszeit mit der ganzen Familie sucht, wird im familienfreundlichen 5*-Club Hotel Pha…",https://image.urlaubspiraten.de/720/image/upload/v1789987284/Impressions%20and%20Other%20Assets/2025-12-01-06-07-35-_ybmzmx.jpg,2026-09-21T15:00:00Z,,"Zusätzliche Informationen
Club Hotel Phaselis Rose 
Das erst 2024 teilrenovierte 5-Sterne-Resort liegt in bester Lage direkt am hoteleigenen Sand-/Kiesstrand von Tekirova, umgeben von dichtem Grün … [+1603 chars]",,de,'Eiscreme'
https://www.morgenpost.de/panorama/article413230122/dwd-analyse-gut-moeglich-dass-der-sommer-2026-noch-einer-der-kuehleren-war.html,https://www.morgenpost.de/panorama/article413230122/dwd-analyse-gut-moeglich-dass-der-sommer-2026-noch-einer-der-kuehleren-war.html,0,www.morgenpost.de,"DWD-Analyse: „Gut möglich, dass der Sommer 2026 noch einer der kühleren war“","Fast 16.000 Hitzetote, Milliardenschäden: Der DWD zieht auf dem Extremwetterkongress in Hamburg Bilanz. NRW trifft es besonders hart.",https://img.sparknews.funkemedien.de/413229256/413229256_1790105116_v16_9_1600.jpeg,2026-09-23T08:37:56Z,,"Der Deutsche Wetterdienst (DWD) warnt in einem neuen Bericht vor massiven Folgen lang anhaltender Hitzewellen und Dürren, die im Zuge der globalen Erwärmung immer häufiger auftreten könnten. Fast 16.… [+5313 chars]",,de,'Hitze'
https://www.tagesspiegel.de/wissen/dpa-extremwetterkongress-experten-kunftig-mehr-hitzewellen-in-deutschland-16086981.html,https://www.tagesspiegel.de/wissen/dpa-extremwetterkongress-experten-kunftig-mehr-hitzewellen-in-deutschland-16086981.html,0,www.tagesspiegel.de,Extremwetterkongress: Experten: Künftig mehr Hitzewellen in Deutschland,"In Hamburg ist der 16. Extremwetterkongress gestartet. Viele künftige Sommer drohen im Mittel noch heißer als in diesem Jahr zu werden, warnen Experten.",https://www.tagesspiegel.de/images/16086980/alternates/BASE_16_9_W1400/1790158998000/hitze-in-der-stadt.jpeg,2026-09-23T10:23:18Z,,"Angesichts des Klimawandels haben Experten auf dem Extremwetterkongress in Hamburg zum Handeln aufgerufen. Jedes Jahrzehnt ist seit den 1960er Jahren deutlich wärmer als das vorhergehende, sagte Tobi… [+1794 chars]",,de,'Hitze'
https://www.sueddeutsche.de/muenchen/oktoberfest-2026-muenchen-fischer-vroni-steckerlfisch-fischzucht-li.3530436,https://www.sueddeutsche.de/muenchen/oktoberfest-2026-muenchen-fischer-vroni-steckerlfisch-fischzucht-li.3530436,0,www.sueddeutsche.de,Essen auf dem Oktoberfest: Steckerlfisch gehört zur Wiesn wie Bier – doch er ist in Gefahr,"Hitze, Wassermangel und sinkende Makrelenbestände erschweren die Versorgung von Betrieben wie der Fischer-Vroni. Besuch bei einem Fischereibetrieb, der kreative Antworten findet – und über exotische Fische nachdenkt.",https://www.sueddeutsche.de/2026/08/27/76d0a2a5-2338-4aa1-a737-c766555e5ce6.jpg?q=60&fm=webp&width=1200&rect=0%2C209%2C4000%2C2250,2026-09-23T10:37:05Z,,"Die Oberpfalz zeigt sich hier von ihrer lieblichen Seite. Sanfte Hügel, grüne Wälder, Felder und Wiesen. Kleine Straßen führen durch die Dörfer. Und immer wieder Wasser. Ein Teich, noch einer, dahint… [+163 chars]",,de,'Hitze'
https://www.nzz.ch/panorama/hitze-als-strafe-texas-muss-seine-gefaengnisse-klimatisieren-ld.10025025,https://www.nzz.ch/panorama/hitze-als-strafe-texas-muss-seine-gefaengnisse-klimatisieren-ld.10025025,0,www.nzz.ch,Hitze als Strafe? Texas muss seine Gefängnisse klimatisieren,"Staatliche Gefängnisse in Texas sind im Sommer Hitzehöllen. Manchmal waren Häftlinge so verzweifelt, dass sie Feuer legten, damit Wärter ihre Zellblöcke mit Wasser abspritzten. Nun zwingt ein Bundesrichter den Gliedstaat, seine Haftanstalten zu kühlen.","https://img-msp-prod.nzz.ch/2026/09/23/43b9c0f9-8eb0-4ff4-93c5-3e1cd66096dd.jpg?width=1200&height=674&fit=bounds&quality=75&auto=webp&crop=3000,1687,x0,y563&wmark=nzz",2026-09-23T11:00:04Z,,"Staatliche Gefängnisse in Texas sind im Sommer Hitzehöllen. Manchmal waren Häftlinge so verzweifelt, dass sie Feuer legten, damit Wärter ihre Zellblöcke mit Wasser abspritzten. Nun zwingt ein Bundesr… [+6109 chars]",,de,'Hitze'
https://www.welt.de/regionales/hamburg/article6ab3baa3e5b1ca08382b8e66/extremwetterkongress-beim-spiel-klimavernunft-gegen-realitaetsverweigerung-steht-es-gerade-gefuehlt-1-3.html,https://www.welt.de/regionales/hamburg/article6ab3baa3e5b1ca08382b8e66/extremwetterkongress-beim-spiel-klimavernunft-gegen-realitaetsverweigerung-steht-es-gerade-gefuehlt-1-3.html,0,www.welt.de,„Beim Spiel Klimavernunft gegen Realitätsverweigerung steht es gerade gefühlt 1:3“,"Der Extremwetterkongress in Hamburg warnt vor mehr Hitzewellen, mehr Trockenheit und mehr Hitzetoten in Deutschland. Bundesumweltminister Schneider fordert die Verankerung von Klimaanpassung und Naturschutz im Grundgesetz.",https://images.welt.de/6ab3baa3e5b1ca08382b8e66/498e9ed6303c25b20d236dc9763f19eb-master/ci16x9-w1200/dpa-com-260923-936-101319-jpg,2026-09-23T12:04:04Z,,"Der Extremwetterkongress in Hamburg warnt vor mehr Hitzewellen, mehr Trockenheit und mehr Hitzetoten in Deutschland. Bundesumweltminister Schneider fordert die Verankerung von Klimaanpassung und Natu… [+4362 chars]",,de,'Hitze'
https://www.n-tv.de/politik/Ein-Urlaubsparadies-wird-zur-Drehscheibe-fuer-russische-Schattentransporte-id31333331.html,https://www.n-tv.de/politik/Ein-Urlaubsparadies-wird-zur-Drehscheibe-fuer-russische-Schattentransporte-id31333331.html,0,www.n-tv.de,Von den Malediven nach Moskau: Ein Urlaubsparadies wird zur Drehscheibe für russische Schattentransporte,"Jedes Jahr fliegen Hunderttausende Touristen auf die Malediven - doch der Tropenstaat scheint mehr zu sein als ein Urlaubsziel: Der Flughafen des Landes ist zum Umschlagplatz für sanktionierte Waren nach Russland geworden, berichtet das ""Wall Street Journal"".",https://www.n-tv.de/img/31331010/1790001736/Img_16_9/1200/imago0145326465h.jpg,2026-09-23T14:27:13Z,,"Die Malediven sind offenbar nicht nur ein beliebtes Reiseziel für Russen. (Foto: imago images/OceanPhoto)
Jedes Jahr fliegen Hunderttausende Touristen auf die Malediven - doch der Tropenstaat schein… [+5881 chars]",,de,'Sonne'
https://www.tagesspiegel.de/potsdam/potsdam-kultur/vier-meter-hohe-menschlichkeit-sabine-hornig-hat-fur-potsdams-alte-fahrt-ein-kunstwerk-geschaffen-16086866.html,https://www.tagesspiegel.de/potsdam/potsdam-kultur/vier-meter-hohe-menschlichkeit-sabine-hornig-hat-fur-potsdams-alte-fahrt-ein-kunstwerk-geschaffen-16086866.html,0,www.tagesspiegel.de,Vier Meter hohe Menschlichkeit: Sabine Hornig hat für Potsdams Alte Fahrt ein Kunstwerk geschaffen,"Die Berliner Künstlerin hat sich für ihre Potsdamer Arbeit von Hannah Arendt inspirieren lassen. Entstanden ist ein Werk aus Stahl, das die Sonne hindurchlässt – und einem demokratischen Impuls folgt.",https://www.tagesspiegel.de/images/16087191/alternates/BASE_16_9_W1400/1790161709000/einweihung-des-neuen-kunstwerks-fur-den-walk-of-modern-art-in-potsdam.jpeg,2026-09-23T14:29:04Z,,"Kunst im öffentlichen Raum ist ein Gesamtkunstwerk aus vielen Bestandteilen, einer davon ist das Wetter. Es spielt seine Rolle ausnehmend gut am Mittwochmorgen an der Potsdamer Alten Fahrt: Der Himme… [+181 chars]",,de,'Sonne'
https://www.derstandard.de/story/3000000333107/neuer-rekord-schon-jetzt-mehr-solarstrom-als-im-gesamten-vorjahr,https://www.derstandard.de/story/3000000333107/neuer-rekord-schon-jetzt-mehr-solarstrom-als-im-gesamten-vorjahr,0,www.derstandard.de,Neuer Rekord: Schon jetzt mehr Solarstrom als im gesamten Vorjahr,Bis vor wenigen Jahren spielte Sonnenenergie in Österreich kaum eine Rolle. Nach dem Rekordjahr 2026 ist die Photovoltaik auf dem Sprung zur zweitwichtigsten Stromquelle,https://i.ds.at/LfDYdQ/rs:fill:1200:600/plain/lido-images/2024/12/19/45894315-97ff-4bf3-9202-af3ce0001302.jpeg,2026-09-23T15:30:00Z,,"Innerhalb weniger Jahre hat sich Energie aus Photovoltaik-Modulen (wie hier in Nickelsdorf) zur zweitwichtigsten Stromquelle Österreichs gemausert.
APA/HELMUT FOHRINGER
Theoretisch dauert es keine … [+765 chars]",,de,'Sonne'
https://www.n-tv.de/auto/Kia-EV2-frei-vom-typischen-Mief-id31321833.html,https://www.n-tv.de/auto/Kia-EV2-frei-vom-typischen-Mief-id31321833.html,0,www.n-tv.de,"Kein Billigstromer, aber günstig: Kia EV2 - frei vom typischen Mief","Wenn ein Auto in praller Sonne parkt, empfängt es seine Gäste mit Hitze und oft auch unschönen Ausdünstungen. Von Letzterem bleibt man beim EV2 verschont. Auch sonst macht der kleine Koreaner einiges besser als die Konkurrenz.",https://www.n-tv.de/img/31329208/1789982440/Img_16_9/1200/kia-ev2-base-line-frost-blue-dynamic-print-3600x2400-005.jpg,2026-09-23T15:44:14Z,,"Kein Billigstromer, aber günstigKia EV2 - frei vom typischen Mief
Die Optik des Kia EV2 ist leicht verdaulich und freundlich. (Foto: Kia)
Wenn ein Auto in praller Sonne parkt, empfängt es seine Gäs… [+7946 chars]",,de,'Hitze'
https://www.n-tv.de/wissen/Experten-sagen-Deutschland-mehr-und-intensivere-Hitzesommer-voraus-id31339618.html,https://www.n-tv.de/wissen/Experten-sagen-Deutschland-mehr-und-intensivere-Hitzesommer-voraus-id31339618.html,0,www.n-tv.de,Extremwetter durch Klimawandel: Experten sagen Deutschland mehr und intensivere Hitzesommer voraus,Jedes Jahrzehnt seit den 1960er Jahren fällt wärmer aus als das vorherige. Auf dem Extremwetterkongress in Hamburg zeichnen Fachleute ein düsteres Bild für Deutschland: In wenigen Jahrzehnten könnte der Hitzesommer 2026 als normal gelten.,https://www.n-tv.de/img/31339731/1790174799/Img_16_9/1200/533877113.jpg,2026-09-23T16:54:06Z,,"Ende Juni wurden Rekordtemperaturen von 41,8 Grad östlich von Magdeburg gemessen. (Foto: picture alliance / W2Art / Klara Michel)
Jedes Jahrzehnt seit den 1960er Jahren fällt wärmer aus als das vorh… [+2080 chars]",,de,'Hitze'
https://www.nzz.ch/zuerich/hitze-digitalisierung-rasenplaetze-balthasar-glaettli-hat-viele-ideen-ld.10025061,https://www.nzz.ch/zuerich/hitze-digitalisierung-rasenplaetze-balthasar-glaettli-hat-viele-ideen-ld.10025061,0,www.nzz.ch,Die vielen Ideen des Herrn Glättli: Der grüne Zürcher Stadtrat verspricht «wirksame Massnahmen» gegen überhitzte Schulzimmer,"Hitze, Digitalisierung, Rasenplätze: Der neue Schul- und Sportvorsteher hat sich viel vorgenommen. Versuch eines Überblicks.","https://img-msp-prod.nzz.ch/2026/09/23/2f037b03-8c02-4ef2-9ae9-ef0928472d57.jpg?width=1200&height=675&fit=bounds&quality=75&auto=webp&crop=5000,2813,x500,y0&wmark=nzz",2026-09-23T17:26:02Z,,"Hitze, Digitalisierung, Rasenplätze: Der neue Schul- und Sportvorsteher hat sich viel vorgenommen. Versuch eines Überblicks.
Zusammenfassung
«Das bisherige System ist unfair»: Balthasar Glättli wil… [+4204 chars]",,de,'Hitze'
https://www.zeit.de/news/2026-09/24/regen-und-gewitter-im-osten-wochenende-bringt-sonne-zurueck,https://www.zeit.de/news/2026-09/24/regen-und-gewitter-im-osten-wochenende-bringt-sonne-zurueck,0,www.zeit.de,Wetter in Bayern: Regen und Gewitter im Osten – Wochenende bringt Sonne zurück,Hier finden Sie Informationen zu dem Thema „Wetter in Bayern“. Lesen Sie jetzt „Regen und Gewitter im Osten – Wochenende bringt Sonne zurück“.,https://img.zeit.de/news/2026-09/24/regen-und-gewitter-im-osten-wochenende-bringt-sonne-zurueck-image-group/wide__1300x731,2026-09-24T02:10:05Z,,"Die Menschen im Freistaat erwartet am Donnerstag unruhiges Wetter: Vor allem in den östlichen Landesteilen kann es laut der Vorhersage des Deutschen Wetterdienstes (DWD) zeitweise regnen, vereinzelt … [+798 chars]",,de,'Sonne'
https://www.nzz.ch/international/im-swing-state-maine-bangen-die-hummerfischer-um-ihre-zukunft-ld.10022679,https://www.nzz.ch/international/im-swing-state-maine-bangen-die-hummerfischer-um-ihre-zukunft-ld.10022679,0,www.nzz.ch,Im Swing State Maine bangen die Hummerfischer um ihre Zukunft,"Der Kampf um die Mehrheit im Senat entscheidet sich bei den Zwischenwahlen auch im nordöstlichen Gliedstaat Maine. Ein Besuch an einem Fischerhafen, wo neue Regulierungen, Trumps Zollpolitik und der Klimawandel das Geschäft mit den Hummern bedrohen.","https://img-msp-prod.nzz.ch/2026/09/23/4c5ab5cf-c55b-4f03-8199-38871e07a980.jpg?width=1200&height=675&fit=bounds&quality=75&auto=webp&crop=4032,2268,x0,y664&wmark=nzz",2026-09-24T03:30:00Z,,"Der Kampf um die Mehrheit im Senat entscheidet sich bei den Zwischenwahlen auch im nordöstlichen Gliedstaat Maine. Ein Besuch an einem Fischerhafen, wo neue Regulierungen, Trumps Zollpolitik und der … [+13031 chars]",,de,'Klimawandel'
https://www.zeit.de/news/2026-09/24/allianz-hitze-senkt-europas-wirtschaftsleistung,https://www.zeit.de/news/2026-09/24/allianz-hitze-senkt-europas-wirtschaftsleistung,0,www.zeit.de,Klima und Konjunktur: Allianz: Hitze senkt Europas Wirtschaftsleistung,Hier finden Sie Informationen zu dem Thema „Klima und Konjunktur“. Lesen Sie jetzt „Allianz: Hitze senkt Europas Wirtschaftsleistung“.,https://img.zeit.de/news/2026-09/24/allianz-hitze-senkt-europas-wirtschaftsleistung-image-group/wide__1300x731,2026-09-24T03:30:07Z,,Die Hitzewelle dieses Sommers hat die europäische Wirtschaftsleistung für das laufende Jahr nach Schätzung der Allianz um 113 Milliarden Euro reduziert. Deutschland liegt dabei mit geschätzten Einbuß… [+3699 chars],,de,'Hitze'
https://www.tagesspiegel.de/wirtschaft/dpa-klima-und-konjunktur-allianz-hitze-senkt-europas-wirtschaftsleistung-16089693.html,https://www.tagesspiegel.de/wirtschaft/dpa-klima-und-konjunktur-allianz-hitze-senkt-europas-wirtschaftsleistung-16089693.html,0,www.tagesspiegel.de,Klima und Konjunktur: Allianz: Hitze senkt Europas Wirtschaftsleistung,"Bei starker Hitze fühlen sich viele Menschen schlapp. Auch wenn nichts kaputtgeht, hat das laut Allianz dennoch erhebliche Auswirkungen auf die Wirtschaftskraft.",https://www.tagesspiegel.de/images/16089692/alternates/BASE_16_9_W1400/1790220685000/hitze-und-die-folgen.jpeg,2026-09-24T03:31:25Z,,Die Hitzewelle dieses Sommers hat die europäische Wirtschaftsleistung für das laufende Jahr nach Schätzung der Allianz um 113 Milliarden Euro reduziert. Deutschland liegt dabei mit geschätzten Einbuß… [+3367 chars],,de,'Hitze'
https://www.faz.net/aktuell/wirtschaft/hitzewelle-kostet-europa-113-milliarden-euro-accg-201257447.html,https://www.faz.net/aktuell/wirtschaft/hitzewelle-kostet-europa-113-milliarden-euro-accg-201257447.html,0,www.faz.net,Allianz-Studie: Hitze senkt Europas Wirtschaftsleistung,Die Hitze dieses Sommers hat Europas Wirtschaftsleistung laut Allianz um 113 Milliarden Euro gemindert. Deutschland trifft es besonders hart. 2027 droht mit El Niño der nächste Einbruch.,https://media0.faz.net/image/w1200h627/f3e2cf8562f2/w6144h3210x0y443o/202609/43601.0.2585152388/eine-frau-kuehlt-sich-an-einer.webp,2026-09-24T04:00:21Z,,Die Hitzewelle dieses Sommers hat die europäische Wirtschaftsleistung für das laufende Jahr nach Schätzung der Allianz um 113 Milliarden Euro reduziert. Deutschland liegt dabei mit geschätzten Einbuß… [+3219 chars],,de,'Hitze'
https://www.bild.de/news/wetter/hitze-kommt-zurueck-jetzt-wirds-jeden-tag-waermer-6ab3a6a8e5b1ca08382b5645,https://www.bild.de/news/wetter/hitze-kommt-zurueck-jetzt-wirds-jeden-tag-waermer-6ab3a6a8e5b1ca08382b5645,0,www.bild.de,Hitze kommt zurück - Jetzt wird’s jeden Tag wärmer,"Nach kühlem Donnerstag folgt ein warmes Spätsommer-Wochenende mit Sonne. Zeit, den Grill noch mal anzuschmeißen.","https://images.bild.de/6ab3a6a8e5b1ca08382b5645/2effc5ef9d39b2ef2aaf976a547b6feb,b8832dbf?w=1280",2026-09-24T04:10:16Z,,"TTS-Player überspringenArtikel weiterlesenDeutschland bibbert noch einmal kurz, dann dreht der Spätsommer richtig auf! Der Donnerstag bringt zunächst einen kleinen Herbst-Dämpfer. Von Nordwesten zieh… [+2776 chars]",,de,'Sonne'
https://www.n-tv.de/wirtschaft/Hitze-vermindert-deutsche-Wirtschaftsleistung-id31341859.html,https://www.n-tv.de/wirtschaft/Hitze-vermindert-deutsche-Wirtschaftsleistung-id31341859.html,0,www.n-tv.de,Einbußen an mehreren Stellen: Hitze vermindert deutsche Wirtschaftsleistung,In ganz Europa sorgen die verbreiteten Hitzewellen des Sommers für wirtschaftliche Einbußen. In Deutschland betragen diese laut Schätzung der Allianz rund 25 Milliarden Euro. Auch für das kommende Jahr sind Fachleute nicht sehr zuversichtlich.,https://www.n-tv.de/img/31339731/1790174799/Img_16_9/1200/533877113.jpg,2026-09-24T05:45:48Z,,"Einbußen an mehreren StellenHitze vermindert deutsche Wirtschaftsleistung
In diesem Sommer kam es zu extremen Temperaturen. (Foto: picture alliance / W2Art / Klara Michel)
In ganz Europa sorgen die… [+3609 chars]",,de,'Hitze'
https://www.tagesschau.de/wirtschaft/konjunktur/hitze-senkt-europas-wirtschaftsleistung-allianz-100.html,https://www.tagesschau.de/wirtschaft/konjunktur/hitze-senkt-europas-wirtschaftsleistung-allianz-100.html,0,www.tagesschau.de,Hitze schwächt Europas Wirtschaftsleistung,Extreme Hitze kostet die europäische Wirtschaft in diesem Jahr voraussichtlich 113 Milliarden Euro. Deutschland ist besonders stark betroffen. Die Allianz warnt vor weiter steigenden Schäden durch den Klimawandel.,https://images.tagesschau.de/image/a08b9e72-c224-45bd-9b1c-f5dd44986204/AAABoNH60n8/AAABnSSvrFg/16x9-big/hitzewelle-ernte-100.jpg?width=1280,2026-09-24T06:45:33Z,,"Stand: 24.09.2026 08:45 Uhr
Extreme Hitze kostet die europäische Wirtschaft in diesem Jahr voraussichtlich 113 Milliarden Euro. Deutschland ist besonders stark betroffen. Die Allianz warnt vor weite… [+3376 chars]",,de,'Klimawandel'
https://www.sueddeutsche.de/bayern/wetter-bayern-wochenende-vorhersage-wiesn-li.3553142,https://www.sueddeutsche.de/bayern/wetter-bayern-wochenende-vorhersage-wiesn-li.3553142,0,www.sueddeutsche.de,Wetter in Bayern: Erst Regen und Gewitter –  am Wochenende wird es wieder warm,Vor allem in den östlichen Landesteilen kann es laut der Vorhersage des Deutschen Wetterdienstes (DWD) zeitweise regnen. Der Samstag wird wieder freundlich.,https://www.sueddeutsche.de/2026/09/24/97b8c7dc-acff-4282-8665-228ac4814a71.jpg?q=60&fm=webp&width=1200&rect=0%2C184%2C4000%2C2250,2026-09-24T07:42:02Z,,Nach einem kühlen und wechselhaften Tag wird es in Bayern zum Wochenende wieder freundlicher und wärmer. Am Freitag kommt häufiger die Sonne heraus. Die Höchstwerte liegen zwischen 14 Grad im Hofer L… [+436 chars],,de,'Gewitter'
https://www.appgefahren.de/anker-maggo-2-pro-ausprobiert-powerbank-mit-kuehlung-und-display-405875.html,https://www.appgefahren.de/anker-maggo-2-pro-ausprobiert-powerbank-mit-kuehlung-und-display-405875.html,0,www.appgefahren.de,Anker MagGo 2 Pro ausprobiert: Powerbank mit Kühlung und Display,"Wer sein iPhone besonders effektiv und Akku-schonend aufladen möchte, greift zur neuen Anker MagGo 2 Pro Powerbank, die eine aktive Kühlung bietet. Da Hitze die Aufladung beeinträchtigt, kühlt die Powerbank während des Ladevorgangs sowohl das iPhone als auch …",https://www.appgefahren.de/wp-content/uploads/2026/09/Anker-MagGo-2-Pro.jpg,2026-09-24T07:45:05Z,,"Wer sein iPhone besonders effektiv und Akku-schonend aufladen möchte, greift zur neuen Anker MagGo 2 Pro Powerbank, die eine aktive Kühlung bietet. Da Hitze die Aufladung beeinträchtigt, kühlt die Po… [+3628 chars]",,de,'Hitze'
