index,url,valid,domain,title,description,image,published,archive,content,quote,language,keyword
https://www.tagesspiegel.de/sport/fussball-wm-mexiko-spiel-verzogert-sich-wegen-gewitters-um-eine-stunde-15779441.html,https://www.tagesspiegel.de/sport/fussball-wm-mexiko-spiel-verzogert-sich-wegen-gewitters-um-eine-stunde-15779441.html,0,www.tagesspiegel.de,Fußball-WM: Mexiko-Spiel verzögert sich wegen Gewitters um eine Stunde,Ein heftiges Gewitter über Mexiko-Stadt und Regen haben Konsequenzen für das Sechzehntelfinale des WM-Mitgastgebers gegen Ecuador. Die FIFA stimmt sich mit den lokalen Behörden ab.,https://www.tagesspiegel.de/images/15779440/alternates/BASE_16_9_W1400/1782865656000/wm-2026-mexiko-ecuador.jpeg,2026-07-01T00:27:36Z,,Das erste K.-o.-Spiel von WM-Mitgastgeber Mexiko verzögert sich nach einem schweren Gewitter um voraussichtlich 60 Minuten. Etwa eine Stunde vor dem geplanten Spielbeginn um 19.00 Uhr Ortszeit (03.00… [+1281 chars],,de,'Gewitter'
https://www.tagesspiegel.de/sport/fussball-wm-gewitter-und-heftiger-regen-mexiko-spiel-verzogert-sich-15779441.html,https://www.tagesspiegel.de/sport/fussball-wm-gewitter-und-heftiger-regen-mexiko-spiel-verzogert-sich-15779441.html,0,www.tagesspiegel.de,Fußball-WM: Gewitter und heftiger Regen: Mexiko-Spiel verzögert sich,Ein heftiges Gewitter über Mexiko-Stadt und Regen haben Konsequenzen für das Sechzehntelfinale des WM-Mitgastgebers gegen Ecuador.,https://www.tagesspiegel.de/images/15779440/alternates/BASE_16_9_W1400/1782865656000/wm-2026-mexiko-ecuador.jpeg,2026-07-01T00:27:36Z,,Das erste K.-o.-Spiel von WM-Mitgastgeber Mexiko verzögert sich. Etwa eine Stunde vor dem geplanten Spielbeginn um 19.00 Uhr Ortszeit (03.00 MESZ/MagentaTV) gab der Stadionsprecher die Verspätung weg… [+644 chars],,de,'Gewitter'
https://www.bild.de/sport/fussball/unwetter-am-stadion-anpfiff-des-spiels-mexiko-ecuador-verschoben-6a445f17c04ea97a4e5034a0,https://www.bild.de/sport/fussball/unwetter-am-stadion-anpfiff-des-spiels-mexiko-ecuador-verschoben-6a445f17c04ea97a4e5034a0,0,www.bild.de,Gewitter und Starkregen - Anpfiff von WM-Spiel verschoben!,WM 2026: Verzögerung in der Runde der letzten 32! Der Anpfiff des Spiels Mexiko gegen Ecuador wurde verschoben.,"https://images.bild.de/6a445f17c04ea97a4e5034a0/244ff41ef3f6de7d2b4297abf25d3ad6,f7f8c55e?w=1280",2026-07-01T00:44:27Z,,"+++Gewitter und heftiger Regen! Mexiko-Spiel wird später angepfiffen
+++Gewitter und heftiger Regen! Mexiko-Spiel wird später angepfiffen
+++Gewitter und heftiger Regen! Mexiko-Spiel wird später an… [+498 chars]",,de,'Gewitter'
https://www.bild.de/sport/fussball/wm-2026-unwetter-chaos-anpfiff-von-wm-spiel-verschoben-6a446843c04ea97a4e5034de,https://www.bild.de/sport/fussball/wm-2026-unwetter-chaos-anpfiff-von-wm-spiel-verschoben-6a446843c04ea97a4e5034de,0,www.bild.de,Unwetter-Chaos - WM-Spiel kann nicht pünktlich beginnen!,Heftiges Gewitter und Starkregen sorgen bei der WM 2026 für eine Spielverzögerung. Der Anpfiff zwischen Mexiko und Ecuador muss kurzfristig um eine Stunde verschoben werden.,"https://images.bild.de/6a446843c04ea97a4e5034de/0c5b4927cb234c9bc6de4bbac5ea3430,9de04f94?w=1280",2026-07-01T01:49:46Z,,"TTS-Player überspringenArtikel weiterlesenDas Wetter sorgt bei der 
WM 2026 erneut für Probleme! Das Sechzehntelfinale zwischen Mexiko und Ecuador im Azteken-Stadion in Mexiko-Stadt kann nicht wie g… [+1378 chars]",,de,'Gewitter'
https://www.tagesspiegel.de/wissen/mittelmeer-so-warm-wie-sonst-erst-im-august-italienische-klimaforscher-warnen-vor-hitzewellen-und-unwettern-15779460.html,https://www.tagesspiegel.de/wissen/mittelmeer-so-warm-wie-sonst-erst-im-august-italienische-klimaforscher-warnen-vor-hitzewellen-und-unwettern-15779460.html,0,www.tagesspiegel.de,Mittelmeer so warm wie sonst erst im August: Italienische Klimaforscher warnen vor Hitzewellen und Unwettern,Die Temperaturen der Weltmeere sind so hoch wie noch nie zu dieser Jahreszeit. Besonders betroffen ist das Tyrrhenische Meer bei Sardinien.,https://www.tagesspiegel.de/images/15779575/alternates/BASE_16_9_W1400/1782877548000/wetter-in-south-carolina.jpeg,2026-07-01T02:03:36Z,,"Zum Sommerbeginn sind die Weltmeere an der Oberfläche noch nie so warm gewesen wie in diesem Jahr. Am Stichtag 21. Juni lagen die Messungen des EU-Klimaprogramms Copernicus mit 20,86 Grad und des Cop… [+5630 chars]",,de,'Hitze'
https://www.zeit.de/wissenschaft/umwelt/2026-07/temperatur-weltmeere-oberflaeche-copernicus-messung-gxe,https://www.zeit.de/wissenschaft/umwelt/2026-07/temperatur-weltmeere-oberflaeche-copernicus-messung-gxe,0,www.zeit.de,Klimawandel: Weltmeere waren im Juni so warm wie noch nie um diese Jahreszeit,Die Meerestemperatur hat dem EU-Klimadienst Copernicus zufolge den bisher höchsten Juniwert erreicht. Das Klimaphänomen El Niño verstärkt den Effekt laut den Forschern.,https://img.zeit.de/wissenschaft/umwelt/2026-07/temperatur-weltmeere-oberflaeche-copernicus-messung-foto-1/wide__1300x731,2026-07-01T03:17:36Z,,"Die Temperatur der Ozeane war im vergangenen Monat so hoch wie nie zuvor in einem Juni. Am Stichtag 21. Juni lagen die Messungen des EU-Klimaprogramms Copernicus mit 20,86 Grad und des Copernicus-Mee… [+1758 chars]",,de,'Klimawandel'
https://www.zeit.de/news/2026-07/01/erleichterung-nach-der-hitze-hier-wird-es-etwas-kuehler,https://www.zeit.de/news/2026-07/01/erleichterung-nach-der-hitze-hier-wird-es-etwas-kuehler,0,www.zeit.de,Wetter: Erleichterung nach der Hitze - Hier wird es etwas kühler,Hier finden Sie Informationen zu dem Thema „Wetter“. Lesen Sie jetzt „Erleichterung nach der Hitze - Hier wird es etwas kühler“.,https://img.zeit.de/news/2026-07/01/erleichterung-nach-der-hitze-hier-wird-es-etwas-kuehler-image-group/wide__1300x731,2026-07-01T03:43:25Z,,"Nach den teils kräftigen Gewittern beruhigt sich das Wetter in Baden-Württemberg zur Wochenmitte allmählich. Trocken bleibt es aber noch nicht, bevor der Donnerstag wieder freundlicher ausfällt, heiß… [+1317 chars]",,de,'Hitze'
https://www.zeit.de/feuilleton/2026-06/die-blaue-reiterin-marianne-werefkin-kunstpodcast,https://www.zeit.de/feuilleton/2026-06/die-blaue-reiterin-marianne-werefkin-kunstpodcast,0,www.zeit.de,Die blaue Reiterin: Die blaue Reiterin – wer war Marianne von Werefkin?,"Sie war eine der wichtigsten Malerinnen der Moderne, doch noch immer steht Marianne von Werefkin im Schatten ihres berühmten Mannes. Zum Glück ändert sich das gerade.",https://img.zeit.de/feuilleton/2026-06/kunst-podcast-marianne-von-werefkin-bild/wide__1300x731,2026-07-01T04:00:30Z,,"Marianne von Werefkin, Selbstbildnis I, um 1910, Tempera, Lackbronze auf Papier auf Pappe, 51 cm x 34 cm x 0,3 cm, Städtische Galerie im Lenbachhaus und Kunstbau München© [M] DIE ZEIT, Abbildung: Stä… [+1626 chars]",,de,'Schatten'
https://www.focus.de/sport/fussball/frankreich-duepiert-schweden-gewitter-verzoegert-mexiko-party-oranje-coach-tritt-nach-wm-aus-zurueck_276bd7e4-9854-4f2d-8439-1e865dc54ed3.html,https://www.focus.de/sport/fussball/frankreich-duepiert-schweden-gewitter-verzoegert-mexiko-party-oranje-coach-tritt-nach-wm-aus-zurueck_276bd7e4-9854-4f2d-8439-1e865dc54ed3.html,0,www.focus.de,"Frankreich düpiert Schweden, Gewitter verzögert Mexiko-Party, Oranje-Coach tritt nach WM-Aus zurück","Frankreich gewinnt gegen Schweden und spielt nun gegen Paraguay. Wegen eines Gewitters startet das Mexiko-Spiel später, in dem die Gastgeber Ecuador schlagen.","https://quadro.burda-forward.de/ctf/db37bd0a-e6b8-4d9f-9baf-de9c455b67db.6bda2c87-a994-415d-9066-0ad8b82ef69c.jpeg?im=RegionOfInterestCrop=(1200,630),regionOfInterest=(1947,908)&hash=57480043257b5eba50f08a27444db6580b62fc8c248c0a870759fdc881388ec2",2026-07-01T04:19:00Z,,<ul><li>Frankreich Schweden 3:0 (1:0)</li></ul>Frankreich ließ Schweden im Sechzehntelfinale keine Chance und gewann klar mit 3:0. Die Elf um Superstar Kylian Mbappé trifft nun auf Deutschland-Schrec… [+3644 chars],,de,'Gewitter'
https://www.welt.de/sport/fussball/wm/article6a448f8ac04ea97a4e50366d/mexiko-ecuador-homophobe-rufe-fans-sorgen-im-aztekenstadion-fuer-einen-eklat.html,https://www.welt.de/sport/fussball/wm/article6a448f8ac04ea97a4e50366d/mexiko-ecuador-homophobe-rufe-fans-sorgen-im-aztekenstadion-fuer-einen-eklat.html,0,www.welt.de,Homophobe Rufe – Mexikos Fans sorgen bei der Party gegen Ecuador für einen Eklat,Die Fans in Mexiko-Stadt mussten sich gedulden: Der Anpfiff gegen Ecuador verzögerte sich wegen eines Gewitters um eine Stunde. Dann sahen sie eine Gala ihrer Mannschaft – benahmen sich aber in Teilen daneben.,https://images.welt.de/6a448f8ac04ea97a4e50366d/98c9723722d6caf6b1cd0f60e9a69293-master/ci16x9-w1200/dpa-com-260701-99-919619-jpg,2026-07-01T04:21:36Z,,Die Fans in Mexiko-Stadt mussten sich gedulden: Der Anpfiff gegen Ecuador verzögerte sich wegen eines Gewitters um eine Stunde. Dann sahen sie eine Gala ihrer Mannschaft benahmen sich aber in Teilen … [+5114 chars],,de,'Gewitter'
https://www.zeit.de/news/2026-07/01/wo-am-mittwoch-neue-gewitter-drohen,https://www.zeit.de/news/2026-07/01/wo-am-mittwoch-neue-gewitter-drohen,0,www.zeit.de,Wetterausblick: Wo am Mittwoch neue Gewitter drohen,Hier finden Sie Informationen zu dem Thema „Wetterausblick“. Lesen Sie jetzt „Wo am Mittwoch neue Gewitter drohen“.,https://img.zeit.de/news/2026-07/01/wo-am-mittwoch-neue-gewitter-drohen-image-group/wide__1300x731,2026-07-01T04:29:49Z,,"Wer am Mittwoch unterwegs ist, sollte den Himmel im Blick behalten: Nach Vorhersage des Deutschen Wetterdienstes (DWD) könnten erneut Gewitter über Teile Deutschlands ziehen. Erwartbar sind sie bis z… [+680 chars]",,de,'Gewitter'
https://www.tagesspiegel.de/gesellschaft/panorama/wetterausblick-wo-am-mittwoch-neue-gewitter-drohen-15779621.html,https://www.tagesspiegel.de/gesellschaft/panorama/wetterausblick-wo-am-mittwoch-neue-gewitter-drohen-15779621.html,0,www.tagesspiegel.de,Wetterausblick: Wo am Mittwoch neue Gewitter drohen,"Erneut drohen Gewitter in der Bundesrepublik – mit Starkregen, Hagel und Sturmböen. Das erwartet der Deutsche Wetterdienst.",https://www.tagesspiegel.de/images/15779620/alternates/BASE_16_9_W1400/1782880241000/gewitter-uber-brandenburg.jpeg,2026-07-01T04:30:41Z,,"Wer am Mittwoch unterwegs ist, sollte den Himmel im Blick behalten: Nach Vorhersage des Deutschen Wetterdienstes (DWD) könnten erneut Gewitter über Teile Deutschlands ziehen. Erwartbar sind sie bis z… [+734 chars]",,de,'Gewitter'
https://www.zeit.de/news/2026-07/01/es-gewittert-weiter-aber-sonne-in-aussicht,https://www.zeit.de/news/2026-07/01/es-gewittert-weiter-aber-sonne-in-aussicht,0,www.zeit.de,Wetter: Es gewittert weiter - aber Sonne in Aussicht,Hier finden Sie Informationen zu dem Thema „Wetter“. Lesen Sie jetzt „Es gewittert weiter - aber Sonne in Aussicht“.,https://img.zeit.de/news/2026-07/01/es-gewittert-weiter-aber-sonne-in-aussicht-image-group/wide__1300x731,2026-07-01T04:38:09Z,,Weiter nass und etwas kühler wird das Wetter laut der Vorhersage des Deutschen Wetterdienstes (DWD) am Mittwoch. Tagsüber kann es wieder gewittern. Dabei besteht vor allem in der ersten Tageshälfte a… [+994 chars],,de,'Sonne'
https://www.zeit.de/news/2026-07/01/gewitter-klingen-ab-sonne-laesst-auf-sich-warten,https://www.zeit.de/news/2026-07/01/gewitter-klingen-ab-sonne-laesst-auf-sich-warten,0,www.zeit.de,Wetteraussichten: Gewitter klingen ab – Sonne lässt auf sich warten,Hier finden Sie Informationen zu dem Thema „Wetteraussichten“. Lesen Sie jetzt „Gewitter klingen ab – Sonne lässt auf sich warten“.,https://img.zeit.de/news/2026-07/01/gewitter-klingen-ab-sonne-laesst-auf-sich-warten-image-group/wide__1300x731,2026-07-01T06:33:49Z,,"Heute wird das Wetter in Sachsen, Sachsen-Anhalt und Thüringen besonders ungemütlich. In den drei Bundesländern ist insbesondere am Vormittag mit teils schweren Gewittern und Starkregen zu rechnen, w… [+805 chars]",,de,'Gewitter'
https://www.zeit.de/news/2026-07/01/gewitter-in-zuerich-maschinen-auch-nach-stuttgart-umgeleitet,https://www.zeit.de/news/2026-07/01/gewitter-in-zuerich-maschinen-auch-nach-stuttgart-umgeleitet,0,www.zeit.de,Gewitter: Gewitter in Zürich: Maschinen auch nach Stuttgart umgeleitet,Hier finden Sie Informationen zu dem Thema „Gewitter“. Lesen Sie jetzt „Gewitter in Zürich: Maschinen auch nach Stuttgart umgeleitet“.,https://img.zeit.de/news/2026-07/01/gewitter-in-zuerich-maschinen-auch-nach-stuttgart-umgeleitet-image-group/wide__1300x731,2026-07-01T07:13:17Z,,Mehr als zwölf Stunden nach heftigen Gewittern über dem Flughafen von Zürich ist der Flugbetrieb immer noch beeinträchtigt. Am Dienstagabend mussten wegen der Wetterlage mehr als 30 Flugzeuge auf dem… [+679 chars],,de,'Gewitter'
https://www.tagesspiegel.de/internationales/gesundheitsbehorde-meldet-in-spanien-starben-im-juni-mehr-als-tausend-menschen-an-hitze-15779943.html,https://www.tagesspiegel.de/internationales/gesundheitsbehorde-meldet-in-spanien-starben-im-juni-mehr-als-tausend-menschen-an-hitze-15779943.html,0,www.tagesspiegel.de,Gesundheitsbehörde meldet: In Spanien starben im Juni mehr als tausend Menschen an Hitze,Alarmierende Zahlen aus Spanien: Im Juni dieses Jahres gab es mehr als doppelt so viele Hitzetote wie im Jahr zuvor. Das Land leidet mit am stärksten unter der Erderwärmung.,https://www.tagesspiegel.de/images/15779964/alternates/BASE_16_9_W1400/1782890829000/spain-climate-heat-warming-weather.jpeg,2026-07-01T07:32:58Z,,Im Zusammenhang mit der Hitzewelle sind in Spanien im Juni nach Behördenangaben mehr als tausend Todesfälle verzeichnet worden. Mindestens 1028 Todesfälle im vergangenen Monat seien auf die extremen … [+1150 chars],,de,'Hitze'
https://www.focus.de/panorama/welt/nach-angriff-auf-bademeister-macht-komplettes-freibad-dicht_8c0c3f51-47be-443f-b245-cede8e9a9293.html,https://www.focus.de/panorama/welt/nach-angriff-auf-bademeister-macht-komplettes-freibad-dicht_8c0c3f51-47be-443f-b245-cede8e9a9293.html,0,www.focus.de,Nach Angriff auf Bademeister macht komplettes Freibad dicht,Nach dem Vorfall in Griesheim blieb ein Freibad zunächst geschlossen. Es ist die traurige Folge einer eskalierten Auseinadersetzung mit gewaltbereiten Besuchern.,"https://quadro.burda-forward.de/ctf/db0e07d4-92b4-499e-a296-c410e8c81c0a.61c2a905-a83d-4b9e-8889-1adb29b08457.png?im=RegionOfInterestCrop=(1200,630),regionOfInterest=(1069,514)&hash=9d2041ef6a9ec809bef3b3dd68467d89f2d7785fbb85b88fce452488cdf54719",2026-07-01T08:08:00Z,,Seit Jahrzehnten arbeite ich in Bädern. Deshalb lese ich Berichte über Vorfälle in Freibädern wahrscheinlich anders als viele andere Menschen. Natürlich hat mich der mutmaßliche sexuelle Übergriff in… [+5760 chars],,de,'Freibad'
https://www.faz.net/aktuell/gesellschaft/spanien-ueber-1000-hitzetote-im-juni-2026-registriert-accg-200986281.html,https://www.faz.net/aktuell/gesellschaft/spanien-ueber-1000-hitzetote-im-juni-2026-registriert-accg-200986281.html,0,www.faz.net,Spanien: Mehr als tausend Hitzetote im Juni,Das erste Halbjahr 2026 war das heißeste seit Beginn der Aufzeichnungen. Bei Durchschnittstemperaturen von zum Teil 28 Grad starben deutlich mehr Menschen als normalerweise im Juni.,https://media0.faz.net/image/w1200h627/c5fda8ebb957/w6500h3396x0y531o/202606/43601.0.2245857108/barcelona-am-21-juni-ein-mann.webp,2026-07-01T08:52:30Z,,Im Zusammenhang mit der Hitzewelle sind in Spanien im Juni nach Behördenangaben mehr als tausend Todesfälle verzeichnet worden. Mindestens 1028 Todesfälle im vergangenen Monat seien auf die extremen … [+849 chars],,de,'Erderwärmung'
https://www.faz.net/aktuell/gesellschaft/menschen/hundstage-2026-was-es-mit-der-bauernregel-wirklich-auf-sich-hat-200958021.html,https://www.faz.net/aktuell/gesellschaft/menschen/hundstage-2026-was-es-mit-der-bauernregel-wirklich-auf-sich-hat-200958021.html,0,www.faz.net,Hitzewelle: Was es mit den Hundstagen auf sich hat,"Wenn die Sommerhitze in Europa ihren Höhepunkt erreicht, ist oft von den „Hundstagen“ die Rede. Doch woher kommt der Name eigentlich – und was hat das Ganze mit Hunden zu tun?",https://media0.faz.net/image/w1200h627/7d44beb41930/w3000h1567x0y238o/202209/43600.0.1148207012/mit-einem-hechtsprung-springt.webp,2026-07-01T09:18:10Z,,"Die Hitzewelle in Deutschland erreicht in den nächsten Tagen einen neuen Höhepunkt: Die ohnehin schon schweißtreibenden Temperaturen könnten im Laufe der Woche auf bis zu 40 Grad steigen. Und das, ob… [+4696 chars]",,de,'Hitze'
https://www.morgenpost.de/wirtschaft/article412423005/heizoelpreise-heizung-aktuell-1-juli-heute-heizoel-kaufen-preis.html,https://www.morgenpost.de/wirtschaft/article412423005/heizoelpreise-heizung-aktuell-1-juli-heute-heizoel-kaufen-preis.html,0,www.morgenpost.de,"Heizölpreise aktuell (Mittwoch, 1. Juli): So viel kostet ein Liter heute",Die Heizölpreise sind durch Hitze und Krisen weiter in Bewegung. Wie entwickeln sie sich aktuell und worauf sollten Verbraucher achten?,https://img.sparknews.funkemedien.de/406640396/406640396_1719216868_v16_9_1600.jpeg,2026-07-01T09:18:21Z,,Die Hauptstadt kühl etwas ab. Experten zufolge aber nicht für lange: Kurz nach einem besonders heißen Wochenende mit Rekordtemperaturen soll bald der nächste Hitzerekord anstehen. Auch im Nahen Osten… [+8705 chars],,de,'Hitze'
https://www.zeit.de/news/2026-07/01/93-jaehrige-stirbt-nach-unfall-auf-supermarktparkplatz,https://www.zeit.de/news/2026-07/01/93-jaehrige-stirbt-nach-unfall-auf-supermarktparkplatz,0,www.zeit.de,Nach Sonnenblendung?: 93-Jährige stirbt nach Unfall auf Supermarktparkplatz,Hier finden Sie Informationen zu dem Thema „Nach Sonnenblendung?“. Lesen Sie jetzt „93-Jährige stirbt nach Unfall auf Supermarktparkplatz“.,https://img.zeit.de/news/2026-07/01/93-jaehrige-stirbt-nach-unfall-auf-supermarktparkplatz-image-group/wide__1300x731,2026-07-01T12:58:16Z,,Eine 93 Jahre alte Fußgängerin ist eine knappe Woche nach einem Unfall auf einem Supermarktparkplatz an ihren schweren Verletzungen gestorben. Ein 80-Jähriger hatte die Frau laut Polizei mit seinem W… [+347 chars],,de,'Sonne'
https://www.n-tv.de/panorama/Neue-Hitzewelle-naht-40-Grad-erneut-moeglich-id31035889.html,https://www.n-tv.de/panorama/Neue-Hitzewelle-naht-40-Grad-erneut-moeglich-id31035889.html,0,www.n-tv.de,Hitzesommer 2026: Neue Hitzewelle naht: 40 Grad erneut möglich,"Der Sommer 2026 wird zu einer Hitzeschlacht, wie wir sie noch nicht erlebt haben. Nach mehrmaligen Rekord-Temperaturspitzen droht nun die nächste Hitzewelle, die für weite Teile Deutschlands erneut extrem ausfallen könnte. Der Sommer hat wohl noch viel mit un…",https://www.n-tv.de/img/31035982/1782917890/Img_16_9/1200/Foermchen-und-ein-Liegestuhl-im-Sandkasten-Feature-Symbolfoto-Randmotiv-Fussgaengerzone-in-Essen-am-26-06.jpg,2026-07-01T13:32:58Z,,"Erst kürzlich wurde ein neuer Hitzerekord von 41,7 Grad in Deutschland aufgestellt - wird er bald überholt sein? (Foto: picture alliance / SvenSimon)
Der Sommer 2026 wird zu einer Hitzeschlacht, wie… [+4928 chars]",,de,'Hitze'
https://www.nzz.ch/meinung/sieht-eine-frau-im-frauenbad-oefter-einen-fremden-penis-gewoehnt-sie-sich-schon-daran-findet-die-stadt-bern-die-realitaet-uebertrifft-jede-persiflage-ld.10013676,https://www.nzz.ch/meinung/sieht-eine-frau-im-frauenbad-oefter-einen-fremden-penis-gewoehnt-sie-sich-schon-daran-findet-die-stadt-bern-die-realitaet-uebertrifft-jede-persiflage-ld.10013676,0,www.nzz.ch,"KOMMENTAR - Sieht eine Frau im Frauenbad öfter einen fremden Penis, gewöhnt sie sich schon daran – findet die Stadt Bern. Die Realität übertrifft jede Persiflage","Die Trans-Affäre im Marzili-Freibad zeigt, dass sich die Politik in der Bundesstadt in ein Paralleluniversum verabschiedet hat.","https://img-msp-prod.nzz.ch/2026/07/01/483d4067-f133-4a46-9601-ec703d886dd4.jpg?width=1200&height=675&fit=bounds&quality=75&auto=webp&crop=7868,4426,x0,y0&wmark=nzz",2026-07-01T14:05:17Z,,"Die Trans-Affäre im Marzili-Freibad zeigt, dass sich die Politik in der Bundesstadt in ein Paralleluniversum verabschiedet hat.
01.07.2026, 16.05 Uhr
Kommentieren
Zusammenfassung
Ärger im links-g… [+4514 chars]",,de,'Freibad'
https://rivva.de/336765970,https://rivva.de/336765970,0,rivva.de,Wie schädlich ist Sonnencreme wirklich? – tagesschau.de,,,2026-07-01T14:20:01Z,,"rivva.de ist ein Aggregator für deutschsprachige Blogs.Ein unabhängiges Projekt von Frank Westphal.
Rivva ist zu 100 % auf Unterstützung durch freiwillige Mitgliedschaften und Spenden angewiesen.Dam… [+225 chars]",,de,'Sonnencreme'
https://www.derstandard.at/story/3000000329559/ist-d-was-wir-ueber-sonnencreme-wissen-falsch,https://www.derstandard.at/story/3000000329559/ist-d-was-wir-ueber-sonnencreme-wissen-falsch,0,www.derstandard.at,"Ist das, was wir über Sonnencreme wissen, falsch?",Mit Sommerbeginn kursieren auch die Warnungen vor gefährlichen Sonnenschutzprodukten wieder. Wissenschaftsjournalistin und Moderatorin Mai Thi Nguyen-Kim analysiert diese Behauptungen – und berichtet über neue Erkenntnisse,https://i.ds.at/FLYf_Q/rs:fill:1200:600/plain/lido-images/2026/07/01/ce67a006-4e82-4c15-8716-2a9444ad3c97.jpg,2026-07-01T14:46:39Z,,"Sie entscheiden darüber, wie Sie unsere Inhalte nutzen wollen. Ihr Gerät erlaubt uns derzeit leider nicht, die entsprechenden Optionen anzuzeigen.
Bitte deaktivieren Sie sämtliche Hard- und Software… [+180 chars]",,de,'Sonne'
https://www.faz.net/podcasts/f-a-z-einspruch-podcast/das-recht-auf-die-us-staatsbuergerschaft-auf-reparatur-und-auf-zugang-zum-freibad-200987755.html,https://www.faz.net/podcasts/f-a-z-einspruch-podcast/das-recht-auf-die-us-staatsbuergerschaft-auf-reparatur-und-auf-zugang-zum-freibad-200987755.html,0,www.faz.net,"F.A.Z. Einspruch Podcast: Das Recht auf die US-Staatsbürgerschaft, auf Reparatur und auf Zugang zum Freibad",Mit Professor Stephan Lorenz sprechen wir über das neu im BGB verankerte Recht auf Reparatur. Außerdem ordnen wir mit Professor Russell Miller die Entscheidung des Supreme Court zum Geburtsortprinzip ein.,https://media0.faz.net/image/w1200h627/e5115145411e/w3000h1567x0y624o/202506/43601.0.1155287324/ist-nur-der-akku-oder-das.webp,2026-07-01T14:53:37Z,,"Kaufen, benutzen und wegwerfen: Lange war das selbstverständlich. Doch viele Ressourcen sind endlich, weshalb der Gesetzgeber jetzt mit einem Recht auf Reparatur auch im BGB (Paragraphen 479a ff.) ge… [+1273 chars]",,de,'Freibad'
https://fm4.orf.at/story/impulstanz-2026-100/goodbye-sleep-hello-dancefloor-tipps-fuers-impulstanz-festival-2026,https://fm4.orf.at/story/impulstanz-2026-100/goodbye-sleep-hello-dancefloor-tipps-fuers-impulstanz-festival-2026,0,fm4.orf.at,"Goodbye Sleep, hello Dancefloor: Tipps fürs ImPulsTanz-Festival 2026","Wenn die Nächte nach Freibad, Glitzer und Fun riechen, dann zieht das ImPulsTanz-Festival wieder in die Stadt ein. Von 9. Juli bis 9. August locken radikale Performance-Kunst und schweißtreibende Party-Nächte.",https://soph-assets.orf.at/sis/image/9c9399ef-1b98-456c-ae08-4f96c607753e/AAABnyBOwTM/AAABnU3q8_0/image_variant_16_9/impulstanz-2020-bilder-100.webp?width=1280,2026-07-02T00:51:00Z,,Vielleicht solltet ihr eure Sommer-Pläne nochmal überdenken. Vom 9. Juli bis 9. August 2026 übernimmt das ImPulsTanz Festival wieder die Stadt und lässt dich eintauchen in einen Taumel aus Contempora… [+3202 chars],,de,'Freibad'
https://www.nzz.ch/zuerich/hitze-in-zuerich-politiker-fordern-klimaanlagen-baeume-frei-fliessende-baeche-ld.10013532,https://www.nzz.ch/zuerich/hitze-in-zuerich-politiker-fordern-klimaanlagen-baeume-frei-fliessende-baeche-ld.10013532,0,www.nzz.ch,"Hitze in Zürich: Jetzt wird die Politik aktiv – und will Klimaanlagen, mehr Bäume, mehr Bäche","Zürich ächzt unter den hohen Temperaturen. Die FDP will den Einbau von Klimaanlagen erleichtern, die linken Parteien haben andere Ideen.","https://img-msp-prod.nzz.ch/2026/07/01/73a05229-c68a-4225-89a0-f6bcd0b3e6bb.jpg?width=1200&height=674&fit=bounds&quality=75&auto=webp&crop=2420,1361,x0,y190&wmark=nzz",2026-07-02T03:00:00Z,,"Zürich ächzt unter den hohen Temperaturen. Die FDP will den Einbau von Klimaanlagen erleichtern, die linken Parteien haben andere Ideen.
Zusammenfassung
Linke Kantonsräte wollen mehr Bäume als Scha… [+6230 chars]",,de,'Hitze'
https://taz.de/Sport-bei-Hitze/!6192770/,https://taz.de/Sport-bei-Hitze/!6192770/,0,taz.de,"Sport bei Hitze: Gefährlich, es zu tun, gefährlich, es zu lassen",Bei hohen Temperaturen treiben Menschen seltener Sport. Allein dadurch wird es durch den Klimawandel zu Millionen früheren Todesfällen kommen.,https://taz.de/picture/8585122/1200/Sport-Hitze-Klimawandel-Longevity.jpeg,2026-07-02T05:14:00Z,,Bei hohen Temperaturen treiben Menschen seltener Sport. Allein dadurch wird es durch den Klimawandel zu Millionen früheren Todesfällen kommen. mehr...,,de,'Hitze'
https://www.zeit.de/news/2026-07/02/weiterer-abschnitt-der-a2-nach-hitzeschaeden-wieder-frei,https://www.zeit.de/news/2026-07/02/weiterer-abschnitt-der-a2-nach-hitzeschaeden-wieder-frei,0,www.zeit.de,Wetter-Folgen: Weiterer Abschnitt der A2 nach Hitzeschäden wieder frei,Hier finden Sie Informationen zu dem Thema „Wetter-Folgen“. Lesen Sie jetzt „Weiterer Abschnitt der A2 nach Hitzeschäden wieder frei“.,https://img.zeit.de/news/2026-07/02/weiterer-abschnitt-der-a2-nach-hitzeschaeden-wieder-frei-image-group/wide__1300x731,2026-07-02T07:13:59Z,,Die Sperrung der Autobahn 2 zwischen den Anschlussstellen Theeßen und Ziesar ist rund eine Woche nach dem Auftreten von Hitzeschäden aufgehoben. Ab sofort ist der Abschnitt auf der Richtungsfahrbahn … [+727 chars],,de,'Sommerferien'
https://ooe.orf.at/stories/3360924/,https://ooe.orf.at/stories/3360924/,0,ooe.orf.at,Bademeister drohte mit Elektroschocker,"Ein Bademeister soll in einem Freibad im Bezirk Vöcklabruck Badegäste mit einem Elektroschocker bedroht haben, um sie kurz vor Badeschluss aus dem Becken zu scheuchen. Das berichtete die „Krone“ in ihrer Donnerstagausgabe. Der Mann wurde entlassen.",https://ibs.orf.at/ooe?image=https%3A%2F%2Foekastatic.orf.at%2Fmims%2F2026%2F25%2F75%2Fcrops%2Fw%3D1200%2Ch%3D627%2Cq%3D75%2F3080081_master_1192475_699317_link_oest_freibad_braunau_20230614_pd2889_p.jpg%3Fs%3Dc629aa15b69aec23e630e6cc69b52cb407b447af,2026-07-02T08:17:49Z,,"Laut Polizei soll der Freibad-Mitarbeiter am vergangenen Freitag in Frankenmarkt eine halbe Stunde vor Badeschluss am Beckenrand aufgetaucht sein und versucht haben, die Badegäste, vor allem Kinder, … [+647 chars]",,de,'Freibad'
https://www.tagesspiegel.de/berlin/bezirke/steglitz-zehlendorf/wir-haben-viele-sachen-bereits-geschafft-fur-diese-jungen-leute-gehort-das-engagement-gegen-die-erderwarmung-dazu--mit-viel-erfolg-15783248.html,https://www.tagesspiegel.de/berlin/bezirke/steglitz-zehlendorf/wir-haben-viele-sachen-bereits-geschafft-fur-diese-jungen-leute-gehort-das-engagement-gegen-die-erderwarmung-dazu--mit-viel-erfolg-15783248.html,0,www.tagesspiegel.de,„Wir haben viele Sachen bereits geschafft“: Für diese jungen Leute gehört das Engagement gegen die Erderwärmung dazu – mit viel Erfolg,"Ölheizungen dürfen weiter verbaut werden, das Verbrenner-Aus ruckelt, die Hitze brennt. Doch davon lassen sich diese Schüler nicht beeindrucken. Warum? Was macht sie stark?",https://www.tagesspiegel.de/images/15783844/alternates/BASE_16_9_W1400/1782928853000/die-klima-ag-der-anna-essinger-gemeinschaftsschule-im-berliner-bezirk-steglitz-zehlendorf-einer-der-wichtigsten-erfolge-des-klima-teams-ist-der-bau-der-uberdachten-fahrradabstellanlage-momentan-ist-ein-teil-des-schulgebaudes-eingerustet-fur-die-errichtung-einer-photovoltaikanlage-wird-das-dach-ertuchtigt-auch-eine-gruppe-schafe-gehort-zum-schulteam-sie-mahen-auf-dem-schulhof-den-rasen.jpeg,2026-07-02T08:49:34Z,,Alexandra hat gerade ihr Abitur gemacht sie könnte mit Freundinnen und Freunden am See feiern oder chillen. Doch stattdessen sitzt sie zusammen mit sieben weiteren Mitgliedern der Klima-AG in der Kan… [+121 chars],,de,'Erderwärmung'
https://www.zeit.de/news/2026-07/02/nabu-wildvogelstation-in-berlin-wegen-hitze-am-limit,https://www.zeit.de/news/2026-07/02/nabu-wildvogelstation-in-berlin-wegen-hitze-am-limit,0,www.zeit.de,Tiere: Nabu-Wildvogelstation in Berlin wegen Hitze am Limit,Hier finden Sie Informationen zu dem Thema „Tiere“. Lesen Sie jetzt „Nabu-Wildvogelstation in Berlin wegen Hitze am Limit“.,https://img.zeit.de/news/2026-07/02/nabu-wildvogelstation-in-berlin-wegen-hitze-am-limit-image-group/wide__1300x731,2026-07-02T12:57:46Z,,Die Hitze der vergangenen Tage hat vielen Wildvögeln in Berlin schwer zugesetzt. Allein am vergangenen Wochenende hätte die Wildvogelstation des Naturschutzbundes Nabu mehr als 100 Wildvögel versorgt… [+1351 chars],,de,'Hitze'
https://www.tagesspiegel.de/gesellschaft/panorama/preise-buchung-kontrollen-an-diesen-stranden-in-italien-braucht-man-jetzt-ein-ticket-15787717.html,https://www.tagesspiegel.de/gesellschaft/panorama/preise-buchung-kontrollen-an-diesen-stranden-in-italien-braucht-man-jetzt-ein-ticket-15787717.html,0,www.tagesspiegel.de,"Preise, Buchung, Kontrollen: An diesen Stränden in Italien braucht man jetzt ein Ticket","Einfach hinfahren, in den Sand legen und die Sonne genießen? In Italien ist das vielerorts längst Geschichte. An immer mehr Küstenabschnitten gibt es strenge Auflagen. Ein Medienbericht hilft, den Überblick zu behalten.",https://www.tagesspiegel.de/images/15788163/alternates/BASE_16_9_W1400/1782996025000/imago721087214.jpeg,2026-07-02T13:12:36Z,,Traumhafte Sandstrände und malerische Buchten für viele ist das Italien im Sommer. Doch längst prägen auch überfüllte Küsten das Bild: Der Andrang belastet die Umwelt und sorgt für Sicherheitsproblem… [+4144 chars],,de,'Sonnenstich'
https://www.golem.de/sonstiges/zustimmung/auswahl.html?from=https://www.golem.de/news/mitmach-aktion-wie-schuetzt-ihr-euch-und-eure-technik-vor-der-hitze-2607-210443.html&referer=https://t.co/3c723b331f,https://www.golem.de/sonstiges/zustimmung/auswahl.html?from=https://www.golem.de/news/mitmach-aktion-wie-schuetzt-ihr-euch-und-eure-technik-vor-der-hitze-2607-210443.html&referer=https://t.co/3c723b331f,0,www.golem.de,Mitmach-Aktion: Wie schützt ihr euch und eure Technik vor der Hitze?,"Heiß, heißer, Hitzeschaden: Wir möchten hören, wie ihr euch und eure Technik auf die nächste Hitzewelle vorbereitet. (Unterhaltung & Hobby, Server)",,2026-07-02T14:00:02Z,,"Besuchen Sie Golem.de wie gewohnt mit Werbung und Tracking,
 indem Sie der Nutzung aller Cookies zustimmen.
 Details zum Tracking finden Sie im Privacy Center.
Skript wurde nicht geladen. Informat… [+607 chars]",,de,'Hitze'
https://taz.de/Die-Hitzeaufmerksamkeit/!6192697/,https://taz.de/Die-Hitzeaufmerksamkeit/!6192697/,0,taz.de,"Die Hitzeaufmerksamkeit: Wenn's mild ist, gibt es keinen Klimawandel mehr","Weil Europa abkühlt, ist die Hitzewelle vergessen. Diskurs über die Klimakrise muss aber immer stattfinden – auch damit man ihre Ursache bekämpfen kann.",https://taz.de/picture/8584353/1200/41530249.jpeg,2026-07-02T17:53:00Z,,"Weil Europa abkühlt, ist die Hitzewelle vergessen. Diskurs über die Klimakrise muss aber immer stattfinden – auch damit man ihre Ursache bekämpfen kann. mehr...",,de,'Klimawandel'
https://www.n-tv.de/panorama/Wetterdienst-muss-deutschen-Hitzerekord-gleich-doppelt-korrigieren-id31041927.html,https://www.n-tv.de/panorama/Wetterdienst-muss-deutschen-Hitzerekord-gleich-doppelt-korrigieren-id31041927.html,0,www.n-tv.de,Kein Höchstwert in Brandenburg: Wetterdienst muss deutschen Hitzerekord gleich doppelt korrigieren,"Das vergangene Wochenende ist brutal heiß - und zwar wie nie zuvor. Es gibt gleich mehrfach neue Höchstwerte. Am Ende steigt das Thermometer in Brandenburg auf 41,7 Grad. Rekord! Bis jetzt. Nun muss der Deutsche Wetterdienst gleich zwei Angaben ändern.",https://www.n-tv.de/img/31041925/1783023209/Img_16_9/1200/Ein-Sommertag-bie-Possenhofen-Landkreis-Starnberg.jpg,2026-07-02T18:52:59Z,,"Kein Höchstwert in BrandenburgWetterdienst muss deutschen Hitzerekord gleich doppelt korrigieren
Auch für die Nachtstunden wurde am vergangenen Wochenende ein neuer Höchstwert registriert. (Foto: pi… [+2038 chars]",,de,'Hitze'
https://www.zeit.de/news/2026-07/03/tierschutz-am-limit-aufnahmestopp-fuer-voegel-nach-hitze,https://www.zeit.de/news/2026-07/03/tierschutz-am-limit-aufnahmestopp-fuer-voegel-nach-hitze,0,www.zeit.de,Tiere: Tierschutz am Limit - Aufnahmestopp für Vögel nach Hitze,Hier finden Sie Informationen zu dem Thema „Tiere“. Lesen Sie jetzt „Tierschutz am Limit - Aufnahmestopp für Vögel nach Hitze“.,https://img.zeit.de/news/2026-07/03/tierschutz-am-limit-aufnahmestopp-fuer-voegel-nach-hitze-image-group/wide__1300x731,2026-07-03T02:45:04Z,,Im Zusammenhang mit den hohen Temperaturen der vergangenen Tage hat der Hamburger Tierschutzverein für einige Vogelarten einen Aufnahmestopp verhängt. Nach Angaben einer Pressesprecherin platzen die … [+826 chars],,de,'Sonne'
https://rivva.de/336787497,https://rivva.de/336787497,0,rivva.de,Mango-Basilikum Eiscreme (8 Kugeln) – Bunte Küchenabenteuer,,,2026-07-03T08:30:02Z,,"rivva.de ist ein Aggregator für deutschsprachige Blogs.Ein unabhängiges Projekt von Frank Westphal.
Rivva ist zu 100 % auf Unterstützung durch freiwillige Mitgliedschaften und Spenden angewiesen.Dam… [+225 chars]",,de,'Eiscreme'
https://www.faz.net/aktuell/rhein-main/wirtschaft/extremwetter-kann-man-wegen-hitze-den-urlaub-kostenfrei-stornieren-accg-200987964.html,https://www.faz.net/aktuell/rhein-main/wirtschaft/extremwetter-kann-man-wegen-hitze-den-urlaub-kostenfrei-stornieren-accg-200987964.html,0,www.faz.net,"Extremwetter: Keine Lust auf Hitze, Urlaub stornieren?",Bei Rekordtemperaturen um die 40 Grad möchte manch einer lieber zu Hause bleiben und die Reise stornieren oder Konzertkarten zurückgeben. Doch die Rechtslage ist kompliziert.,https://media0.faz.net/image/w1200h627/de1f8c12930a/w6144h3210x0y443o/202602/43601.0.1731369996/begehrt-aber-knapp.webp,2026-07-03T10:44:51Z,,"­Früher war es ja so: Der Urlauber freute sich auf den Moment, wenn die Flugzeugtür aufging und ihm die warme Inselluft ins Gesicht blies. Das war immer das Schönste, sagt die weit gereiste Freundin.… [+177 chars]",,de,'Hitze'
https://www.faz.net/aktuell/fotografie/klimawandel-bedroht-imkerei-in-suedkorea-weniger-honig-accg-200901527.html,https://www.faz.net/aktuell/fotografie/klimawandel-bedroht-imkerei-in-suedkorea-weniger-honig-accg-200901527.html,0,www.faz.net,"Klimawandel Südkorea: Weniger Blüten, weniger Honig","Der Klimawandel bedroht die Imkerei in Südkorea – schrumpfende Blütezeiten, neue Krankheiten und Extremwetter dezimieren die Bienenpopulation. Imker Park Gyeong-je macht weiter und hofft auf Technologie und Politik.",https://media0.faz.net/image/w1200h627/948b0521e258/w5455h2850x299y235o/202606/43601.0.2179626571/park-gyeong-je-65-ein.webp,2026-07-03T12:06:46Z,,"Park Gyeong-je begann vor fast fünf Jahrzehnten mit der Bienenzucht, aus Freude an der Natur und um seinen Lebensunterhalt zu verdienen. Inzwischen lässt ihn der Klimawandel daran zweifeln, wie lange… [+5761 chars]",,de,'Klimawandel'
https://www.diepresse.com/34969898/der-kuehlste-kontinent-ist-der-weltmeister-im-hitzesterben,https://www.diepresse.com/34969898/der-kuehlste-kontinent-ist-der-weltmeister-im-hitzesterben,0,www.diepresse.com,Der kühlste Kontinent ist der Weltmeister im Hitzesterben [premium],"Europa liebt seine Wärmepumpen, verachtet aber seine Klimaanlagen. Grüne Angstpolitik mit tödlichen Nebenwirkungen.",https://img.diepresse.com/public/incoming/3jgq0o-kein-titel/alternates/WEBP_WIDE_1200/kein%20Titel,2026-07-03T13:20:41Z,,"Die große Hitze ist vorbei, und mit ihr das große Jammern über die ver­heerenden Folgen der menschengemachten Klima-Apokalypse. Aber keine Sorge: Die nächste Welle heißer Luft kommt bestimmt, es ist … [+4793 chars]",,de,'Hitze'
https://www.golem.de/sonstiges/zustimmung/auswahl.html?from=https://www.golem.de/news/mangelnde-governance-bei-ki-nutzung-schatten-ki-bedroht-sicherheit-in-unternehmen-2607-210496.html&referer=https://t.co/65362465ec,https://www.golem.de/sonstiges/zustimmung/auswahl.html?from=https://www.golem.de/news/mangelnde-governance-bei-ki-nutzung-schatten-ki-bedroht-sicherheit-in-unternehmen-2607-210496.html&referer=https://t.co/65362465ec,0,www.golem.de,Mangelnde Governance bei KI-Nutzung: Schatten-KI bedroht Sicherheit in Unternehmen,"Deutsche Firmen nutzen KI-Agenten ohne ausreichende Regelung. Sicherheitsverantwortliche sehen eine wachsende Gefahr für Unternehmensdaten. (Studien, Datenschutz)",,2026-07-03T14:40:02Z,,"Besuchen Sie Golem.de wie gewohnt mit Werbung und Tracking,
 indem Sie der Nutzung aller Cookies zustimmen.
 Details zum Tracking finden Sie im Privacy Center.
Skript wurde nicht geladen. Informat… [+607 chars]",,de,'Schatten'
https://noe.orf.at/stories/3360663/,https://noe.orf.at/stories/3360663/,0,noe.orf.at,Welche Pflanzen Hitze und Trockenheit trotzen,"Die Hitzewelle ist zwar vorbei, Experten rechnen aber damit, dass derartige Wellen künftig häufiger auftreten werden. Für Gartenbesitzer bedeutet das, auf die richtige Pflanzenauswahl zu achten. Denn es gibt auch Pflanzen, die selbst bei Hitze kein Gießwasser…",https://ibs.orf.at/noe?image=https%3A%2F%2Foekastatic.orf.at%2Fmims%2F2026%2F27%2F84%2Fcrops%2Fw%3D1200%2Ch%3D627%2Cq%3D75%2F3094478_master_1198384_img_4840_-_kopie.jpeg%3Fs%3Ded232f6f391b6e19c730d32d892c2227a8d35360,2026-07-03T17:06:30Z,,"Die Hitzewelle, die Österreich mit dem Einsetzen von Gewittern und der heiß ersehnten Abkühlung Mitte der Woche hinter sich gelassen hat, pulverisierte sowohl Juni-Rekorde als auch Allzeit-Höchstmark… [+6203 chars]",,de,'Hitzerekord'
https://www.faz.net/aktuell/rhein-main/region-und-hessen/griesheimer-freibad-nimmt-nach-attacke-auf-bademeister-wieder-betrieb-auf-200991300.html,https://www.faz.net/aktuell/rhein-main/region-und-hessen/griesheimer-freibad-nimmt-nach-attacke-auf-bademeister-wieder-betrieb-auf-200991300.html,0,www.faz.net,Nach Attacke auf Bademeister: Griesheimer Freibad nimmt wieder Betrieb auf,Das Freibad Griesheim öffnet wieder seine Tore für Besucher. Am vergangenen Sonntag hatte ein Zwischenfall für eine vorübergehende Schließung gesorgt.,https://media0.faz.net/image/w1200h627/9638e42e6f6a/w3000h1567x0y216o/202607/43601.0.2293347927/streifenwagen-vor-dem-freibad.webp,2026-07-03T17:54:46Z,,"Pünktlich um 13 Uhr strömen die ersten Besucher ins Freibad Griesheim. Familien, Jugendliche und ältere Badegäste nutzen das sommerliche Wetter. Voll ist das Bad zwar nicht, gut besucht ist es jedoch… [+2961 chars]",,de,'Freibad'
https://www.diepresse.com/34716786/urlaub-in-oesterreich-der-ferienstart-wird-ein-guter-sein,https://www.diepresse.com/34716786/urlaub-in-oesterreich-der-ferienstart-wird-ein-guter-sein,0,www.diepresse.com,Urlaub in Österreich: „Der Ferienstart wird ein guter sein“ [premium],"Viele heimische Tourismusregionen blicken optimistisch in den Sommer, die Buchungslage ist zum Start der Ferien im Osten vielerorts gut. Vor allem Regionen mit Seen und Bergen profitieren von der Hitze.",https://img.diepresse.com/public/incoming/1ld5az-imago0300908569h.jpg/alternates/WEBP_WIDE_1200/imago0300908569h.jpg,2026-07-03T18:58:35Z,,"Acht von zehn Österreichern fahren im Sommer weg, glaubt man einer neuen Umfrage der Hoteliervereinigung. Etwas mehr als die Hälfte will im eigenen Land urlauben ungefähr so viele wie im Vorjahr. Ble… [+6154 chars]",,de,'Hitze'
https://www.zeit.de/news/2026-07/04/hitze-treibt-getreideernte-voran-weizen-in-gefahr,https://www.zeit.de/news/2026-07/04/hitze-treibt-getreideernte-voran-weizen-in-gefahr,0,www.zeit.de,Landwirtschaft: Hitze treibt Getreideernte voran – Weizen in Gefahr?,Hier finden Sie Informationen zu dem Thema „Landwirtschaft“. Lesen Sie jetzt „Hitze treibt Getreideernte voran – Weizen in Gefahr?“.,https://img.zeit.de/news/2026-07/04/hitze-treibt-getreideernte-voran-weizen-in-gefahr-image-group/wide__1300x731,2026-07-04T02:00:15Z,,"Die Getreideernte im Südwesten hat in diesem Jahr früher begonnen als üblich. Ursache ist vor allem die Hitze der vergangenen Wochen, wie der Landesbauernverband mitteilte. Dadurch seien die Pflanzen… [+2312 chars]",,de,'Hitze'
https://www.n-tv.de/panorama/Hitze-ueberschattet-Unabhaengigkeitsfeiern-in-den-gesamten-USA-id31046963.html,https://www.n-tv.de/panorama/Hitze-ueberschattet-Unabhaengigkeitsfeiern-in-den-gesamten-USA-id31046963.html,0,www.n-tv.de,Spitzenwerte bis zu 46 Grad: Hitze überschattet Unabhängigkeitsfeiern in den gesamten USA,"In weiten Teilen der USA herrscht Extremhitze. Veranstaltungen zum Unabhängigkeitstag werden zur Gefahr für Leib und Leben. Paraden und Schauen fallen aus, die Stromnetze kommen wegen zahlreich laufender Klimaanlagen an ihre Grenzen.",https://www.n-tv.de/img/31047018/1783137839/Img_16_9/1200/Attendees-cool-off-in-a-misting-station-outside-the-Great-American-State-Fair-after-the-event-was-closed-for-the-afternoon-due-to-extreme-heat-on-the-National-Mall-Friday-July-3-2026-in-Washington.jpg,2026-07-04T02:09:02Z,,"Spitzenwerte bis zu 46 GradHitze überschattet Unabhängigkeitsfeiern in den gesamten USA
Besucher einer Messeveranstaltung in Washington kühlen sich ab. (Foto: AP Photo/Nathan Howard)
In weiten Teil… [+2653 chars]",,de,'Hitze'
https://www.tagesspiegel.de/sport/fussball-wm-vorteil-paraguay-hitzeschlacht-bei-rund-40-grad-erwartet-15796409.html,https://www.tagesspiegel.de/sport/fussball-wm-vorteil-paraguay-hitzeschlacht-bei-rund-40-grad-erwartet-15796409.html,0,www.tagesspiegel.de,Fußball-WM: Vorteil Paraguay? Hitzeschlacht bei rund 40 Grad erwartet,"„Extreme Hitzewarnung“: Paraguay hofft auf noch höhere Temperaturen, während Frankreich vor Konzentrationsproblemen warnt. Das Wetter in Philadelphia könnte das WM-Achtelfinale prägen.",https://www.tagesspiegel.de/images/15796408/alternates/BASE_16_9_W1400/1783131733000/didier-deschamps.jpeg,2026-07-04T02:22:13Z,,Die erwartete Hitzeschlacht bei gefühlten Temperaturen von über 40 Grad Celsius könnte im WM-Achtelfinale gegen Frankreich zum unerwarteten Trumpf für Paraguay werden. Das Wetter ist natürlich dem in… [+2053 chars],,de,'Hitze'
"https://www.gamestar.de/artikel/hitzewelle-kommt-lasst-euch-nicht-bei-der-klimaanlage-betruegen,3455595.html","https://www.gamestar.de/artikel/hitzewelle-kommt-lasst-euch-nicht-bei-der-klimaanlage-betruegen,3455595.html",0,www.gamestar.de,Special: Hitzewelle - Hitze macht ungeduldig – Händler nutzen das bei Klimaanlagen gerade gnadenlos aus,Trotz Abkühlung: Die Erinnerungen an die letzte Hitzewelle ist noch da und der Kauf einer (mobilen) Klimaanlage ist gerade knifflig geworden.,https://images.cgames.de/images/gamestar/293/klimaanlagen-teurer-teaser_6426939.jpg,2026-07-04T02:30:00Z,,"Die erste Hitzewelle im Juni hat schnell dafür gesorgt, dass Klimageräte großflächig vergriffen sind. Und es könnte bald wieder so warm werden. (Fotohintergrund: Amazon)
Die erste Hitzewelle des Jah… [+8761 chars]",,de,'Hitze'
https://www.n-tv.de/sport/fussball-wm/Frankreichs-WM-Spiel-findet-unter-extremsten-Bedingungen-statt-id31047078.html,https://www.n-tv.de/sport/fussball-wm/Frankreichs-WM-Spiel-findet-unter-extremsten-Bedingungen-statt-id31047078.html,0,www.n-tv.de,Unfassbare Hitze droht: Frankreichs WM-Spiel findet unter extremsten Bedingungen statt,"""Extreme Hitzewarnung"": Paraguay hofft auf noch höhere Temperaturen, während Frankreich vor Konzentrationsproblemen warnt. Das Wetter in Philadelphia könnte das WM-Achtelfinale prägen.",https://www.n-tv.de/img/31047079/1783141962/Img_16_9/1200/Soccer-Football-FIFA-World-Cup-2026-Round-of-32-France-v-Sweden-New-York-New-Jersey-Stadium-East-Rutherford-New-Jersey-U-S.jpg,2026-07-04T03:20:00Z,,"""Extreme Hitzewarnung"": Paraguay hofft auf noch höhere Temperaturen, während Frankreich vor Konzentrationsproblemen warnt. Das Wetter in Philadelphia könnte das WM-Achtelfinale prägen.
Die erwartete… [+2201 chars]",,de,'Hitze'
https://www.nzz.ch/wissenschaft/abgeschaltete-kraftwerke-laufende-klimaanlagen-hohe-preise-so-belastet-die-hitze-in-europa-das-stromnetz-ld.10013697,https://www.nzz.ch/wissenschaft/abgeschaltete-kraftwerke-laufende-klimaanlagen-hohe-preise-so-belastet-die-hitze-in-europa-das-stromnetz-ld.10013697,0,www.nzz.ch,"Abgeschaltete Kraftwerke, laufende Klimaanlagen, hohe Preise: So belastet die Hitze in Europa das Stromnetz","Hitzewellen lassen die Energieinfrastruktur nicht kalt. Fünf Gründe, warum das so ist.","https://img-msp-prod.nzz.ch/2026/01/29/311ca011-811b-4560-b15b-242e1ae9b79b.jpg?width=1200&height=675&fit=bounds&quality=75&auto=webp&crop=8512,4788,x0,y438&wmark=nzz",2026-07-04T03:30:00Z,,"Hitzewellen lassen die Energieinfrastruktur nicht kalt. Fünf Gründe, warum das so ist.
04.07.2026, 05.30 Uhr
Zusammenfassung
Auch Stromleitungen können unter der Hitze leiden.
In ganz Europa stra… [+10185 chars]",,de,'Hitze'
https://www.bild.de/news/wetter/wetter-krimi-in-deutschland-kommt-die-gluthitze-zurueck-6a422f28113e90346dc50c52,https://www.bild.de/news/wetter/wetter-krimi-in-deutschland-kommt-die-gluthitze-zurueck-6a422f28113e90346dc50c52,0,www.bild.de,Wetter-Krimi in Deutschland - Kommt die Gluthitze zurück?,"Eine weitere Hitzewelle scheint im Anflug. Nur wann sie kommt, darüber wird aktuell noch gerätselt.","https://images.bild.de/6a422f28113e90346dc50c52/e820f51e63308fd8a82d9e284c7bbac2,f3afda57?w=1280",2026-07-04T03:58:29Z,,TTS-Player überspringenArtikel weiterlesenAlbtraumhafte Gluthitze oder doch ein ganz normaler Sommer mit viel Sonnenschein? Die Prognosen der Wetterexperten lassen schon jetzt die Schweißtropfen flie… [+3497 chars],,de,'Hitze'
https://www.n-tv.de/politik/Trump-Man-kann-Kommunist-sein-oder-Patriot-id31047166.html,https://www.n-tv.de/politik/Trump-Man-kann-Kommunist-sein-oder-Patriot-id31047166.html,0,www.n-tv.de,"Rede zum 250. Geburtstag der USA: Trump: ""Man kann Kommunist sein oder Patriot""","Der US-Präsident nutzt die Feierlichkeiten zur Staatsgründung für eine polarisierende Rede vor historischer Kulisse. Wer kein Patriot sei, könne nur ein ""Kommunist"" sein, so Trump. Gleichzeitig kündigt er an, trotz sengender Hitze in Washington eine ""richtig …",https://www.n-tv.de/img/31047165/1783148606/Img_16_9/1200/Trump-vor-beruehmter-Kulisse.jpg,2026-07-04T05:03:25Z,,"Rede zum 250. Geburtstag der USATrump: ""Man kann Kommunist sein oder Patriot""
Die berühmte Kulisse des Mount Rushmore mit den monumentalen Porträtköpfen vier bedeutender US-Präsidenten dient Trump a… [+3189 chars]",,de,'Hitze'
https://www.zeit.de/news/2026-07/04/warmes-wochenende-sonntag-oertlich-schauer-und-gewitter,https://www.zeit.de/news/2026-07/04/warmes-wochenende-sonntag-oertlich-schauer-und-gewitter,0,www.zeit.de,Wettervorhersage: Warmes Wochenende – Sonntag örtlich Schauer und Gewitter,Hier finden Sie Informationen zu dem Thema „Wettervorhersage“. Lesen Sie jetzt „Warmes Wochenende – Sonntag örtlich Schauer und Gewitter“.,https://img.zeit.de/news/2026-07/04/warmes-wochenende-sonntag-oertlich-schauer-und-gewitter-image-group/wide__1300x731,2026-07-04T08:20:56Z,,"In Rheinland-Pfalz und im Saarland können die Menschen in den kommenden Tagen angenehme Sommertemperaturen genießen. Am Sonntag kann es allerdings einzelne Gewitter geben. 
Das Wochenende startet am… [+693 chars]",,de,'Gewitter'
https://www.focus.de/kultur/stars/soeder-toechter-gloria-sophie-burkandt-bricht-vor-der-kamera-in-traenen-aus_ae96e620-bbf3-4985-98ef-a72056e9fefc.html,https://www.focus.de/kultur/stars/soeder-toechter-gloria-sophie-burkandt-bricht-vor-der-kamera-in-traenen-aus_ae96e620-bbf3-4985-98ef-a72056e9fefc.html,0,www.focus.de,Söder-Töchter Gloria-Sophie Burkandt bricht vor der Kamera in Tränen aus,"In einer TV-Doku bricht Gloria-Sophie Burkandt in Tränen aus. Die Söder-Tochter spricht offen über Demütigungen und ihren Wunsch, endlich aus dem Schatten ihres Vaters zu treten.","https://quadro.burda-forward.de/ctf/748df651-66df-4166-ad6c-10dcff982892.6a1aefb5-c0b7-4130-bb0e-9aaa5b2f3bf7.jpg?im=RegionOfInterestCrop=(1200,630),regionOfInterest=(1599,901)&hash=080f16b45e626311182b7fdc249ad3b8a9923d2549f57d5ad688bc5644da3552",2026-07-04T09:17:00Z,,Die 27-jährige Gloria-Sophie Burkandt zeigt sich in einer neuen Fernsehproduktion ungewohnt verletzlich. In der ProSieben-Dokumentation Born Famous Fluch oder Segen? thematisiert die Tochter des baye… [+2242 chars],,de,'Schatten'
https://www.welt.de/politik/deutschland/plus6a4778212e8f13ca8ed2aa79/schwarz-roter-reformplan-eine-revolution-fuer-deutschland-bedenkt-man-dass-sie-von-baerbel-bas-gemacht-wird.html,https://www.welt.de/politik/deutschland/plus6a4778212e8f13ca8ed2aa79/schwarz-roter-reformplan-eine-revolution-fuer-deutschland-bedenkt-man-dass-sie-von-baerbel-bas-gemacht-wird.html,0,www.welt.de,"Eine Revolution für Deutschland – bedenkt man, dass sie von Bärbel Bas gemacht wird","Was in anderen Ländern normal wäre, gleicht in Deutschland einer politischen Sensation: Die Regierung geht ans Arbeitsrecht ran – und ausgerechnet Ministerin Bas springt über ihren Schatten. Ihr Co-SPD-Chef Klingbeil wagt sich nicht so weit vor.",https://images.welt.de/6a4778212e8f13ca8ed2aa79/f6f6838bcbe947db4304d83607df3096/ci16x9-w1200/dwosb-robin-alexander-ds-cw-orange-jpg,2026-07-04T09:47:06Z,,"Was in anderen Ländern normal wäre, gleicht in Deutschland einer politischen Sensation: Die Regierung geht ans Arbeitsrecht ran  und ausgerechnet Ministerin Bas springt über ihren Schatten. Ihr Co-SP… [+44 chars]",,de,'Schatten'
https://www.freitag.de/autoren/marisa-becker/mehr-klimaschutz-durch-mitsprache-was-buergerdeliberation-moeglich-macht,https://www.freitag.de/autoren/marisa-becker/mehr-klimaschutz-durch-mitsprache-was-buergerdeliberation-moeglich-macht,0,www.freitag.de,Mehr Klimaschutz durch Mitsprache: Was Bürgerdeliberation möglich macht,"In einem Forschungsprojekt erledigten einfache Menschen jenen Job, den eigentlich die Politik abliefern müsste. Und das engagierter, sozial gerechter und durchaus angemessen, die Erderwärmung einzudämmen. Doch die Sache hat einen Haken Ein Tempolimit von 130 …",https://www.freitag.de/autoren/marisa-becker/mehr-klimaschutz-durch-mitsprache-was-buergerdeliberation-moeglich-macht/@@images/image/great,2026-07-04T12:00:00Z,,"Ein Tempolimit von 130 Kilometern pro Stunde, das Ende des Dieselprivilegs, ein günstiges Deutschlandticket und ein Verbot fossiler Heizungen in Neubauten – das klingt nach Forderungen aus dem Grunds… [+7694 chars]",,de,'Erderwärmung'
https://vorarlberg.orf.at/stories/3361220/,https://vorarlberg.orf.at/stories/3361220/,0,vorarlberg.orf.at,Hitze belastet Krankenhäuser,"Die anhaltende Hitze macht vor allem Menschen zu schaffen, die der prallen Sonne ausgesetzt sind oder in sehr heißen Räumen arbeiten müssen. Auch in Vorarlbergs Krankenhäusern ist die Hitze zu spüren, insbesondere in den Patientenzimmern und Untersuchungsräum…",https://ibs.orf.at/vbg?image=https%3A%2F%2Foekastatic.orf.at%2Fmims%2F2026%2F15%2F62%2Fcrops%2Fw%3D1200%2Ch%3D627%2Cq%3D75%2F2999023_master_1159862_018910f9-57bc-4581-9d9e-d9f647910a97.jpg%3Fs%3D0de76b1449128ae0888d2917d0b450a00889fece,2026-07-04T12:44:17Z,,"Sensible Bereiche, etwa Kreißsäle, Intensivstationen, Operationssäle und Diagnostikbereiche, sind hingegen gekühlt. Das teilte die Krankenhausbetriebsgesellschaft (KHBG) auf ORF-Anfrage mit. Die KHBG… [+854 chars]",,de,'Hitze'
https://www.welt.de/kultur/plus6a48a8900b14ed961bb51770/opernfestival-in-aix-en-provence-ein-ungeloester-krimi-in-einem-haus-ohne-hueter.html,https://www.welt.de/kultur/plus6a48a8900b14ed961bb51770/opernfestival-in-aix-en-provence-ein-ungeloester-krimi-in-einem-haus-ohne-hueter.html,0,www.welt.de,Ein ungelöster Krimi in einem Haus ohne Hüter,"Aix-en-Provence startet den sommerlichen Opernfestivalreigen mit Mozarts „Zauberflöte“ und der „Frau ohne Schatten“ von Richard Strauss.  Während ein Dirigent seine Feuerprobe besteht, gelingt einem Regisseur keine festspielwürdige Aufführung.",https://images.welt.de/6a48a8900b14ed961bb51770/ed70d89b53a57bcf9efb80c100b546f4/ci16x9-w1200/la-flute-enchantee-festival-d-aix-en-provence-2026-c-jean-louis-fernandez7-jpeg,2026-07-04T13:40:44Z,,"Aix-en-Provence startet den sommerlichen Opernfestivalreigen mit Mozarts Zauberflöte und der Frau ohne Schatten von Richard Strauss. Während ein Dirigent seine Feuerprobe besteht, gelingt einem Regis… [+38 chars]",,de,'Schatten'
https://www.faz.net/aktuell/sport/mehr-sport/tennis-zverevs-licht-und-serenas-schatten-in-wimbledon-200998218.html,https://www.faz.net/aktuell/sport/mehr-sport/tennis-zverevs-licht-und-serenas-schatten-in-wimbledon-200998218.html,0,www.faz.net,im Wimbledon-Achtelfinale: Zverevs Licht und Serenas Schatten,Alexander Zverev schlägt den US-Amerikaner Marcos Giron und erreicht wieder einmal das Achtelfinale von Wimbledon. Und diesmal scheint er bereit für die nächsten Schritte.,https://media0.faz.net/image/w1200h627/42c92572b75e/w3348h1749x0y67o/202607/43601.0.2297761979/alexander-zverev-spielt-sich.webp,2026-07-04T17:21:22Z,,"Normalerweise hätte sich Alexander Zverev einer besonderen Aufmerksamkeit sicher sein können, am Samstagnachmittag in Wimbledon. Als frischgebackener French-Open-Sieger ist der Deutsche an sich schon… [+6457 chars]",,de,'Schatten'
https://www.dw.com/de/iran-bahai-bahai-glaeubige-religion-religionsfreiheit-unterdrueckung/a-77749409,https://www.dw.com/de/iran-bahai-bahai-glaeubige-religion-religionsfreiheit-unterdrueckung/a-77749409,0,www.dw.com,"""Wir fürchten das Schlimmste"" - Bahai zur Lage im Iran","Verhaftungen, Folter, Scheinhinrichtungen - im Schatten des Iran-Kriegs wächst der Druck auf Bahai-Gläubige im Land der Mullahs.",https://static.dw.com/image/77743473_6.jpg,2026-07-04T19:46:00Z,,"Sie schildert es ganz ruhig und versucht, gefasst zu bleiben. ""Vor gut drei Wochen haben Sicherheitskräfte unsere Wohnung durchsucht, persönliche Gegenstände beschlagnahmt und meinen Bruder mitgenomm… [+6788 chars]",,de,'Schatten'
https://www.zeit.de/news/2026-07/05/vergangenes-jahr-etwas-mehr-sexualdelikte-in-schwimmbaedern,https://www.zeit.de/news/2026-07/05/vergangenes-jahr-etwas-mehr-sexualdelikte-in-schwimmbaedern,0,www.zeit.de,Kriminalität und Freibad: Vergangenes Jahr etwas mehr Sexualdelikte in Schwimmbädern,Hier finden Sie Informationen zu dem Thema „Kriminalität und Freibad“. Lesen Sie jetzt „Vergangenes Jahr etwas mehr Sexualdelikte in Schwimmbädern“.,https://img.zeit.de/news/2026-07/05/vergangenes-jahr-etwas-mehr-sexualdelikte-in-schwimmbaedern-image-group/wide__1300x731,2026-07-05T01:00:07Z,,Im vergangenen Jahr sind in Hessen mehr Sexualstraftaten in Schwimmbädern registriert worden als 2024. Das teilte die Polizei Westhessen auf Anfrage unter Verweis auf die Kriminalitätsstatistik mit. … [+722 chars],,de,'Freibad'
https://www.zeit.de/news/2026-07/05/handy-am-beckenrand-bademeister-ermahnen-eltern,https://www.zeit.de/news/2026-07/05/handy-am-beckenrand-bademeister-ermahnen-eltern,0,www.zeit.de,Kinder im Freibad: Handy am Beckenrand? Bademeister ermahnen Eltern,Hier finden Sie Informationen zu dem Thema „Kinder im Freibad“. Lesen Sie jetzt „Handy am Beckenrand? Bademeister ermahnen Eltern“.,https://img.zeit.de/news/2026-07/05/handy-am-beckenrand-bademeister-ermahnen-eltern-image-group/wide__1300x731,2026-07-05T02:00:29Z,,"Es braucht nicht viel, damit aus einem Familienausflug ins Freibad ein Notfall wird: Kinder können innerhalb von Sekunden lautlos im Wasser ertrinken, während Eltern in ihr Smartphone vertieft sind. … [+3279 chars]",,de,'Freibad'
https://www.zeit.de/news/2026-07/05/sommer-sonne-straftat-was-freibaeder-dagegen-machen,https://www.zeit.de/news/2026-07/05/sommer-sonne-straftat-was-freibaeder-dagegen-machen,0,www.zeit.de,"Kriminalität: Sommer, Sonne, Straftat? Was Freibäder dagegen machen","Hier finden Sie Informationen zu dem Thema „Kriminalität“. Lesen Sie jetzt „Sommer, Sonne, Straftat? Was Freibäder dagegen machen“.",https://img.zeit.de/news/2026-07/05/sommer-sonne-straftat-was-freibaeder-dagegen-machen-image-group/wide__1300x731,2026-07-05T02:00:48Z,,"Eigentlich sollen Freibäder Abkühlung, Entspannung und Freude bringen. Doch gerade, wenn an heißen Tagen viele Menschen auf engem Raum zusammenkommen, kann der Badespaß schnell vorbei sein. Sexuelle … [+5680 chars]",,de,'Freibad'
https://www.tagesspiegel.de/gesellschaft/panorama/smartphone-statt-spass-mit-kind-handy-am-beckenrand-bademeister-ermahnen-eltern-15801653.html,https://www.tagesspiegel.de/gesellschaft/panorama/smartphone-statt-spass-mit-kind-handy-am-beckenrand-bademeister-ermahnen-eltern-15801653.html,0,www.tagesspiegel.de,Smartphone statt Spaß mit Kind: Handy am Beckenrand? Bademeister ermahnen Eltern,"Mit dem Kind im Freibad: Für manche Eltern ist das kein Grund, mal auf den Dauerblick aufs Handy zu verzichten. Wenn nicht andere hinschauen, kann das ein Todesurteil sein.",https://www.tagesspiegel.de/images/15801652/alternates/BASE_16_9_W1400/1783216940000/handy-eltern-im-freibad-eine-todliche-gefahr.jpeg,2026-07-05T02:02:20Z,,"Nicht nur auf Spielplätzen, auch im Freibad können viele Eltern nicht vom Blick aufs Handy lassen. Für Kinder bedeutet das eine tödliche Gefahr: Ertrinken geht schnell und lautlos. Ein Bademeister kö… [+2401 chars]",,de,'Freibad'
https://www.sueddeutsche.de/sport/frankreich-mbappe-paraguay-wm-schiedsrichter-li.3510581,https://www.sueddeutsche.de/sport/frankreich-mbappe-paraguay-wm-schiedsrichter-li.3510581,0,www.sueddeutsche.de,Frankreich bei der WM: Jetzt gewinnen sie auch noch die – Verzeihung – Drecksspiele,"Tritte, Provokationen und ein Schiedsrichter, der weder Tritte noch Provokationen sieht: Frankreich trotzt in der Bullenhitze von Philadelphia gegen Paraguay erstaunlich gelassen allen schmutzigen Tricks.",https://www.sueddeutsche.de/2026/07/05/74bd9cbc-c102-4b3f-b1fb-095a05b59e6a.jpg?q=60&fm=webp&width=1200&rect=0%2C219%2C4000%2C2250,2026-07-05T04:00:13Z,,"Bezeichnend war diese Szene, weil Paraguays Torhüter, wie schon im Sechzehntelfinale gegen Deutschland, der beste Mann auf dem Platz gewesen war, weil er zweifellos zu den Entdeckungen dieses Turnier… [+7251 chars]",,de,'Schatten'
https://www.zeit.de/news/2026-07/05/gewitter-und-sonne-bayern-erwartet-wechselhaftes-wetter,https://www.zeit.de/news/2026-07/05/gewitter-und-sonne-bayern-erwartet-wechselhaftes-wetter,0,www.zeit.de,Aussichten: Gewitter und Sonne: Bayern erwartet wechselhaftes Wetter,Hier finden Sie Informationen zu dem Thema „Aussichten“. Lesen Sie jetzt „Gewitter und Sonne: Bayern erwartet wechselhaftes Wetter“.,https://img.zeit.de/news/2026-07/05/gewitter-und-sonne-bayern-erwartet-wechselhaftes-wetter-image-group/wide__1300x731,2026-07-05T05:28:01Z,,Schauer und Gewitter können in Bayern das Wochenendvergnügen am Sonntag etwas eintrüben. In Nordbayern erwartet der Deutsche Wetterdienst (DWD) gebietsweise Regen oder Schauer mit einzelnen Gewittern… [+564 chars],,de,'Gewitter'
https://www.zeit.de/news/2026-07/05/in-diesen-landesteilen-drohen-gewitter,https://www.zeit.de/news/2026-07/05/in-diesen-landesteilen-drohen-gewitter,0,www.zeit.de,Wetterbericht: In diesen Landesteilen drohen Gewitter,Hier finden Sie Informationen zu dem Thema „Wetterbericht“. Lesen Sie jetzt „In diesen Landesteilen drohen Gewitter“.,https://img.zeit.de/news/2026-07/05/in-diesen-landesteilen-drohen-gewitter-image-group/wide__1300x731,2026-07-05T05:33:45Z,,"Wer in der Nordhälfte Baden-Württembergs unterwegs ist, muss sich heute auf Gewitter einstellen. Von Sonntagmittag bis Sonntagabend drohten dort einzelne kurze Gewitter, kündigte der Deutsche Wetterd… [+1663 chars]",,de,'Gewitter'
https://www.sueddeutsche.de/bayern/bayern-wetter-gewitter-sonne-ausblick-li.3510655,https://www.sueddeutsche.de/bayern/bayern-wetter-gewitter-sonne-ausblick-li.3510655,0,www.sueddeutsche.de,Gewitter und Sonne: Wechselhaftes Wetter zum Wochenstart,"Milde Temperaturen, aber es kann regnen und auch gewittern: So wird das Wetter in Bayern am Sonntag und zum Wochenanfang.",https://www.sueddeutsche.de/2026/07/05/7973546c-9e8c-4631-a2d2-146fde0b8a5f.jpg?q=60&fm=webp&width=1200&rect=0%2C157%2C3000%2C1687,2026-07-05T05:38:38Z,,"Am Montag zeigt sich in Südbayern ein ähnliches Bild wie am Sonntag: In Schwaben dürfte es viel Sonne geben, ansonsten wird es bewölkt und kann auch regnen. Gewitter sind möglich. 22 bis 29 Grad werd… [+164 chars]",,de,'Gewitter'
https://www.morgenpost.de/politik/article412483678/nach-dem-grossen-gewitter-teilt-donald-trump-gegen-kommunisten-aus.html,https://www.morgenpost.de/politik/article412483678/nach-dem-grossen-gewitter-teilt-donald-trump-gegen-kommunisten-aus.html,0,www.morgenpost.de,Nach dem großen Gewitter teilt Donald Trump gegen „Kommunisten“ aus,In seiner Rede zum 250-jährigen Bestehen der USA hat Präsident Trump vor einer angeblich drohenden Übernahme des Landes durch „Kommunisten“ gewarnt.,https://img.sparknews.funkemedien.de/412483664/412483664_1783230780_v16_9_1600.jpeg,2026-07-05T05:58:41Z,,"Donnernde Kampfjets, drohendes Unwetter und das angeblich größte Feuerwerk aller Zeiten: Mit einer Rede in Washington hat US-Präsident Donald Trump den Schlusspunkt unter die Festlichkeiten zum 250. … [+2893 chars]",,de,'Gewitter'
https://www.diepresse.com/34771259/bach-gatsch-wald-hinein-in-die-wilde-kindheit,https://www.diepresse.com/34771259/bach-gatsch-wald-hinein-in-die-wilde-kindheit,0,www.diepresse.com,"Bach, Gatsch, Wald: Hinein in die wilde Kindheit [premium]","Raus aus dem Klassenzimmer, raus ins Freie, raus aus der Komfortzone: Die Sommerferien sind da und bieten Raum für Freude und Leichtigkeit. Und die Frage: Wie wild soll, kann und darf es werden?",https://img.diepresse.com/public/incoming/kwjne8-janina-mit-kindern/alternates/WEBP_WIDE_1200/Janina%20mit%20Kindern,2026-07-05T06:49:35Z,,"Sei frech, wild und wunderbar, lautet ein Zitat der Schriftstellerin Astrid Lindgren. Wer es hört, sieht ein Mädchen mit roten Zöpfen, breitem Lächeln und blauen Augen auftauchen Pippi Langstrumpf. E… [+10437 chars]",,de,'Sommerferien'
https://www.diepresse.com/35175376/250-jahre-usa-trump-feiert-sich-und-nennt-demokraten-kommunisten,https://www.diepresse.com/35175376/250-jahre-usa-trump-feiert-sich-und-nennt-demokraten-kommunisten,0,www.diepresse.com,250 Jahre USA: Trump feiert sich und nennt Demokraten Kommunisten,Der Präsident nutzte das Jubiläum für die Konfrontation mit der Opposition. Die National Mall in Washington war wegen eines Gewitters zwischenzeitlich evakuiert.,https://img.diepresse.com/public/incoming/xikiq1-imago-images-0860771505/alternates/WEBP_WIDE_1200/imago%20images%200860771505,2026-07-05T06:59:37Z,,"Die Presse auf Google als bevorzugte Nachrichtenquelle hinzufügen.
 In einer Rede zum 250-jährigen Bestehen der USA hat Präsident Donald Trump das Land und sich selbst gepriesen und die oppositionel… [+3859 chars]",,de,'Hitze'
https://www.faz.net/aktuell/technik-motor/schlusslicht-ein-hitzefest-accg-200988751.html,https://www.faz.net/aktuell/technik-motor/schlusslicht-ein-hitzefest-accg-200988751.html,0,www.faz.net,Schlusslicht: Ein Hitzefest,"Nach der Hitzewelle ist vor der Hitzewelle, also bricht Geschäftigkeit aus. In den USA brennt die Fußballhütte in Wikingerrot und Tulpenorange. Nur die Schotten suchen Schatten.",https://media0.faz.net/image/w1200h627/ad63497ce77d/w3744h1956x0y465o/202606/43601.0.2269576853/huh-und-losgerudert.webp,2026-07-05T07:00:00Z,,"Die Hütte brennt. Das sagt zumindest unser Thermometer während der ersten 40-Grad-Periode des Sommers. Die nächste kommt geschwind, munkeln Meteorologen. Das ignorieren wir und erfreuen uns an kühlen… [+2141 chars]",,de,'Hitze'
https://www.welt.de/vermischtes/article6a4a0093dbe2b30aced1a796/hessen-freibad-ohne-limit-anonymer-spender-zahlt-eintritt-fuer-alle-kinder-in-den-sommerferien.html,https://www.welt.de/vermischtes/article6a4a0093dbe2b30aced1a796/hessen-freibad-ohne-limit-anonymer-spender-zahlt-eintritt-fuer-alle-kinder-in-den-sommerferien.html,0,www.welt.de,Freibad ohne Limit – Anonymer Spender zahlt Eintritt für alle Kinder in den Sommerferien,Dank eines Spenders ist der Freibad-Besuch für Kinder und Jugendliche unter 16 Jahren im nordhessischen Schwalmstadt kostenlos. Bislang blieb er anonym. Doch nun hat er sich geäußert.,https://images.welt.de/6a4a0093dbe2b30aced1a796/45cad1b912869741dd700c594d4a271c-master/ci16x9-w1200/dpa-com-260705-935-1458294-jpg,2026-07-05T07:12:09Z,,Dank eines Spenders ist der Freibad-Besuch für Kinder und Jugendliche unter 16 Jahren im nordhessischen Schwalmstadt kostenlos. Bislang blieb er anonym. Doch nun hat er sich geäußert.Seine großzügige… [+2137 chars],,de,'Sommerferien'
https://www.morgenpost.de/politik/article412472512/happy-birthday-amerika-auch-ein-donald-trump-dich-nicht-zerstoeren.html,https://www.morgenpost.de/politik/article412472512/happy-birthday-amerika-auch-ein-donald-trump-dich-nicht-zerstoeren.html,0,www.morgenpost.de,"Happy Birthday, Amerika! Auch ein Donald Trump kann dich nicht zerstören",Verschwitzt und teuer: die WM-Trikots der Superstars +++ Freibad? Welches Freibad? +++ Cherson: eine Nacht im Bunker +++ Amerika wird 250,https://img.sparknews.funkemedien.de/412472779/412472779_1783083377_v16_9_1600.jpeg,2026-07-05T07:21:32Z,,"Liebe Leserin, lieber Leser, 
wenn Sie sich regelmäßig im Park verausgaben oder im Gym auf dem Laufband sprinten, kennen Sie das: Ihr Sportshirt müffelt nach dem Training und Sie werfen es in die Wa… [+8562 chars]",,de,'Hitze'
https://www.faz.net/aktuell/rhein-main/auto-ueberschlaegt-sich-fuenf-verletzte-bei-schwerem-autounfall-nahe-muecke-aktuelle-nachrichten-aus-frankfurt-hessen-faz-19735361.html,https://www.faz.net/aktuell/rhein-main/auto-ueberschlaegt-sich-fuenf-verletzte-bei-schwerem-autounfall-nahe-muecke-aktuelle-nachrichten-aus-frankfurt-hessen-faz-19735361.html,0,www.faz.net,Rhein-Main-Liveblog: Fünf Verletzte bei schwerem Autounfall nahe Mücke,Wetter in Hessen: Einzelne Gewitter am Sonntag möglich +++ Familienstreit löst Polizeieinsatz in Wiesbaden aus +++ Kinder sollen Brand auf Bauernhof in Rüsselsheim verursacht haben +++ Liveblog zu Rhein-Main und Hessen,https://media0.faz.net/image/w1200h627/7def990dd0cf/w6144h3210x0y400o/202607/43601.0.2284488007/der-autofahrer-hat-sich-mit.webp,2026-07-05T07:36:12Z,,Noch Tage nach den extremen Temperaturen waren die Rettungskräfte in Frankfurt an der Grenze ihrer Kapazitäten nun wird es langsam besser: Die Einsatzzahlen waren nach Angaben der Feuerwehr am Donner… [+762 chars],,de,'Gewitter'
https://www.bild.de/politik/bild-reporter-bei-trumps-usa-feier-die-maga-bewegung-steht-eisern-hinter-ihm-6a49fa7a0b14ed961bb525d4,https://www.bild.de/politik/bild-reporter-bei-trumps-usa-feier-die-maga-bewegung-steht-eisern-hinter-ihm-6a49fa7a0b14ed961bb525d4,0,www.bild.de,BILD-Reporter bei Trumps USA-Feier - „Die MAGA-Bewegung steht eisern hinter ihm“,Das von Donald Trump angekündigte Spektakel anlässlich des 250. Geburtstags der USA wird kurzzeitig von einem Gewitter gestoppt. Der US-Präsident kann seine Rede mit Verzögerung aber doch noch halten.,"https://images.bild.de/6a49fa7a0b14ed961bb525d4/6fdf076751e5ac9c08e55431f06f622e,5385e73f?w=1280",2026-07-05T08:31:44Z,,"Mehr zum Video anzeigen 
Das von Donald Trump angekündigte Spektakel anlässlich des 250. Geburtstags der USA wird kurzzeitig von einem Gewitter gestoppt. Der US-Präsident kann seine Rede mit Verzöge… [+62 chars]",,de,'Gewitter'
https://www.diepresse.com/35128987/keine-wollsocken-in-der-wueste,https://www.diepresse.com/35128987/keine-wollsocken-in-der-wueste,0,www.diepresse.com,Keine Wollsocken in der Wüste [premium],"Marokko im Juni ist für jemanden, der die Hitze schlecht verträgt, vielleicht kein optimales Reiseziel. Wobei: So ein kleiner Regentanz wird zukünftig wohl auch in den Wiener Sommern immer öfter fällig.",https://www.diepresse.com/assets_v2/images/diepresse_nachrichten.png,2026-07-05T08:52:26Z,,Unlängst war ich in Marokko. Das war noch bevor die Juni-Hitzewelle über Österreich hinwegfegte. Vor der Abreise behielt ich meine Wetter-App tagelang genau im Blick und sah der Temperatur im Südoste… [+2846 chars],,de,'Hitze'
https://www.focus.de/panorama/welt/haben-so-hart-darauf-hingearbeitet-max-16-letzte-pruefung-wurde-wegen-hitzewelle-2-monate-verschoben_3b3c40a1-b23f-4fb1-b478-cd9e7128f8bb.html,https://www.focus.de/panorama/welt/haben-so-hart-darauf-hingearbeitet-max-16-letzte-pruefung-wurde-wegen-hitzewelle-2-monate-verschoben_3b3c40a1-b23f-4fb1-b478-cd9e7128f8bb.html,0,www.focus.de,„Haben so hart darauf hingearbeitet”: Max (16) letzte Prüfung wurde wegen Hitzewelle 2 Monate verschoben,Extreme Hitze bringt die Prüfungspläne in einer niederländischen Schule durcheinander. Ein 16-Jähriger wartet nun länger auf seine letzte Prüfung.,"https://quadro.burda-forward.de/ctf/1d4288e5-3646-4690-bc08-2c763fd4db54.5c7263a6-7fa9-4d3d-b705-2ecd94794d84.png?im=RegionOfInterestCrop=(1200,630),regionOfInterest=(590,385)&hash=d80892fa6f72c8a18865608aef53f049b29ba9839268aabbc67ae8626a9a6f37",2026-07-05T09:30:00Z,,Mehrere Schüler in der niederländischen Region Twente können ihre mündlichen Prüfungen wegen extremer Hitze nicht wie geplant ablegen. Die zuständige Prüfungsbehörde College voor Toetsen en Examens h… [+2239 chars],,de,'Hitze'
https://www.sueddeutsche.de/muenchen/muenchen-hitze-garten-balkon-giessen-wassersparen-interview-li.3508601,https://www.sueddeutsche.de/muenchen/muenchen-hitze-garten-balkon-giessen-wassersparen-interview-li.3508601,0,www.sueddeutsche.de,"Gärtnern bei Hitze: „Mehr Gießen muss nicht bedeuten, dass mehr Trinkwasser draufgeht“","Ein bisschen Gelassenheit im Umgang mit Pflanzen schadet nicht. Gartenbau-Experte Lutz Popp erklärt, welches Bewässerungssystem überzeugt und wo sich beim Gärtnern einer der wenigen positiven Aspekte des Klimawandels zeigt.",https://www.sueddeutsche.de/2024/04/03/23861123-2bbb-4d5a-8f8a-28b8056c19c6.jpeg?q=60&fm=webp&width=1200&rect=0%2C70%2C1350%2C759,2026-07-05T09:38:43Z,,"Eis, Freibad und Schwitzen gehört genau so zum Sommer wie das Pflanzengießen  zumindest für die vielen Hobbygärtner mit eigenem Balkon oder Garten. Bei immer heißer werdenden Sommern stellt sich aber… [+236 chars]",,de,'Hitze'
https://www.zeit.de/news/2026-07/05/erste-sommerferienwoche-wechselhaft,https://www.zeit.de/news/2026-07/05/erste-sommerferienwoche-wechselhaft,0,www.zeit.de,Wetter: Erste Sommerferienwoche wechselhaft,Hier finden Sie Informationen zu dem Thema „Wetter“. Lesen Sie jetzt „Erste Sommerferienwoche wechselhaft“.,https://img.zeit.de/news/2026-07/05/erste-sommerferienwoche-wechselhaft-image-group/wide__1300x731,2026-07-05T09:52:04Z,,Grau und kühl beginnt in Sachsen die erste Woche der Sommerferien. Der Deutsche Wetterdienst (DWD) sagt für die nächsten Tage immer wieder Regenschauer und mäßige Temperaturen voraus. Ab Mittwoch sol… [+688 chars],,de,'Sommerferien'
https://www.faz.net/aktuell/rhein-main/region-und-hessen/bei-badeunfaellen-sterben-meist-maenner-accg-200989062.html,https://www.faz.net/aktuell/rhein-main/region-und-hessen/bei-badeunfaellen-sterben-meist-maenner-accg-200989062.html,0,www.faz.net,Badeunfälle: Ertrinken geschieht leise,"Am Hitzewochenende starben in Deutschland 26 Menschen in Flüssen und Seen. Rettungsschwimmer erklären, warum aus Abkühlung schnell Lebensgefahr werden kann – und wie trügerisch Vorstellungen vom sicheren Schwimmen sind.",https://media0.faz.net/image/w1200h627/ba5b04080df5/w7929h4142x0y572o/202606/43601.0.2270628731/ein-tag-am-see-wie-hier-am.webp,2026-07-05T09:56:34Z,,"Zwei Wochen ist es her, dass drei Männer tot aus dem Rhein geborgen wurden, die alle von Hessen aus ins Wasser gegangen waren. Sie waren 23, 27 und 50 Jahre alt. Nach bisherigen Erkenntnissen geht di… [+11512 chars]",,de,'Hitze'
https://www.bild.de/leben-wissen/haustiere/katzenfutter-schuetzen-so-napf-bei-sommerhitze-richtig-reinigen-6a44ba2d2fd1ad73125784ea,https://www.bild.de/leben-wissen/haustiere/katzenfutter-schuetzen-so-napf-bei-sommerhitze-richtig-reinigen-6a44ba2d2fd1ad73125784ea,0,www.bild.de,Frische Tipps für heiße Tage - So bleibt das Katzenfutter keimfrei,"Bei Hitze verdirbt Katzenfutter schnell. Den Napf rasch reinigen, Wasser öfter wechseln und geöffnete Dosen kühlen hilft dabei, Bakterien fern zu halten.","https://images.bild.de/6a44ba2d2fd1ad73125784ea/61dbf2430d0daef573ad486a44ecad6e,8d3b32c2?w=1280",2026-07-05T10:14:25Z,,TTS-Player überspringenArtikel weiterlesenFür Katzenhalter werden heiße Tage schnell zur Hygiene-Frage: Schon ab etwa 20 Grad verdirbt Futter im Napf deutlich schneller. Der Industrieverband Heimtier… [+1707 chars],,de,'Hitze'
https://www.tagesspiegel.de/gesellschaft/panorama/wetteraussichten-heiteres-sommerwetter-zum-montag-aber-nur-im-sudwesten-15802361.html,https://www.tagesspiegel.de/gesellschaft/panorama/wetteraussichten-heiteres-sommerwetter-zum-montag-aber-nur-im-sudwesten-15802361.html,0,www.tagesspiegel.de,Wetteraussichten: Heiteres Sommerwetter zum Montag - aber nur im Südwesten,"Deutschland ist im Hinblick auf das Wetter zweigeteilt: Während im Norden und Osten der Regenschirm nicht fehlen darf, können in der Südwesthälfte Sonnencreme und Badesachen eingepackt werden.",https://www.tagesspiegel.de/images/15802360/alternates/BASE_16_9_W1400/1783247833000/badewetter-im-september.jpeg,2026-07-05T10:37:13Z,,"Grau-trübe Aussichten bringt der Start in die neue Woche nur für eine Hälfte Deutschlands. Wie der Deutsche Wetterdienst (DWD) mitteilte, startet der Montag für die Menschen im Südwesten verbreitet s… [+1684 chars]",,de,'Gewitter'
https://www.tagesspiegel.de/berlin/wetteraussichten-regnerischer-wochenanfang-in-berlin-und-brandenburg-15802429.html,https://www.tagesspiegel.de/berlin/wetteraussichten-regnerischer-wochenanfang-in-berlin-und-brandenburg-15802429.html,0,www.tagesspiegel.de,Wetteraussichten: Regnerischer Wochenanfang in Berlin und Brandenburg,"Wer zum Start in die neue Woche das Haus verlässt, sollte einen Schirm mitnehmen. Es kann immer wieder Regen geben. Die Meteorologen erwarten zudem frischen Wind und wenig Sonne.",https://www.tagesspiegel.de/images/15802428/alternates/BASE_16_9_W1400/1783248536000/regen-und-wind-in-berlin-und-brandenburg.jpeg,2026-07-05T10:48:56Z,,Die Berliner und Brandenburger müssen sich am Sonntag und zum Start in die neue Woche auf Regenschauer einstellen. Ungewöhnlich hohe Temperaturen wie in der vergangenen Hitzeperiode stehen weiterhin … [+758 chars],,de,'Sonne'
https://taz.de/Superhochzeit-am-Unabhaengigkeitstag/!6193474/,https://taz.de/Superhochzeit-am-Unabhaengigkeitstag/!6193474/,0,taz.de,Superhochzeit am Unabhängigkeitstag: Wie Taylor Swift sogar Trump in den Schatten stellte,"Alles, was Sie über die Hochzeit des US-Popstars wissen wollten, aber nicht zu fragen wagten: das definitive Q&A zum Großereignis am Wochenende.",https://taz.de/picture/8591431/1200/41553976.jpeg,2026-07-05T10:52:00Z,,"Alles, was Sie über die Hochzeit des US-Popstars wissen wollten, aber nicht zu fragen wagten: das definitive Q&A zum Großereignis am Wochenende. mehr...",,de,'Schatten'
https://www.zeit.de/news/2026-07/05/filmfest-muenchen-mit-hitze-stars-und-einem-seitenhieb,https://www.zeit.de/news/2026-07/05/filmfest-muenchen-mit-hitze-stars-und-einem-seitenhieb,0,www.zeit.de,"Filmfestival: Filmfest München mit Hitze, Stars und einem Seitenhieb","Hier finden Sie Informationen zu dem Thema „Filmfestival“. Lesen Sie jetzt „Filmfest München mit Hitze, Stars und einem Seitenhieb“.",https://img.zeit.de/news/2026-07/05/filmfest-muenchen-mit-hitze-stars-und-einem-seitenhieb-image-group/wide__1300x731,2026-07-05T10:57:36Z,,"Zehn Tage mit großen Emotionen, brütender Hitze und vielen Promis - das Filmfest München hat seinem Ruf als sonniges und unterhaltsames Sommer-Filmfestival alle Ehre gemacht. 
Das diesjährige Progra… [+3665 chars]",,de,'Hitze'
https://www.tagesspiegel.de/gesellschaft/filmfestival-filmfest-munchen-mit-hitze-stars-und-einem-seitenhieb-15802461.html,https://www.tagesspiegel.de/gesellschaft/filmfestival-filmfest-munchen-mit-hitze-stars-und-einem-seitenhieb-15802461.html,0,www.tagesspiegel.de,"Filmfestival: Filmfest München mit Hitze, Stars und einem Seitenhieb","Brütende Hitze, Stars wie Duchovny und Almodóvar und ein Seitenhieb gegen Trump: Das Filmfest München bot große Momente. Was dem Publikum besonders gefiel und wer sich blicken ließ.",https://www.tagesspiegel.de/images/15802460/alternates/BASE_16_9_W1400/1783249138000/43-filmfest-munchen-hochschule-fur-fernsehen-und-film.jpeg,2026-07-05T10:58:58Z,,"Zehn Tage mit großen Emotionen, brütender Hitze und vielen Promis - das Filmfest München hat seinem Ruf als sonniges und unterhaltsames Sommer-Filmfestival alle Ehre gemacht. 
Das diesjährige Progra… [+3699 chars]",,de,'Hitze'
https://www.n-tv.de/panorama/Nach-Herbstanklaengen-kommt-das-Badewetter-zurueck-id31049828.html,https://www.n-tv.de/panorama/Nach-Herbstanklaengen-kommt-das-Badewetter-zurueck-id31049828.html,0,www.n-tv.de,Die Wetterwoche im Schnellcheck: Nach Herbstanklängen kommt das Badewetter zurück,"Lupenreines Badewetter sagen die Meteorologen für den Auftakt in die neue Woche voraus, allerdings nicht überall. Und neue Hitzerekorde sind glücklicherweise erst einmal nicht in Sicht.",https://www.n-tv.de/img/31049847/1783253755/Img_16_9/1200/Ein-Mann-nimmt-am-Morgen-eine-Dusche-unter-einem-Rasensprenger-dpa-Bildfunk.jpg,2026-07-05T11:15:35Z,,"So heiß wie zuletzt wird es erstmal nicht. (Foto: picture alliance/dpa)
Lupenreines Badewetter sagen die Meteorologen für den Auftakt in die neue Woche voraus, allerdings nicht überall. Und neue Hit… [+3383 chars]",,de,'Hitze'
https://www.welt.de/wirtschaft/article6a48f6a8ad32e994f875b487/reisen-eis-espresso-sonnencreme-so-viel-kostet-der-urlaub-im-ausland-wirklich.html,https://www.welt.de/wirtschaft/article6a48f6a8ad32e994f875b487/reisen-eis-espresso-sonnencreme-so-viel-kostet-der-urlaub-im-ausland-wirklich.html,0,www.welt.de,"Eis, Espresso, Sonnencreme – so viel kostet der Urlaub im Ausland wirklich","Viele Urlauber beurteilen ein Reiseland nach dem Preis von bestimmten Produkten. Solche sogenannten Ankerpreise vermitteln oft ein verzerrtes Bild der tatsächlichen Lebenshaltungskosten. WELT zeigt, wo Urlauber tiefer in die Tasche greifen müssen – und für wa…",https://images.welt.de/6a48f6a8ad32e994f875b487/45e0e89a01012a71915578570ce37148-master/ci16x9-w1200/gettyimages-1289571950-jpg,2026-07-05T12:09:13Z,,"Viele Urlauber beurteilen ein Reiseland nach dem Preis von bestimmten Produkten. Solche sogenannten Ankerpreise vermitteln oft ein verzerrtes Bild der tatsächlichen Lebenshaltungskosten. WELT zeigt, … [+3599 chars]",,de,'Sonne'
https://www.diepresse.com/34850456/es-wird-wieder-kampfgebraeunt,https://www.diepresse.com/34850456/es-wird-wieder-kampfgebraeunt,0,www.diepresse.com,Es wird wieder »kampfgebräunt« [premium],"Tiefenbräune ist wieder in: »Tan-Maxxing« heißt der Trend in den USA, der Sonnenbaden und Solariumsbesuche wieder modern macht. Mit entsprechenden Konsequenzen.",https://img.diepresse.com/public/incoming/liclpg-italy/alternates/WEBP_WIDE_1200/ITALY,2026-07-05T13:37:14Z,,"Angesagt war nicht unbedingt das Wort, das man in den vergangenen Jahren mit besonders ausgeprägter Bräune assoziiert hat. Sonnenbänke und -studios gehörten eher einer aussterbenden Gattung an, die s… [+5196 chars]",,de,'Sonne'
https://www.tagesspiegel.de/gesellschaft/safety-first-zu-wenig-sonnenschutz-heidi-klum-ermahnt-tochter-leni-15803190.html,https://www.tagesspiegel.de/gesellschaft/safety-first-zu-wenig-sonnenschutz-heidi-klum-ermahnt-tochter-leni-15803190.html,0,www.tagesspiegel.de,Safety first: Zu wenig Sonnenschutz? Heidi Klum ermahnt Tochter Leni,Heidi Klum kommentiert das Instagram-Foto ihrer Tochter Leni – und bekommt dafür viel Zuspruch.,https://www.tagesspiegel.de/images/15803189/alternates/BASE_16_9_W1400/1783259037000/heidi-klum.jpeg,2026-07-05T13:43:57Z,,"Heidi Klum hat Tochter Leni öffentlich daran erinnert, mehr Sonnencreme zu benutzen. Leni (22) hatte am 4. Juli auf Instagram ein Foto gepostet, das sie mit einer Freundin auf einem Sofa auf einer Te… [+529 chars]",,de,'Sonne'
https://www.focus.de/kultur/stars/leni-postet-bikinibild-heidi-klum-ermahnt-sie_5176264b-b209-4176-8682-a1c551fae572.html,https://www.focus.de/kultur/stars/leni-postet-bikinibild-heidi-klum-ermahnt-sie_5176264b-b209-4176-8682-a1c551fae572.html,0,www.focus.de,Deutliche Ansage: Heidi Klum warnt Tochter Leni nach Bikini-Foto,Leni Klum präsentiert sich im Bikini mit sichtbar starkem Sonnenbrand. Auch ihrer Mutter Heidi bleibt das nicht verborgen: Die GNTM-Chefin macht ihrer Tochter auf Instagram nun öffentlich eine Ansage.,"https://quadro.burda-forward.de/ctf/cb200c4d-b2df-4d5f-a128-afcd47f44cfa.95c23665-731c-4105-811d-504b465ac527.png?im=RegionOfInterestCrop=(1200,630),regionOfInterest=(423,173)&hash=bf8b4b6e31c3eacaee08e4efbc215db8a579a8709554c6194d5f6f5127a81f74",2026-07-05T14:44:00Z,,Zum US-Unabhängigkeitstag am 4. Juli teilt die 22-jährige Leni Klum auf Instagram ein Foto mit ihrer besten Freundin Kayla Dardashti. Beide posieren mit farblich passenden Bandanas auf dem Kopf Blau … [+1732 chars],,de,'Sonne'
https://www.bild.de/politik/inland/ist-deutschland-hitzefest-das-war-erst-der-anfang-6a491cabad32e994f875b698,https://www.bild.de/politik/inland/ist-deutschland-hitzefest-das-war-erst-der-anfang-6a491cabad32e994f875b698,0,www.bild.de,Ist Deutschland hitzefest? - „Das war erst der Anfang“,"Extreme Hitze überfordert Deutschland, doch Regierung und Infrastruktur sind unvorbereitet.","https://images.bild.de/6a491cabad32e994f875b698/677c272df4013d941e9bbed648f8c735,4efd091a?w=1280",2026-07-05T15:45:45Z,,"TTS-Player überspringenArtikel weiterlesenBerlin Es gibt Rekorde, die braucht kein Mensch. Zum Beispiel drei Tage am Stück Hitze über 41 Grad. Im Juni! Bevor der Sommer bei uns überhaupt richtig ange… [+6036 chars]",,de,'Hitze'
https://www.tagesspiegel.de/sport/tour-de-france-lipowitz-verliert-sekunden-vingegaard-weiter-in-gelb-15803624.html,https://www.tagesspiegel.de/sport/tour-de-france-lipowitz-verliert-sekunden-vingegaard-weiter-in-gelb-15803624.html,0,www.tagesspiegel.de,Tour de France: Lipowitz verliert Sekunden - Vingegaard weiter in Gelb,"Hitze, Hektik, Sekundenverlust: Lipowitz wird bei der Tour in der Gesamtwertung weiter distanziert. Der Däne Vingegaard bleibt im Gelben Trikot.",https://www.tagesspiegel.de/images/15803758/alternates/BASE_16_9_W1400/1783269553000/tour-de-france.jpeg,2026-07-05T15:51:16Z,,"Deutschlands Rad-Star Florian Lipowitz streifte sich die Kühlweste über und versuchte, die Hitze der spanischen Hafenmetropole Barcelona abzuschütteln. Nach seinem dritten Gesamtrang im Vorjahr erleb… [+5171 chars]",,de,'Hitze'
https://www.bild.de/unterhaltung/stars-und-leute/heidi-klum-ermahnt-tochter-leni-nach-bikini-foto-6a4a7aacdbe2b30aced1af21,https://www.bild.de/unterhaltung/stars-und-leute/heidi-klum-ermahnt-tochter-leni-nach-bikini-foto-6a4a7aacdbe2b30aced1af21,0,www.bild.de,Post am 4. Juli - Heidi Klum ermahnt Leni nach Bikini-Foto,Heidi Klum ermahnte ein Bikinifoto von ihrer Tochter Leni wegen fehlendem Sonnenschutz und betont: Tägliche Sonnencreme schützt die Haut.,"https://images.bild.de/6a4a7aacdbe2b30aced1af21/fc3fb820afa03af4554432a9e2d32084,58973f76?w=1280",2026-07-05T17:02:00Z,,"TTS-Player überspringenArtikel weiterlesenSie ist Supermodel und berühmter Hollywood-Star, doch am Ende des Tages ist sie, wie viele andere Frauen auch, eine Mama, die sich Sorgen um ihre Kinder mach… [+2027 chars]",,de,'Sonne'
https://www.bild.de/news/wetter/die-ruhe-vor-der-naechsten-hitzewelle-wann-deutschland-wieder-schwitzt-6a4a1d410b14ed961bb52845,https://www.bild.de/news/wetter/die-ruhe-vor-der-naechsten-hitzewelle-wann-deutschland-wieder-schwitzt-6a4a1d410b14ed961bb52845,0,www.bild.de,Wann Deutschland wieder schwitzt - Die Ruhe vor der nächsten Hitzewelle,Wetterexperten sehen bereits die nächste Hitzewelle auf Deutschland zurollen.,"https://images.bild.de/6a4a1d410b14ed961bb52845/c5ed5b2bcef9c34792d26bb0a6ba177b,4ac79ac4?w=1280",2026-07-06T04:00:01Z,,"TTS-Player überspringenArtikel weiterlesenDie neue Woche startet mit überwiegend freundlichem Sommerwetter und angenehm warmen Temperaturen. Schauer und Gewitter ziehen zwar gebietsweise durch, versc… [+2833 chars]",,de,'Hitze'
https://wien.orf.at/stories/3360833/,https://wien.orf.at/stories/3360833/,0,wien.orf.at,Jörgerbad wird bis Ende 2027 geschlossen,"Wer in Hernals heuer schwimmen möchte, muss auf andere Bäder ausweichen: Das Jörgerbad ist ab heute wegen einer umfassenden Sanierung geschlossen. Die gesamte Anlage, bestehend aus Hallenbad und Freibad, bleibt voraussichtlich bis Ende 2027 außer Betrieb.",https://ibs.orf.at/wie?image=https%3A%2F%2Foekastatic.orf.at%2Fmims%2F2026%2F27%2F35%2Fcrops%2Fw%3D1200%2Ch%3D627%2Cq%3D75%2F3096344_master_1199135_w1600.jpg%3Fs%3D198b543546a2d409df7ff04974b83e4c04ac28bc,2026-07-06T04:05:00Z,,Mit Beginn der Sommerferien gibt es in Hernals kein geöffnetes Schwimmbad mehr. Auch das private Bad Neuwaldegg bleibt heuer geschlossen. Die Stadt verweist jedoch auf Ausweichmöglichkeiten in den an… [+2502 chars],,de,'Freibad'
https://www.zeit.de/news/2026-07/06/tour-wie-waldbraende-und-hitze-fahrer-und-fans-belasten,https://www.zeit.de/news/2026-07/06/tour-wie-waldbraende-und-hitze-fahrer-und-fans-belasten,0,www.zeit.de,Radsport und Klima: Tour: Wie Waldbrände und Hitze Fahrer und Fans belasten,Hier finden Sie Informationen zu dem Thema „Radsport und Klima“. Lesen Sie jetzt „Tour: Wie Waldbrände und Hitze Fahrer und Fans belasten“.,https://img.zeit.de/news/2026-07/06/tour-wie-waldbraende-und-hitze-fahrer-und-fans-belasten-image-group/wide__1300x731,2026-07-06T04:18:04Z,,Bei der ersten Pyrenäen-Etappe der Tour de France sollen die Fans in Frankreich wegen der heftigen Walbrände zu Hause bleiben. In den kommenden Tagen könnte die extreme Hitze im Süden des Landes zu w… [+3837 chars],,de,'Hitze'
https://www.tagesspiegel.de/sport/radsport-und-klima-tour-wie-waldbrande-und-hitze-fahrer-und-fans-belasten-15804114.html,https://www.tagesspiegel.de/sport/radsport-und-klima-tour-wie-waldbrande-und-hitze-fahrer-und-fans-belasten-15804114.html,0,www.tagesspiegel.de,Radsport und Klima: Tour: Wie Waldbrände und Hitze Fahrer und Fans belasten,Feuer und die nächste Hitzewelle: Das extreme Klima hat große Auswirkungen auf die Tour. Veranstalter und Fahrer müssen reagieren.,https://www.tagesspiegel.de/images/15804113/alternates/BASE_16_9_W1400/1783311557000/waldbrande-in-sudfrankreich.jpeg,2026-07-06T04:19:17Z,,Bei der ersten Pyrenäen-Etappe der Tour de France sollen die Fans in Frankreich wegen der heftigen Walbrände zu Hause bleiben. In den kommenden Tagen könnte die extreme Hitze im Süden des Landes zu w… [+3880 chars],,de,'Hitze'
https://www.focus.de/kultur/stars/deutliche-ansage-von-mama-heidi-klum-warnt-tochter-leni-nach-bikini-bild_5176264b-b209-4176-8682-a1c551fae572.html,https://www.focus.de/kultur/stars/deutliche-ansage-von-mama-heidi-klum-warnt-tochter-leni-nach-bikini-bild_5176264b-b209-4176-8682-a1c551fae572.html,0,www.focus.de,Deutliche Ansage von Mama: Heidi Klum warnt Tochter Leni nach Bikini-Bild,Leni Klum präsentiert sich im Bikini mit sichtbar starkem Sonnenbrand. Auch ihrer Mutter Heidi bleibt das nicht verborgen: Die GNTM-Chefin macht ihrer Tochter auf Instagram nun öffentlich eine Ansage.,"https://quadro.burda-forward.de/ctf/cb200c4d-b2df-4d5f-a128-afcd47f44cfa.95c23665-731c-4105-811d-504b465ac527.png?im=RegionOfInterestCrop=(1200,630),regionOfInterest=(423,173)&hash=bf8b4b6e31c3eacaee08e4efbc215db8a579a8709554c6194d5f6f5127a81f74",2026-07-06T04:23:00Z,,Zum US-Unabhängigkeitstag am 4. Juli teilt die 22-jährige Leni Klum auf Instagram ein Foto mit ihrer besten Freundin Kayla Dardashti. Beide posieren mit farblich passenden Bandanas auf dem Kopf Blau … [+1732 chars],,de,'Sonne'
https://www.zeit.de/news/2026-07/06/regen-boeen-und-hitze-hessen-erwartet-turbulente-tage,https://www.zeit.de/news/2026-07/06/regen-boeen-und-hitze-hessen-erwartet-turbulente-tage,0,www.zeit.de,"Wetteraussichten: Regen, Böen und Hitze – Hessen erwartet turbulente Tage","Hier finden Sie Informationen zu dem Thema „Wetteraussichten“. Lesen Sie jetzt „Regen, Böen und Hitze – Hessen erwartet turbulente Tage“.",https://img.zeit.de/news/2026-07/06/regen-boeen-und-hitze-hessen-erwartet-turbulente-tage-image-group/wide__1300x731,2026-07-06T04:46:53Z,,"In den kommenden Tagen bleibt das Wetter in Hessen wechselhaft. Am Montag ist es im Norden wechselnd bis stark bewölkt, örtlich kann etwas Regen fallen, wie der Deutsche Wetterdienst mitteilte. Die T… [+752 chars]",,de,'Hitze'
https://www.faz.net/aktuell/rhein-main/regen-boeen-hitze-turbulentes-wetter-in-hessen-aktuelle-nachrichten-aus-frankfurt-hessen-faz-19735361.html,https://www.faz.net/aktuell/rhein-main/regen-boeen-hitze-turbulentes-wetter-in-hessen-aktuelle-nachrichten-aus-frankfurt-hessen-faz-19735361.html,0,www.faz.net,"Rhein-Main-Liveblog: Regen, Böen, Hitze - turbulentes Wetter in Hessen",Quad fährt gegen Hauswand +++ Wiesbaden: Starker Rauch bei Kellerbrand in Industriebetrieb: +++ Mainz: Frau mit Rollator von Auto erfasst +++ Frankfurt: Radfahrerin bei Unfall verletzt +++ Liveblog zu Rhein-Main und Hessen,https://media0.faz.net/image/w1200h627/6df39188e433/w3000h1567x0y183o/202407/43601.0.452009591/verweht-in-hessen-ist.webp,2026-07-06T05:14:00Z,,"Offenbach. In den kommenden Tagen bleibt das Wetter in Hessen wechselhaft. Am Montag ist es im Norden wechselnd bis stark bewölkt, örtlich kann etwas Regen fallen, wie der Deutsche Wetterdienst mitte… [+307 chars]",,de,'Hitze'
https://www.derstandard.at/story/3000000330176/fruehere-sommerferien-hitzefrei-und-mehr-autonomie-fuer-schulen-wiederkehr-in-der-zib-2,https://www.derstandard.at/story/3000000330176/fruehere-sommerferien-hitzefrei-und-mehr-autonomie-fuer-schulen-wiederkehr-in-der-zib-2,0,www.derstandard.at,"Frühere Sommerferien, hitzefrei und mehr Autonomie für Schulen: Wiederkehr in der ""ZiB 2""","Der Bildungsminister über Dienstrecht, Ganztagsschule, Schließtage im Kindergarten und warum kürzere Ferien für ihn keine Option sind",https://i.ds.at/6IQNuw/rs:fill:1200:600/plain/lido-images/2026/07/06/b81bda5a-eed0-467f-8f05-5a8dcde00e91.jpg,2026-07-06T05:37:31Z,,"Bildungsminister Christoph Wiederkehr war Sonntagabend zu Gast bei Margit Laufer in der ""ZiB 2"".
Screenshot: ORF On
Große Hitze in den Klassenzimmern im Juni, Diskussion um Ganztagsschulen, Persona… [+1151 chars]",,de,'Sommerferien'
https://www.dw.com/de/wohnen-bei-hitze-so-m%C3%BCssen-wir-h%C3%A4user-umbauen/a-77812472,https://www.dw.com/de/wohnen-bei-hitze-so-m%C3%BCssen-wir-h%C3%A4user-umbauen/a-77812472,0,www.dw.com,Wohnen bei Hitze: So müssen wir Häuser (um)bauen,"Viele Wohnungen in Deutschland sind nicht für lange Hitzeperioden gebaut. Doch die werden häufiger und intensiver. Zeit, umzudenken und umzubauen. Möglichkeiten gibt es einige – die Klimaanlage ist nicht die beste. Als ""eine Hitzewelle für die Geschichtsbüche…",https://static.dw.com/image/77812901_6.jpg,2026-07-06T06:41:00Z,,"Als ""eine Hitzewelle für die Geschichtsbücher""
 beschreibt der Deutsche Wetterdienst (DWD) das Wetter in der zweiten Junihälfte in Deutschland und Europa. An insgesamt 46 Messstationen in elf deutsc… [+5608 chars]",,de,'Hitze'
https://www.faz.net/aktuell/sport/tour-de-france/tour-de-france-2026-hitze-und-waldbraende-gefaehrden-radrennen-accg-201000273.html,https://www.faz.net/aktuell/sport/tour-de-france/tour-de-france-2026-hitze-und-waldbraende-gefaehrden-radrennen-accg-201000273.html,0,www.faz.net,Waldbrände und Strapazen: Wie die Tour de France mit der Hitze kämpft,Die Hitzewelle im Süden stellt das größte Radrennen der Welt vor einige Probleme. Waldbrände gefährden die Streckenführung. Den Fahrern steht eine Tortur bevor. Drohen nun sogar Etappenabsagen?,https://media0.faz.net/image/w1200h627/47a77ae7044c/w4312h2253x0y454o/202607/43601.0.2301885278/die-hitze-macht-den-fahrer-zu.webp,2026-07-06T07:59:08Z,,"Überall herrscht Chaos. Menschen laufen wild durcheinander auf dem Stadtberg von Barcelona, wo gerade die zweite Etappe der Tour de France zu Ende gegangen ist. Teamfahrzeuge versuchen sich durchzusc… [+144 chars]",,de,'Hitze'
https://gentleman-blog.de/kautschukarmband-luxusuhr/,https://gentleman-blog.de/kautschukarmband-luxusuhr/,0,gentleman-blog.de,Kautschukarmband für die Luxusuhr: Das unterschätzte Stil-Upgrade,"Warum immer mehr Uhrenliebhaber ihre Rolex oder Omega auf Kautschuk umrüsten – und woran man ein wirklich gutes Band erkennt. Tipps und Infos vom Gentleman-Blog. Es gibt Tage, an denen selbst die schönste Uhr zur Last wird. Bei dreißig Grad im Schatten klebt …",https://gentleman-blog.de/wp-content/uploads/Depositphotos_314720754_S-1.jpg,2026-07-06T08:45:55Z,,"Warum immer mehr Uhrenliebhaber ihre Rolex oder Omega auf Kautschuk umrüsten und woran man ein wirklich gutes Band erkennt. Tipps und Infos vom Gentleman-Blog.
Es gibt Tage, an denen selbst die schö… [+4683 chars]",,de,'Schatten'
https://taz.de/Elterliche-Aufsichtspflicht/!6187848/,https://taz.de/Elterliche-Aufsichtspflicht/!6187848/,0,taz.de,Elterliche Aufsichtspflicht: Einmal gratis Babysitten im Freibad,"Es gibt zu wenig Schwimmkurse, klar. Deshalb das Überleben der Kids den Bademeistern zu überlassen, ist auch nicht richtig.",https://taz.de/picture/8589848/1200/41472396.jpeg,2026-07-06T09:58:00Z,,"Es gibt zu wenig Schwimmkurse, klar. Deshalb das Überleben der Kids den Bademeistern zu überlassen, ist auch nicht richtig. mehr...",,de,'Freibad'
https://www.tagesspiegel.de/berlin/bezirke/marzahn-hellersdorf/marzahn-hellersdorf-bekommt-endlich-ein-sommerbad-es-gibt-liegewiese-bademeister-pommes--alles-was-ein-freibad-braucht-15806077.html,https://www.tagesspiegel.de/berlin/bezirke/marzahn-hellersdorf/marzahn-hellersdorf-bekommt-endlich-ein-sommerbad-es-gibt-liegewiese-bademeister-pommes--alles-was-ein-freibad-braucht-15806077.html,0,www.tagesspiegel.de,"Marzahn-Hellersdorf bekommt ein Sommerbad: „Es gibt Liegewiese, Bademeister, Pommes – alles, was ein Freibad braucht“","Die Finanzierung ist gesichert, bald beginnen die konkreten Planungen für das Kombibad an den Gärten der Welt. Bis zur Eröffnung dauert es aber noch etwas.",https://www.tagesspiegel.de/images/15806810/alternates/BASE_16_9_W1400/1783339388000/schwimmende-kinder.jpeg,2026-07-06T10:20:04Z,,"Seit vielen Jahren wünschen sich Marzahn-Hellersdorfer einen Ort, an dem sie im Sommer ganz legal im Freien baden dürfen. Dieser Wunsch geht wohl endlich in Erfüllung: Die Senatsverwaltung für Innere… [+164 chars]",,de,'Freibad'
https://www.nzz.ch/zuerich/news-aus-zuerich-hitzewelle-weiteres-freibad-und-laengere-oeffnungszeiten-ld.10012099,https://www.nzz.ch/zuerich/news-aus-zuerich-hitzewelle-weiteres-freibad-und-laengere-oeffnungszeiten-ld.10012099,0,www.nzz.ch,KURZMELDUNGEN - News aus Zürich: Nach der Hitzewelle ist vor der Hitzewelle – Stadtparlament will ein weiteres Freibad und Öffnungszeiten von frühmorgens bis nachts,Die neusten Meldungen aus dem Kanton.,"https://img-msp-prod.nzz.ch/2026/07/06/6ba66933-b4e9-43bd-9a8b-aa60fcd0517c.jpg?width=1200&height=674&fit=bounds&quality=75&auto=webp&crop=7099,3993,x0,y579&wmark=nzz",2026-07-06T14:01:18Z,,"Die neusten Meldungen aus dem Kanton.
NZZ-Redaktion Zürich06.07.2026, 16.06 UhrAktualisiert
Zusammenfassung
Zürcher Stadtparlament will ein weiteres Freibad und Öffnungszeiten von frühmorgens bis … [+41942 chars]",,de,'Hitze'
https://www.zeit.de/news/2026-07/07/graues-wetter-in-berlin-und-brandenburg-gewitter-moeglich,https://www.zeit.de/news/2026-07/07/graues-wetter-in-berlin-und-brandenburg-gewitter-moeglich,0,www.zeit.de,Regenwetter: Graues Wetter in Berlin und Brandenburg - Gewitter möglich,Hier finden Sie Informationen zu dem Thema „Regenwetter“. Lesen Sie jetzt „Graues Wetter in Berlin und Brandenburg - Gewitter möglich“.,https://img.zeit.de/news/2026-07/07/graues-wetter-in-berlin-und-brandenburg-gewitter-moeglich-image-group/wide__1300x731,2026-07-07T04:19:00Z,,Das Wetter in Berlin und Brandenburg bleibt ungemütlich. Der Deutsche Wetterdienst (DWD) rechnet im Tagesverlauf mit einer starken bis bedeckten Bewölkung und gebietsweise Regen. Auch Schauer sind de… [+1073 chars],,de,'Gewitter'
https://www.focus.de/kultur/stars/nach-bikini-foto-von-leni-klum-heidi-klum-warnt-ihre-tochter_5176264b-b209-4176-8682-a1c551fae572.html,https://www.focus.de/kultur/stars/nach-bikini-foto-von-leni-klum-heidi-klum-warnt-ihre-tochter_5176264b-b209-4176-8682-a1c551fae572.html,0,www.focus.de,Nach Bikini-Foto von Leni Klum: Heidi Klum warnt ihre Tochter,Leni Klum präsentiert sich im Bikini mit sichtbar starkem Sonnenbrand. Auch ihrer Mutter Heidi bleibt das nicht verborgen: Die GNTM-Chefin macht ihrer Tochter auf Instagram nun öffentlich eine Ansage.,"https://quadro.burda-forward.de/ctf/cb200c4d-b2df-4d5f-a128-afcd47f44cfa.95c23665-731c-4105-811d-504b465ac527.png?im=RegionOfInterestCrop=(1200,630),regionOfInterest=(423,173)&hash=bf8b4b6e31c3eacaee08e4efbc215db8a579a8709554c6194d5f6f5127a81f74",2026-07-07T04:35:00Z,,Zum US-Unabhängigkeitstag am 4. Juli teilt die 22-jährige Leni Klum auf Instagram ein Foto mit ihrer besten Freundin Kayla Dardashti. Beide posieren mit farblich passenden Bandanas auf dem Kopf Blau … [+1732 chars],,de,'Sonne'
https://www.zeit.de/zeit-magazin/wochenmarkt/2026-07/tomaten-wassermelonensalat-ziegenkase-rezept-wochenmarkt,https://www.zeit.de/zeit-magazin/wochenmarkt/2026-07/tomaten-wassermelonensalat-ziegenkase-rezept-wochenmarkt,0,www.zeit.de,Tomaten-Wassermelonen-Salat: Hitzefrei!,"Wenn die Temperaturen unerträglich werden, will man Herd und Ofen gar nicht erst anschalten. Gut, dass es diesen Tomaten-Wassermelonen-Salat gibt!",https://img.zeit.de/zeit-magazin/wochenmarkt/2026-07/tomaten-wassermelonensalat-ziegenkase-rezept-wochenmarkt-bild/wide__1300x731,2026-07-07T09:22:08Z,,"Der Hochsommer ist da, und meine Wohnung hat sich schon
jetzt in ein schmorendes Gewächshaus
verwandelt. In solchen Momenten den Herd oder gar den Ofen anzuschalten, grenzt
für mich an kulinarisch… [+1109 chars]",,de,'Hitze'
https://www.faz.net/aktuell/sport/wimbledon/wimbledon-2026-jan-lennard-struff-nun-gegen-jannik-sinner-accg-201001624.html,https://www.faz.net/aktuell/sport/wimbledon/wimbledon-2026-jan-lennard-struff-nun-gegen-jannik-sinner-accg-201001624.html,0,www.faz.net,In Wimbledon gegen Sinner: Jan-Lennard Struff schlägt schneller als sein Schatten,"Jan-Lennard Struff gilt auf der Tennis-Tour als knuffiger Typ. Doch wehe, wenn er den Platz betritt! Mit seinem Tempo beeindruckt der Deutsche in Wimbledon wie nie zuvor – nun auch gegen Jannik Sinner?",https://media0.faz.net/image/w1200h627/6f30b813ae3b/w4668h2439x0y250o/202607/43601.0.2297453574/jan-lennard-struff-hat-im-47.webp,2026-07-07T09:58:23Z,,"Jan-Lennard Struff, sonst ein gefasster Typ, zeigte zweimal ein breites Lächeln. Zunächst in der Abenddämmerung auf Court No. 2 von Wimbledon, nachdem der Sechsunddreißigjährige zum ersten Mal in sei… [+5298 chars]",,de,'Schatten'
https://www.faz.net/aktuell/wissen/medizin-ernaehrung/ist-eiscreme-gesund-was-hinter-den-raetselhaften-studien-ergebnissen-steckt-accg-200963461.html,https://www.faz.net/aktuell/wissen/medizin-ernaehrung/ist-eiscreme-gesund-was-hinter-den-raetselhaften-studien-ergebnissen-steckt-accg-200963461.html,0,www.faz.net,Ernährungsstudien: Das Eiscreme-Paradox,Eiscreme steckt voller Fett und Zucker. Trotzdem zeigen Studien: Sie kann vor Diabetes und Herzinfarkten schützen. Was steckt hinter diesen rätselhaften Ergebnissen?,https://media0.faz.net/image/w1200h627/e2b482c8878f/w6000h3135x0y120o/202607/43601.0.2288179183/eis-ist-mehr-als.webp,2026-07-07T10:48:54Z,,"An der Spitze der Ernährungspyramide steht ein Lebensmittel, das gerade Hochkonjunktur hat: Speiseeis. Süß, kühl, fruchtig, erfrischend zu einem perfekten Sommertag gehören ein, zwei Kugeln dazu. Doc… [+456 chars]",,de,'Eiscreme'
https://www.faz.net/aktuell/wissen/medizin-ernaehrung/was-veganes-eis-cremig-macht-accg-200986851.html,https://www.faz.net/aktuell/wissen/medizin-ernaehrung/was-veganes-eis-cremig-macht-accg-200986851.html,0,www.faz.net,Veganes Eis: „Zu hundert Prozent Genuss“,"Veganes Vanilleeis, das so cremig und sahnig ist wie Eiscreme mit Milch, war das Ziel der Lebensmittelforscher. Stephanie Mittermeier erklärt, wie das gelungen ist.",https://media0.faz.net/image/w1200h627/58cecfbf0d19/w5825h3043x0y223o/202607/43601.0.2288196507/neue-eissorten-in-einer.webp,2026-07-07T10:49:18Z,,"Veganes Vanilleeis, das so cremig und sahnig ist wie Eiscreme mit Milch, war das Ziel der Lebensmittelforscher. Stephanie Mittermeier erklärt, wie das gelungen ist.",,de,'Eiscreme'
https://www.zeit.de/news/2026-07/07/viele-hitzetote-in-krankenhaus-staatsanwaltschaft-ermittelt,https://www.zeit.de/news/2026-07/07/viele-hitzetote-in-krankenhaus-staatsanwaltschaft-ermittelt,0,www.zeit.de,Hitzewelle: Viele Hitzetote in Krankenhaus? Staatsanwaltschaft ermittelt,Hier finden Sie Informationen zu dem Thema „Hitzewelle“. Lesen Sie jetzt „Viele Hitzetote in Krankenhaus? Staatsanwaltschaft ermittelt“.,https://img.zeit.de/news/2026-07/07/viele-hitzetote-in-krankenhaus-staatsanwaltschaft-ermittelt-image-group/wide__1300x731,2026-07-07T11:18:13Z,,Im St. Remigius Krankenhaus in Leverkusen hat es um das Hitze-Wochenende Ende Juni von Freitag (26.6.) bis Montag (29.6. zwölf Todesfälle gegeben. Das bestätigte das Krankenhaus. Die Staatsanwaltscha… [+3363 chars],,de,'Hitze'
https://www.zeit.de/news/2026-07/07/rathauschef-bei-hitze-auf-andere-achten,https://www.zeit.de/news/2026-07/07/rathauschef-bei-hitze-auf-andere-achten,0,www.zeit.de,Hitze: Rathauschef: Bei Hitze auf andere achten,Hier finden Sie Informationen zu dem Thema „Hitze“. Lesen Sie jetzt „Rathauschef: Bei Hitze auf andere achten“.,https://img.zeit.de/news/2026-07/07/rathauschef-bei-hitze-auf-andere-achten-image-group/wide__1300x731,2026-07-07T11:44:37Z,,"Mit Blick auf mögliche neue Hitzewellen hat die Stadt Wiesbaden zum Miteinander aufgerufen. «Hitzeperioden werden uns künftig häufiger begegnen», teilte Oberbürgermeister Gert-Uwe Mende (SPD) mit. «D… [+1306 chars]",,de,'Hitze'
https://www.faz.net/aktuell/sport/tour-de-france/tour-de-france-2026-degenkolb-im-tagebuch-ueber-strapazen-sturz-und-hitze-201005756.html,https://www.faz.net/aktuell/sport/tour-de-france/tour-de-france-2026-degenkolb-im-tagebuch-ueber-strapazen-sturz-und-hitze-201005756.html,0,www.faz.net,Degenkolbs Tour-Tagebuch (2): „Die Bedingungen sind schon  Wahnsinn“,"Radprofi John Degenkolb geht in seine elfte Tour de France. Die F.A.Z. begleitet ihn wieder mit einem Tagebuch. Nach dem Auftakt berichtet der Routinier über seinen Sturz, den Kampf mit der Hitze und Slushys im Rennen.",https://media0.faz.net/image/w1200h627/0568062c88c3/w4508h2355x794y312o/202607/43601.0.2308782239/wenn-man-einen-cooling-point.webp,2026-07-07T11:46:03Z,,Die Tour de France hat für mich leider schon vor dem Auftakt mit einem Schockmoment begonnen. Ich bin am Tag vor dem Mannschaftszeitfahren im Training auf einer schmalen Bergstraße weggerutscht und v… [+4119 chars],,de,'Hitze'
https://www.sueddeutsche.de/panorama/freibad-schwalmstadt-anonymer-spender-kinder-und-jugendliche-freier-eintritt-li.3511449,https://www.sueddeutsche.de/panorama/freibad-schwalmstadt-anonymer-spender-kinder-und-jugendliche-freier-eintritt-li.3511449,0,www.sueddeutsche.de,"Sommer und Freibad: „Da standen wir dann, splitternackt“",Ein anonymer Spender überweist dem Freibad in Schwalmstadt den Eintritt für alle unter 16-Jährigen – für einen ganzen Sommer. Die SZ hat ihn ausfindig gemacht und gefragt: Was haben Sie in Ihrer Jugend beim Baden erlebt?,https://www.sueddeutsche.de/2026/07/07/3f5d126b-9366-45e3-89da-6f41ee796599.jpg?q=60&fm=webp&width=1200&rect=0%2C219%2C4000%2C2250,2026-07-07T11:54:05Z,,"SZ: Hallo, schön, dass wir Sie erreichen. Woher kommt Ihre Großzügigkeit?
Anonymer Spender: Unser Freibad wird wenig genutzt. Als ich morgens bei 25 Grad schwimmen war, ist mir aufgefallen, dass ich… [+4558 chars]",,de,'Freibad'
https://www.telepolis.de/article/Schwarz-Roter-Reformplan-Mehr-Macht-fuer-Staat-und-Eigentum-11356297.html,https://www.telepolis.de/article/Schwarz-Roter-Reformplan-Mehr-Macht-fuer-Staat-und-Eigentum-11356297.html,0,www.telepolis.de,Schwarz-Roter Reformplan: Mehr Macht für Staat und Eigentum,Politik der Rückschritte: Wie die Koalition im Schatten von Rente und Krankmeldungsdebatte die Axt an Arbeits- und Bürgerrechte legt. Eine Analyse.,https://heise.cloudimg.io/bound/1200x1200/q85.png-lossy-85.webp-lossy-85.foil1/_www-heise-de_/imgs/18/5/1/1/2/5/7/1/Sozialschere_ho-1b20e33cfb7aa92f.jpg,2026-07-07T12:00:00Z,,"Die Schwarz-Rote Koalition will das Informationsfreiheitsgesetz beschneiden
Politik der Rückschritte: Wie die Koalition im Schatten von Rente und Krankmeldungsdebatte die Axt an Arbeits- und Bürgerr… [+7133 chars]",,de,'Schatten'
https://www.sueddeutsche.de/muenchen/michaelibad-muenchen-sexuelle-belaestigung-festnahme-li.3512013,https://www.sueddeutsche.de/muenchen/michaelibad-muenchen-sexuelle-belaestigung-festnahme-li.3512013,0,www.sueddeutsche.de,Freibad in München: Sexuelle Belästigung im Michaelibad: 28-Jähriger festgenommen,Der Tatverdächtige soll eine Frau und zwei Mädchen begrapscht haben. Ein Schwimmbad-Mitarbeiter rief die Polizei.,https://www.sueddeutsche.de/2026/07/07/a9f71e1e-5d03-4652-929c-867005dde43c.jpg?q=60&fm=webp&width=1200&rect=0%2C451%2C4000%2C2250,2026-07-07T12:22:54Z,,Nach ersten Ermittlungen der Polizei hatte der in Fürstenfeldbruck wohnende Mann zunächst im Außenbecken eine 47-Jährige ans Gesäß gefasst. Kurz danach soll er auf unsittliche Art und Weise erst eine… [+466 chars],,de,'Freibad'
https://www.n-tv.de/wissen/Forscher-erwarten-Rekord-El-Nino-id31058622.html,https://www.n-tv.de/wissen/Forscher-erwarten-Rekord-El-Nino-id31058622.html,0,www.n-tv.de,Folgen des Klimawandels?: Forscher erwarten Rekord-El-Niño,"""El Niño"" ist zurück - und offenbar heftiger denn je. Forscher erwarten einen neuen Rekord, dessen Auswirkungen sich wahrscheinlich erst nächstes Jahr zeigen werden. Aber ist das Wetterphänomen auch der Grund für die derzeitigen extremen Hitzeperioden in Deut…",https://www.n-tv.de/img/31058441/1783440289/Img_16_9/1200/Madrid-Residents-Cool-Off-at-Madrid-Rio-Park-During-Heatwave-MADRID-SPAIN-JULY-3-2026-People-spend-time-at-the-urban-beach-area-of-Madrid-Rio-Park-during-a-heatwave-affecting-much-of-Europe-as-high-temperatures-continue-across-Spain-in-Madrid-Spain-on-July-3-2026-Madrid-MADRID-Spain-Copyright-x-xC.jpg,2026-07-07T15:28:27Z,,"Folgen des Klimawandels?Forscher erwarten Rekord-El-Niño 
Anscheinend ist dieser Hitze-Sommer nur der Anfang - Kinder kühlen sich in den Fontänen eines Springbrunnens in Madrid, Spanien ab. (Foto: I… [+3777 chars]",,de,'Klimawandel'
https://www.morgenpost.de/panorama/article412507424/unwuerdige-touristen-attraktion-kutschpferd-kollabiert-bei-hitze-in-rom.html,https://www.morgenpost.de/panorama/article412507424/unwuerdige-touristen-attraktion-kutschpferd-kollabiert-bei-hitze-in-rom.html,0,www.morgenpost.de,„Unwürdige“ Touristen-Attraktion? Kutschpferd kollabiert bei Hitze in Rom,Ein Video eines völlig erschöpften Pferdes in Italiens Hauptstadt hat eine Welle der Empörung ausgelöst. Was Kritiker und Kutscher fordern.,https://img.sparknews.funkemedien.de/412509028/412509028_1783438475_v16_9_1600.jpeg,2026-07-07T15:34:36Z,,"Was für Venedig die Gondeln sind, sind für Rom die Pferdekutschen, die Besucher zu Sehenswürdigkeiten wie dem Kolosseum oder der Piazza Navona bringen. Doch die Botticelle, wie die Pferdekutschen in … [+4459 chars]",,de,'Schatten'
https://www.zeit.de/news/2026-07/08/extrem-hitze-bei-der-tour-gesund-ist-anders,https://www.zeit.de/news/2026-07/08/extrem-hitze-bei-der-tour-gesund-ist-anders,0,www.zeit.de,Radsport: Extrem-Hitze bei der Tour: «Gesund ist anders»,Hier finden Sie Informationen zu dem Thema „Radsport“. Lesen Sie jetzt „Extrem-Hitze bei der Tour: «Gesund ist anders»“.,https://img.zeit.de/news/2026-07/08/extrem-hitze-bei-der-tour-gesund-ist-anders-image-group/wide__1300x731,2026-07-08T03:02:04Z,,Die heftige Hitzewelle im Süden von Frankreich bringt auch die Radprofis bei der 113. Tour de France an ihre Grenzen - und eine Debatte über die Folgen für den Körper und mögliche Veränderungen ist i… [+2468 chars],,de,'Hitze'
https://www.nzz.ch/feuilleton/musik/kinder-gehen-immer-der-festival-sommer-beginnt-in-aix-mit-maerchen-fuer-erwachsene-ld.10014384,https://www.nzz.ch/feuilleton/musik/kinder-gehen-immer-der-festival-sommer-beginnt-in-aix-mit-maerchen-fuer-erwachsene-ld.10014384,0,www.nzz.ch,Kinder gehen immer: Der Festival-Sommer beginnt in Aix mit Märchen für Erwachsene,Das führende französische Musikfestival in Aix-en-Provence startet mit Neuproduktionen von Mozarts «Zauberflöte» und der «Frau ohne Schatten» von Richard Strauss. Den stärksten Eindruck hinterlässt ein Debütant am Pult.,"https://img-msp-prod.nzz.ch/2026/07/07/8474af2a-83e5-4688-aaa4-c07dfdc8826c.jpg?width=1200&height=675&fit=bounds&quality=75&auto=webp&crop=8256,4644,x0,y852&wmark=nzz",2026-07-08T03:30:00Z,,Das führende französische Musikfestival in Aix-en-Provence startet mit Neuproduktionen von Mozarts «Zauberflöte» und der «Frau ohne Schatten» von Richard Strauss. Den stärksten Eindruck hinterlässt e… [+9808 chars],,de,'Schatten'
https://www.zeit.de/news/2026-07/08/kaltfront-vor-der-hitze,https://www.zeit.de/news/2026-07/08/kaltfront-vor-der-hitze,0,www.zeit.de,Wettervorhersage: Kaltfront vor der Hitze,Hier finden Sie Informationen zu dem Thema „Wettervorhersage“. Lesen Sie jetzt „Kaltfront vor der Hitze“.,https://img.zeit.de/news/2026-07/08/kaltfront-vor-der-hitze-image-group/wide__1300x731,2026-07-08T03:44:02Z,,"Eine schwache Kaltfront bringt vorübergehend kühlere Temperaturen und viele Wolken nach Bayern. Im Süden Oberbayerns könnte es laut Vorhersage des Deutschen Wetterdiensts auch häufiger Schauer geben,… [+652 chars]",,de,'Hitze'
https://taz.de/Wie-Berliner-Kinder-mit-Buergergeld-leben/!6182777/,https://taz.de/Wie-Berliner-Kinder-mit-Buergergeld-leben/!6182777/,0,taz.de,Wie Berliner Kinder mit Bürgergeld leben: Freibad ist diesen Monat nicht drin,"Der Berlin Pass ist eine feine Sache. Er ermöglicht viele Vergünstigungen für alle, die Bürgergeld beziehen – wenn er ankommt. Ein Erfahrungsbericht.",https://taz.de/picture/8465974/1200/41614525.jpeg,2026-07-08T04:00:00Z,,"Der Berlin Pass ist eine feine Sache. Er ermöglicht viele Vergünstigungen für alle, die Bürgergeld beziehen – wenn er ankommt. Ein Erfahrungsbericht. mehr...",,de,'Freibad'
https://www.welt.de/kmpkt/article6985b48d6f96ea6870014ab7/mittagsschlaf-diesen-wichtigen-vorteil-bringt-er-dir.html,https://www.welt.de/kmpkt/article6985b48d6f96ea6870014ab7/mittagsschlaf-diesen-wichtigen-vorteil-bringt-er-dir.html,0,www.welt.de,Darum solltest du unbedingt einen Mittagsschlaf machen,"Wer kennt es nicht, das allseits gefürchtete Mittagstief? Dagegen gibt es eine einfache Lösung: den Mittagsschlaf. Doch nur wenige gönnen ihn sich regelmäßig. Dabei hat die Siesta deutlich mehr Vorteile als bislang angenommen.",https://images.welt.de/6985b48d6f96ea6870014ab7/37408f23a18dcf3c7650c5f77effd653-master/ci16x9-w1200/gettyimages-2156388302-jpg,2026-07-08T05:10:40Z,,"Wer kennt es nicht, das allseits gefürchtete Mittagstief? Dagegen gibt es eine einfache Lösung: den Mittagsschlaf. Doch nur wenige gönnen ihn sich regelmäßig. Dabei hat die Siesta deutlich mehr Vorte… [+3592 chars]",,de,'Siesta'
https://www.tagesspiegel.de/gesellschaft/panorama/spendenaktion-anonymer-gonner-spendiert-kindern-freies-freibad-15815843.html,https://www.tagesspiegel.de/gesellschaft/panorama/spendenaktion-anonymer-gonner-spendiert-kindern-freies-freibad-15815843.html,0,www.tagesspiegel.de,Spendenaktion: Anonymer Gönner spendiert Kindern freies Freibad,5.000 Euro für freien Badespaß: Ein Schwimm-Fan will Kindern unvergessliche Ferien schenken - und teilt seine Freude am Schwimmen mit ihnen.,https://www.tagesspiegel.de/images/15815842/alternates/BASE_16_9_W1400/1783492994000/abkuhlung-im-freibad.jpeg,2026-07-08T06:43:14Z,,"Sommermärchen in der hessischen Provinz: Weil er selbst gern schwimmt, spendiert ein anonymer Gönner allen Kindern und Jugendlichen in Schwalmstadt in diesen Sommerferien den Eintritt ins örtliche Fr… [+2886 chars]",,de,'Freibad'
https://www.tagesspiegel.de/gesellschaft/panorama/das-letzte-hemd-hat-keine-taschen-mann-spendiert-kindern-freien-eintritt-ins-freibad-15816034.html,https://www.tagesspiegel.de/gesellschaft/panorama/das-letzte-hemd-hat-keine-taschen-mann-spendiert-kindern-freien-eintritt-ins-freibad-15816034.html,0,www.tagesspiegel.de,„Das letzte Hemd hat keine Taschen“: Mann spendiert Kindern freien Eintritt ins Freibad,Ein Schwimm-Fan will Kindern unvergessliche Ferien schenken. Dafür gibt er mehrere Tausend Euro für Eintrittsgelder aus.,https://www.tagesspiegel.de/images/15816041/alternates/BASE_16_9_W1400/1783496947000/abkuhlung-im-freibad-in-brandenburg.jpeg,2026-07-08T08:01:38Z,,"Sommermärchen in der hessischen Provinz: Weil er selbst gern schwimmt, spendiert ein anonymer Gönner allen Kindern und Jugendlichen in Schwalmstadt in diesen Sommerferien den Eintritt ins örtliche Fr… [+3055 chars]",,de,'Freibad'
https://oe3.orf.at/stories/3054128/,https://oe3.orf.at/stories/3054128/,0,oe3.orf.at,Anonymer Spender zahlt fürs Freibad,"<ul><li>In einer deutschen Stadt übernimmt ein Mann für Kinder und Jugendliche den Eintritt</li><li>Der begeisterte Schwimmer möchte, dass auch Kids aus sozial benachteiligten Familien was vom Sommer haben</li><li>Er möchte anonym bleiben - wichtiger ist ihm,…",https://tubestatic.orf.at/static/images/site/tube/20260728/vorlage_rolf_40.6044987.png,2026-07-08T08:31:00Z,,"<ul><li>In einer deutschen Stadt übernimmt ein Mann für Kinder und Jugendliche den Eintritt</li><li>Der begeisterte Schwimmer möchte, dass auch Kids aus sozial benachteiligten Familien was vom Sommer… [+1339 chars]",,de,'Freibad'
https://www.n-tv.de/panorama/Anonymer-Goenner-spendiert-Kindern-Freibadeintritt-in-Sommerferien-id31060947.html,https://www.n-tv.de/panorama/Anonymer-Goenner-spendiert-Kindern-Freibadeintritt-in-Sommerferien-id31060947.html,0,www.n-tv.de,Freude in Schwalmstadt: Anonymer Gönner spendiert Kindern Freibadeintritt in Sommerferien,"Seit gut einer Woche sind Sommerferien in Hessen. In Schwalmstadt dürfte die Freude darüber besonders groß sein. Denn dort spendiert ein anonymer Gönner Kids zwischen 4 und 16 den Eintritt ins Freibad. Das sei allemal besser, als auf das Smartphone zu schauen.",https://www.n-tv.de/img/31060958/1783501205/Img_16_9/1200/Deutschland-Symbolbild-Archivbild-Eine-Person-springt-von-einem-Sprungbrett-in-einem-Freibad-in-Richtung-Schwimmbecken-Das-Motiv-kann-fuer-Berichterstattung-zu-Hitze-Sommerwetter-Freibadsaison-Turmspringen-Freizeit-und-Abkuehlung-verwendet-werden-Editorial-use-only.jpg,2026-07-08T09:17:04Z,,"Freude in SchwalmstadtAnonymer Gönner spendiert Kindern Freibadeintritt in Sommerferien
Schwimmen und Spielen statt Daddeln, findet der Spender einen guten Ansatz. (Foto: picture alliance / Eibner-P… [+3219 chars]",,de,'Freibad'
https://www.focus.de/panorama/badegast-zu-auslaender-debatte-die-deutschen-sind-genauso_bfb63310-9eaf-4136-9786-61d160119f9d.html,https://www.focus.de/panorama/badegast-zu-auslaender-debatte-die-deutschen-sind-genauso_bfb63310-9eaf-4136-9786-61d160119f9d.html,0,www.focus.de,Freibadgast zu Ausländerdebatte: „Die Deutschen sind genauso”,"Seit Jahren häufen sich Belästigungen, Pöbeleien und Schlägereien in deutschen Freibädern. Ein ZDF-Team hat sich an Brennpunkten umgehört.","https://quadro.burda-forward.de/ctf/a2f57dc7-fccd-4cd5-afae-094eedcad19c.7f4f6b94-0d4a-44ed-a45a-d2c370801a2e.jpeg?im=RegionOfInterestCrop=(1200,630),regionOfInterest=(822,201)&hash=5295cbe64e8c27f66f68eeff3560aa68d7b52f9439d712b69cdfbdcd3beb2de7",2026-07-08T12:50:00Z,,"Schwimmen mit Wachpersonal. Ist das die neue Normalität? Je heißer es wird, desto erhitzter werden die Gemüter, sagt jedenfalls Jessie. Sie ist Mitglied eines privaten Security-Dienstes in Berlin und… [+3704 chars]",,de,'Freibad'
https://www.faz.net/aktuell/rhein-main/region-und-hessen/schwalmstadt-anonymer-goenner-spendiert-kindern-den-freibad-eintritt-201010114.html,https://www.faz.net/aktuell/rhein-main/region-und-hessen/schwalmstadt-anonymer-goenner-spendiert-kindern-den-freibad-eintritt-201010114.html,0,www.faz.net,Schwalmstadt: Warum ein Gönner Kindern den Eintritt ins Freibad spendiert,Ein anonymer Spender will Kindern unvergessliche Ferien schenken und übernimmt im hessischen Schwalmstadt ihren Freibadeintritt. Über die Resonanz ist er verwundert.,https://media0.faz.net/image/w1200h627/9985dbc28d97/w4500h2351x0y559o/202604/43601.0.1993830927/bahn-frei-in-frankfurt-kommen.webp,2026-07-08T13:48:21Z,,"Als Freischwimmer wird im Volksmund gerne das bronzene Schwimmabzeichen bezeichnet, das nach dem Seepferdchen so etwas wie die Reifeprüfung des schwimmenden Kindes ist, der Nachweis, dass ein Kind al… [+3606 chars]",,de,'Freibad'
https://www.faz.net/podcasts/rhein-main-feierabendbriefing/frankfurt-rueckt-laut-neuer-studie-auf-platz-fuenf-der-globalen-finanzplaetze-201011397.html,https://www.faz.net/podcasts/rhein-main-feierabendbriefing/frankfurt-rueckt-laut-neuer-studie-auf-platz-fuenf-der-globalen-finanzplaetze-201011397.html,0,www.faz.net,Rhein-Main-Feierabendbriefing: Frankfurt rückt auf Platz fünf der globalen Finanzplätze,"Neue Studie des Center for Financial Studies, eine Halle weniger für die Buchmesse, ein Gönner spendiert Kindern den Freibadeintritt und Programm für mehr öffentliche Toiletten in Frankfurt. Der F.A.Z.-Podcast Rhein-Main Feierabend-Briefing informiert über di…",https://media0.faz.net/image/w1200h627/b2c444a4533e/w5636h2944x0y442o/202605/43601.0.2157615801/4360102157615801.webp,2026-07-08T15:12:24Z,,1. Frankfurt unter den Top fünf der globalen Finanzplätze: Frankfurt hat sich im Open Financial Ecosystem Index (OFEX) auf den fünften Platz der weltweit wichtigsten Finanzplätze vorgearbeitet. Die S… [+2138 chars],,de,'Freibad'
https://www.zeit.de/news/2026-07/09/die-hitze-kommt-zurueck,https://www.zeit.de/news/2026-07/09/die-hitze-kommt-zurueck,0,www.zeit.de,Wettervorhersage: Die Hitze kommt zurück,Hier finden Sie Informationen zu dem Thema „Wettervorhersage“. Lesen Sie jetzt „Die Hitze kommt zurück“.,https://img.zeit.de/news/2026-07/09/die-hitze-kommt-zurueck-image-group/wide__1300x731,2026-07-09T03:44:46Z,,"Vergleichsweise kühle Tage brachten eine Verschnaufpause - jetzt wird es wieder warm in Bayern. Von diesem Donnerstag an sollen die Temperaturen im Freistaat schon wieder deutlich steigen, mit Werten… [+487 chars]",,de,'Hitze'
https://www.morgenpost.de/bezirke/marzahn-hellersdorf/article412520108/klimaanlagen-im-klassenzimmer-wir-sind-nicht-auf-die-klimakrise-vorbereitet.html,https://www.morgenpost.de/bezirke/marzahn-hellersdorf/article412520108/klimaanlagen-im-klassenzimmer-wir-sind-nicht-auf-die-klimakrise-vorbereitet.html,0,www.morgenpost.de,Klimaanlagen im Klassenzimmer? „Wir sind nicht auf die Klimakrise vorbereitet“,Berlin ächzte zuletzt unter Hitze – wie gut sind Schulen auf extreme Temperaturen vorbereitet? Ein Verantwortlicher gibt Einblicke.,https://img.sparknews.funkemedien.de/412523659/412523659_1783523401_v16_9_1600.jpeg,2026-07-09T04:00:00Z,,"Temperaturen über 40 Grad. Kurz vor den Sommerferien verzeichnete Berlin im Juni einen neuen Hitzerekord. Zwar an einem Wochenende, und doch stellt sich die Frage, wie Schulen auf so hohe Temperature… [+2530 chars]",,de,'Hitze'
https://www.zeit.de/news/2026-07/09/sonne-und-hitze-praegen-das-wetter,https://www.zeit.de/news/2026-07/09/sonne-und-hitze-praegen-das-wetter,0,www.zeit.de,Wettervorhersage: Sonne und Hitze prägen das Wetter,Hier finden Sie Informationen zu dem Thema „Wettervorhersage“. Lesen Sie jetzt „Sonne und Hitze prägen das Wetter“.,https://img.zeit.de/news/2026-07/09/sonne-und-hitze-praegen-das-wetter-image-group/wide__1300x731,2026-07-09T04:06:14Z,,"In Hessen wird es in den kommenden Tagen sonnig, trocken und zunehmend heiß. Nach Angaben des Deutschen Wetterdienstes (DWD) bleibt es am Donnerstag regenfrei. Im Norden wird es demnach zeitweise wol… [+509 chars]",,de,'Hitze'
https://www.morgenpost.de/berlin/article412526053/zum-start-der-sommerferien-mit-dem-super-ferien-pass-kostenlos-ins-freibad.html,https://www.morgenpost.de/berlin/article412526053/zum-start-der-sommerferien-mit-dem-super-ferien-pass-kostenlos-ins-freibad.html,0,www.morgenpost.de,Zum Start der Sommerferien: Mit dem Super-Ferien-Pass kostenlos ins Freibad,Mehr als eine halbe Million Kinder und Jugendliche in Berlin und Brandenburg freuen sich auf die Sommerferien – mit besonderen Ferienpässen.,https://img.sparknews.funkemedien.de/412526052/412526052_1783577588_v16_9_1600.jpeg,2026-07-09T06:13:07Z,,Weit mehr als eine halbe Million Schülerinnen und Schüler in Berlin und Brandenburg haben heute ihren ersten Tag der Sommerferien. Sechseinhalb Wochen lang müssen rund 400.000 Berliner und rund 300.0… [+859 chars],,de,'Freibad'
https://www.zeit.de/wissenschaft/2026-07/hitzetote-hitzewelle-gefahr-europa-extremwetter,https://www.zeit.de/wissenschaft/2026-07/hitzetote-hitzewelle-gefahr-europa-extremwetter,0,www.zeit.de,Hitzetote: Hitze – die unterschätzte Gefahr,Nun zeigt sich das Ausmaß der Hitzewelle: 5.200 Menschen starben in den vergangenen Wochen. Wie Ärzte und Feuerwehr die Zeit erlebten – und was künftig schützen kann.,https://img.zeit.de/wissenschaft/2026-07/hitzetote-hitzewelle-gefahr-europa-extremwetter-bild/wide__1300x731,2026-07-09T07:16:46Z,,"Solche Szenen hat selbst Alexander Lechleuthner noch nicht erlebt, dabei ist er Ärztlicher Leiter des Rettungsdienstes der Stadt Köln. Bei einem Mann hätten sie in der vergangenen Woche eine Körperte… [+437 chars]",,de,'Hitze'
https://www.brigitte.de/beauty/haare/sonnenschutz-haare--infos--tipps-und-ein-testsieger-14085572.html,https://www.brigitte.de/beauty/haare/sonnenschutz-haare--infos--tipps-und-ein-testsieger-14085572.html,0,www.brigitte.de,Sonnenschutz Haare: Ich hab's getestet: Dieses 2-Euro-Spray schützt dein Haar,"Auch Haare brauchen im Sommer Schutz vor UV-Strahlen. Eine Expertin erklärt Sonnenschutz für Haare und ich empfehle dir ein kostengünstiges, gutes Produkt.",https://image.brigitte.de/14085776/t/Bu/v1/w1440/r1.7778/-/sonnenschutz-haare.jpg,2026-07-09T08:01:00Z,,"Vielleicht hast du es selbst schon einmal erlebt: Nach ein paar Urlaubswochen in der Sonne siehst du zwar erholt und frisch aus, doch deine Haare sind leider spröde und ausgetrocknet. Das kann passie… [+12868 chars]",,de,'Freibad'
https://www.faz.net/aktuell/sport/tour-de-france/wie-die-radprofis-die-hitze-bei-der-tour-de-france-ueberstehen-201013039.html,https://www.faz.net/aktuell/sport/tour-de-france/wie-die-radprofis-die-hitze-bei-der-tour-de-france-ueberstehen-201013039.html,0,www.faz.net,Hitze bei Tour de France: Zeit für eine Meuterei!,Auch bei hohen Temperaturen müssen die Fahrer bei der Tour de France einen kühlen Kopf bewahren. Schon vor mehr als 70 Jahren lieferte ein Radprofi die zündende Idee.,https://media0.faz.net/image/w1200h627/6171e63b0e9c/w7198h3760x0y556o/202607/43601.0.2314763629/abkuehlung-ist-wichtig-in.webp,2026-07-09T11:51:11Z,,"Können Sie sich das vorstellen? Bei fast 40 Grad Celsius sitzen die Hasardeure bei der Tour de France im Sattel. Nicht nur für ein paar Pedalumdrehungen zum See oder ins Freibad. Stundenlang!
Zugege… [+2089 chars]",,de,'Hitze'
https://www.freitag.de/autoren/nick-reimer/hitze-bringt-todeswelle-wie-zu-hochzeiten-von-corona,https://www.freitag.de/autoren/nick-reimer/hitze-bringt-todeswelle-wie-zu-hochzeiten-von-corona,0,www.freitag.de,Hitze bringt Todeswelle wie zu Hochzeiten von Corona,"Das Robert Koch-Institut veröffentlicht Bericht zur tödlichsten Hitzewelle, die Deutschland bislang erlebt hat. EU-Klimadienst Copernicus misst neuen Temperaturrekord – mehr als drei Grad über dem Juni-Durchschnitt der Jahre 1991 bis 2020 Unter Experten hatte…",https://www.freitag.de/autoren/nick-reimer/hitze-bringt-todeswelle-wie-zu-hochzeiten-von-corona/@@images/image/great,2026-07-09T14:26:00Z,,Unter Experten hatte sich das angedeutet: In der letzten Juli-Woche sind sehr viele Menschen in Deutschland an Hitze gestorben. So berichtete der zuständige Gruppenleiter im Gesundheitsministerium No… [+6713 chars],,de,'Erderwärmung'
https://www.tagesspiegel.de/gesellschaft/panorama/hitze-hammer-oder-scheisssommer-was-ist-dran-an-den-meldungen--und-gibt-es-in-deutschland-eine-neue-hitzewelle-15823103.html,https://www.tagesspiegel.de/gesellschaft/panorama/hitze-hammer-oder-scheisssommer-was-ist-dran-an-den-meldungen--und-gibt-es-in-deutschland-eine-neue-hitzewelle-15823103.html,0,www.tagesspiegel.de,„Hitze-Hammer“ oder „Scheißsommer“?: Was ist dran an den Meldungen – und gibt es in Deutschland eine neue Hitzewelle?,"Nach der Hitzewelle Ende Juni fragen sich viele Menschen in Deutschland, ob bald die nächste Extremwetterlage droht. Wie schätzen Meteorologen die Lage ein? Und wie wird der Sommer?",https://www.tagesspiegel.de/images/15397358/alternates/BASE_16_9_W1400/1783603957000/trockenheit-in-deutschland.jpeg,2026-07-09T15:04:51Z,,"Aktuell zeigt sich Deutschland in puncto Wetter eher zweigeteilt: Meteorologen des Deutschen Wetterdienstes (DWD) berichten, dass im Norden und Osten nur mäßig warme Luftmassen ins Land strömen. Im S… [+8956 chars]",,de,'Hitze'
https://www.zeit.de/news/2026-07/10/machen-hitze-und-trockenheit-dem-weizenland-hessen-probleme,https://www.zeit.de/news/2026-07/10/machen-hitze-und-trockenheit-dem-weizenland-hessen-probleme,0,www.zeit.de,Ernte: Machen Hitze und Trockenheit dem Weizenland Hessen Probleme?,Hier finden Sie Informationen zu dem Thema „Ernte“. Lesen Sie jetzt „Machen Hitze und Trockenheit dem Weizenland Hessen Probleme?“.,https://img.zeit.de/news/2026-07/10/machen-hitze-und-trockenheit-dem-weizenland-hessen-probleme-image-group/wide__1300x731,2026-07-10T03:00:29Z,,"Während die Ernte der Wintergerste in Hessen bereits in vollem Gange ist, startet in den nächsten Wochen auch die Ernte des Winterweizens. Das ist nach Angaben des Hessischen Bauernverbandes die mit … [+5162 chars]",,de,'Hitze'
https://www.nzz.ch/sport/als-die-schweiz-letztmals-in-einem-wm-viertelfinal-spielte-herrschten-in-lausanne-40-grad-im-schatten-es-wurde-das-torreichste-spiel-der-wm-geschichte-ld.10014767,https://www.nzz.ch/sport/als-die-schweiz-letztmals-in-einem-wm-viertelfinal-spielte-herrschten-in-lausanne-40-grad-im-schatten-es-wurde-das-torreichste-spiel-der-wm-geschichte-ld.10014767,0,www.nzz.ch,"Als die Schweiz letztmals in einem WM-Viertelfinal spielte, herrschten in Lausanne 40 Grad im Schatten. Es wurde das torreichste Spiel der WM-Geschichte",Im Sommer 1954 richtet die Schweiz erstmals eine Fussball-Weltmeisterschaft aus. Die ersten Live-TV-Übertragungen einer WM und ein ungewöhnlicher Modus machen das Turnier bis heute einzigartig.,"https://img-msp-prod.nzz.ch/2026/07/09/85119946-8d40-477e-be2a-52b539a82186.jpg?width=1200&height=675&fit=bounds&quality=75&auto=webp&crop=5568,3132,x0,y278&wmark=nzz",2026-07-10T03:30:00Z,,"Im Sommer 1954 richtet die Schweiz erstmals eine Fussball-Weltmeisterschaft aus. Die ersten Live-TV-Übertragungen einer WM und ein ungewöhnlicher Modus machen das Turnier bis heute einzigartig.
Zusa… [+6641 chars]",,de,'Schatten'
https://www.zeit.de/news/2026-07/10/wieder-hitze-im-anmarsch-wo-es-im-land-besonders-heiss-wird,https://www.zeit.de/news/2026-07/10/wieder-hitze-im-anmarsch-wo-es-im-land-besonders-heiss-wird,0,www.zeit.de,Wetter: Wieder Hitze im Anmarsch - Wo es im Land besonders heiß wird,Hier finden Sie Informationen zu dem Thema „Wetter“. Lesen Sie jetzt „Wieder Hitze im Anmarsch - Wo es im Land besonders heiß wird“.,https://img.zeit.de/news/2026-07/10/wieder-hitze-im-anmarsch-wo-es-im-land-besonders-heiss-wird-image-group/wide__1300x731,2026-07-10T03:41:54Z,,"Sonnencreme, Hut und eine Wasserflasche sollten am Wochenende in Baden-Württemberg idealerweise immer dabei sein: Das Wetter zeigt sich laut Prognose des Deutschen Wetterdienstes (DWD) wieder hochsom… [+1229 chars]",,de,'Sonnencreme'
https://www.zeit.de/news/2026-07/10/erneut-hohe-temperaturen-und-keine-gewitter-am-wochenende,https://www.zeit.de/news/2026-07/10/erneut-hohe-temperaturen-und-keine-gewitter-am-wochenende,0,www.zeit.de,Wetter: Erneut hohe Temperaturen und keine Gewitter am Wochenende,Hier finden Sie Informationen zu dem Thema „Wetter“. Lesen Sie jetzt „Erneut hohe Temperaturen und keine Gewitter am Wochenende“.,https://img.zeit.de/news/2026-07/10/erneut-hohe-temperaturen-und-keine-gewitter-am-wochenende-image-group/wide__1300x731,2026-07-10T04:36:53Z,,"Am Freitag und am Wochenende steigen die Temperaturen in Hessen wieder. Samstag und Sonntag wird es deutlich über 30 Grad werden, wie der Deutsche Wetterdienst (DWD) berichtet. Regen und Gewitter gib… [+642 chars]",,de,'Gewitter'
https://www.faz.net/aktuell/politik/inland/gruenen-politikerin-katharina-droege-zu-hitzewelle-krass-wie-wenig-die-regierung-gerade-macht-accg-201013406.html,https://www.faz.net/aktuell/politik/inland/gruenen-politikerin-katharina-droege-zu-hitzewelle-krass-wie-wenig-die-regierung-gerade-macht-accg-201013406.html,0,www.faz.net,"Grünen-Politikerin Dröge: „Ich finde es krass, wie wenig die Regierung gerade macht“","Warum ist Deutschland schlecht auf Hitzewellen vorbereitet? Mit den Schuldenmilliarden müsste das nicht mehr so sein, sagt Grünen-Fraktionschefin Katharina Dröge. Die Bundesregierung kürze trotzdem.",https://media0.faz.net/image/w1200h627/b6c8c174983f/w4823h2520x452y300o/202607/43601.0.2313217808/gruenen-fraktionschefin-droege.webp,2026-07-10T05:04:31Z,,"Frau Abgeordnete, fast 42 Grad im Juni hat Sie die Hitze überrascht?
Ich glaube, das hat viele überrascht. Mir sagen Leute, die in Dachgeschosswohnungen leben, sie hätten noch nie so gelitten. In me… [+6673 chars]",,de,'Hitze'
https://www.morgenpost.de/berlin/article412537590/warum-eine-erneute-hitzewelle-fuer-viele-voegel-das-sichere-todesurteil-ist.html,https://www.morgenpost.de/berlin/article412537590/warum-eine-erneute-hitzewelle-fuer-viele-voegel-das-sichere-todesurteil-ist.html,0,www.morgenpost.de,Warum eine erneute Hitzewelle für viele Vögel das sichere Todesurteil ist,"Viele Jungvögel sehen bei Temperaturen um die 40 Grad nur einen Ausweg, um der Hitze in ihren Nestern zu entkommen: Sie springen – ohne fliegen zu können.",https://img.sparknews.funkemedien.de/412537841/412537841_1783675958_v16_9_1600.jpeg,2026-07-10T09:32:38Z,,Bis zu 30 Anrufe pro Stunde und 1400 Bürgeranfragen an einem Wochenende beim Nabu: Die Hitzewelle hat nicht nur Menschen in Berlin alles abverlangt. Vor allem Wildvögel setzten die extremen Temperatu… [+1666 chars],,de,'Hitze'
https://www.zeit.de/news/2026-07/10/online-angebot-zeigt-kuehle-orte-in-hessen,https://www.zeit.de/news/2026-07/10/online-angebot-zeigt-kuehle-orte-in-hessen,0,www.zeit.de,Hitzewelle: Online-Angebot zeigt kühle Orte in Hessen,Hier finden Sie Informationen zu dem Thema „Hitzewelle“. Lesen Sie jetzt „Online-Angebot zeigt kühle Orte in Hessen“.,https://img.zeit.de/news/2026-07/10/online-angebot-zeigt-kuehle-orte-in-hessen-image-group/wide__1300x731,2026-07-10T09:47:35Z,,"Ein Online-Angebot des Hessischen Landesamtes für Naturschutz (HLNUG) zeigt kühle Orte in den Kommunen. Im «Hitzeviewer Hessen» kann man sehen, welche Flächen sich besonders aufheizen und welche deut… [+838 chars]",,de,'Hitze'
https://www.golem.de/sonstiges/zustimmung/auswahl.html?from=https://www.golem.de/news/technik-und-hitze-uns-ist-die-primaere-klimaanlage-im-rechenzentrum-ausgefallen-2607-210696.html&referer=https://t.co/81a6c44ac5,https://www.golem.de/sonstiges/zustimmung/auswahl.html?from=https://www.golem.de/news/technik-und-hitze-uns-ist-die-primaere-klimaanlage-im-rechenzentrum-ausgefallen-2607-210696.html&referer=https://t.co/81a6c44ac5,0,www.golem.de,"Technik und Hitze: ""Uns ist die primäre Klimaanlage im Rechenzentrum ausgefallen""","Von Servern im Not-Aus bis zur 3D-gedruckten Handyform mit Kühlakkufach: Wir haben eure Geschichten und Tipps zur Hitzewelle gesammelt. (Computer, Smartphone)",,2026-07-10T10:00:02Z,,"Besuchen Sie Golem.de wie gewohnt mit Werbung und Tracking,
 indem Sie der Nutzung aller Cookies zustimmen.
 Details zum Tracking finden Sie im Privacy Center.
Skript wurde nicht geladen. Informat… [+607 chars]",,de,'Hitze'
https://www.sueddeutsche.de/sport/wm-2026-fussball-wm-tuchel-england-hitze-li.3512936,https://www.sueddeutsche.de/sport/wm-2026-fussball-wm-tuchel-england-hitze-li.3512936,0,www.sueddeutsche.de,"Tuchel, England und die WM-Hitze: Miami Schweiß","Die meisten Flugkilometer, Höhenluft in Mexiko-Stadt, tropische Hitze und ein Kälteeinbruch: Englands Nationaltrainer Thomas Tuchel hat sein Team mit einer präzisen Strategie auf die Extrembedingungen des Turniers vorbereitet.",https://www.sueddeutsche.de/2026/07/10/9fdc1542-2a44-4b58-99d1-c7e1c4aa5377.jpg?q=60&fm=webp&width=1200&rect=0%2C378%2C4000%2C2250,2026-07-10T10:29:16Z,,"In einem Videoclip mit seinem Teamkollegen Jude Bellingham verriet Declan Rice währe­nd der Fußball-Weltmeister­schaft 2022, welche Gegenstände für ihn auf Turnierreisen mit der englischen Nationalma… [+432 chars]",,de,'Hitze'
https://www.zeit.de/wissenschaft/umwelt/2026-07/hitzewelle-suedeuropa-suedwesten-dwd-hitzeglocke,https://www.zeit.de/wissenschaft/umwelt/2026-07/hitzewelle-suedeuropa-suedwesten-dwd-hitzeglocke,0,www.zeit.de,Hitzewelle in Deutschland: DWD erwartet erneute Hitzetage in Teilen Deutschlands,Eine Hitzeglocke über Westeuropa bringt Deutschland am Wochenende erneut Temperaturen von bis zu 35 Grad. Der Deutsche Wetterdienst warnt vor Trockenheit im Südwesten.,https://img.zeit.de/wissenschaft/umwelt/2026-07/hitzewelle-suedeuropa-suedwesten-dwd-hitzeglocke-foto-1/wide__1300x731,2026-07-10T10:34:01Z,,"Deutschland stehen erneut Hitzetage bevor. Nach Angaben des Deutschen Wetterdienstes (DWD) werden im Südwesten des Landes erneut Temperaturen von bis zu 35 Grad erwartet, mit Höchstwerten wie Ende Ju… [+1234 chars]",,de,'Hitze'
https://de.catholicnewsagency.com/news/25059/umwelt-bischof-lohmann-fordert-die-notwendigen-anpassungen-an-den-klimawandel,https://de.catholicnewsagency.com/news/25059/umwelt-bischof-lohmann-fordert-die-notwendigen-anpassungen-an-den-klimawandel,0,de.catholicnewsagency.com,Umwelt-Bischof Lohmann fordert „die notwendigen Anpassungen an den Klimawandel“,"Der Münsteraner Weihbischof Rolf Lohmann hat angesichts der zuletzt sehr hohen Temperaturen in weiten Teilen von Europa gefordert: „Wir müssen dringend die notwendigen Anpassungen an den Klimawandel vornehmen!“
„Besonders Kinder, Schwangere und ältere Mensche…",https://de.catholicnewsagency.com/image/bm46122_1763936851.jpg?w=1150&jpg,2026-07-10T11:00:00Z,,"Redaktion -
 Freitag, 10. Juli 2026, 13:00 Uhr.
Der Münsteraner Weihbischof Rolf Lohmann hat angesichts der zuletzt sehr hohen Temperaturen in weiten Teilen von Europa gefordert: Wir müssen dringen… [+1494 chars]",,de,'Klimawandel'
https://www.welt.de/vermischtes/article6a50c1b7bb0cf80de56a4801/wetter-in-deutschland-dritte-hitzewelle-kommt-wo-es-am-wochenende-besonders-heiss-wird.html,https://www.welt.de/vermischtes/article6a50c1b7bb0cf80de56a4801/wetter-in-deutschland-dritte-hitzewelle-kommt-wo-es-am-wochenende-besonders-heiss-wird.html,0,www.welt.de,Dritte Hitzewelle kommt nach Deutschland – wo es am Wochenende besonders heiß wird,Bereits zum dritten Mal dieses Jahr kommen Temperaturen um die 35 Grad auf Deutschland zu. Grund ist eine Hitzeglocke über Westeuropa. In einigen Regionen drohen außerdem niedrige Wasserstände und eine erhöhte Waldbrandgefahr.,https://images.welt.de/6a50c1b7bb0cf80de56a4801/a464bd31f2f7cc9bbe3ba5ae43496184-master/ci16x9-w1200/dpa-com-260709-935-1468017-jpg,2026-07-10T11:00:21Z,,Bereits zum dritten Mal dieses Jahr kommen Temperaturen um die 35 Grad auf Deutschland zu. Grund ist eine Hitzeglocke über Westeuropa. In einigen Regionen drohen außerdem niedrige Wasserstände und ei… [+2058 chars],,de,'Hitze'
https://www.n-tv.de/ratgeber/Oben-ohne-in-der-Oeffentlichkeit-Ist-das-erlaubt-id31070408.html,https://www.n-tv.de/ratgeber/Oben-ohne-in-der-Oeffentlichkeit-Ist-das-erlaubt-id31070408.html,0,www.n-tv.de,Sommerliche Hitze: Oben ohne in der Öffentlichkeit: Ist das erlaubt?,"Wer ohne T-Shirt durch die Stadt läuft, kann damit eine Ordnungswidrigkeit begehen. Allerdings hängt die Bewertung immer von der jeweiligen Situation und der Umgebung ab. Was wann gilt.",https://www.n-tv.de/img/31070016/1783664526/Img_16_9/1200/Potenzielle-Belaestigung-Was-fuer-die-einen-Ausdruck-von-Freiheit-ist-kann-von-anderen-als-stoerend-oder-unangemessen-empfunden-werden.jpg,2026-07-10T11:49:49Z,,"Sommerliche HitzeOben ohne in der Öffentlichkeit: Ist das erlaubt?
Potenzielle Belästigung: Was für die einen Ausdruck von Freiheit ist, kann von anderen als störend oder unangemessen empfunden werd… [+2683 chars]",,de,'Hitze'
https://www.faz.net/aktuell/rhein-main/wirtschaft/klimawandel-hitze-und-zikaden-bedrohen-ernte-in-hessen-accg-201017598.html,https://www.faz.net/aktuell/rhein-main/wirtschaft/klimawandel-hitze-und-zikaden-bedrohen-ernte-in-hessen-accg-201017598.html,0,www.faz.net,Ernte in Hessen: Klimawandel lässt Erträge schrumpfen,"Nicht nur Hitze und fehlender Regen machen den hessischen Bauern zu schaffen, sondern auch die Folgen des Irankriegs und ein winziges Insekt.",https://media0.faz.net/image/w1200h627/ff632e7a9f52/w4500h2351x0y324o/202607/43601.0.2321363942/fruehschicht-die-getreideernte.webp,2026-07-10T12:24:39Z,,"Dass Bauern mit dem Wetter zufrieden sind, ist eine Seltenheit. Doch inzwischen geht es um mehr als etwas zu viel Regen oder Sonne für die hessischen Landwirte. Die Bauern klagen immer, sagt Verbands… [+4375 chars]",,de,'Hitze'
https://orf.at/stories/3435808/,https://orf.at/stories/3435808/,0,orf.at,Extreme Hitze hat Europa erneut im Griff,Extreme Hitze macht vielen Teilen Europas derzeit wieder zu schaffen. Wegen der Trockenheit und der hohen Temperaturen um 40 Grad wüten in mehreren Ländern Waldbrände. In Südspanien kamen am Freitag zwölf Menschen bei einem einzigen Brand ums Leben. Auch in Ö…,https://ibs.orf.at/news?image=https%3A%2F%2Fassets.orf.at%2Fmims%2F2026%2F28%2F38%2Fcrops%2Fw%3D1200%2Ch%3D630%2Cq%3D75%2F3108261_master_1203938_klima_hitze_waldbraende_europa_ap.jpg%3Fs%3Daacf06606f08186b481f573a7dc633056859c2b6,2026-07-10T12:29:10Z,,Bei dem verheerenden Waldbrand in der südspanischen Provinz Almeria galten laut Andalusiens Regionalregierung noch mehr als 20 Menschen als vermisst. Bei den Toten handelt es sich Behörden zufolge üb… [+5856 chars],,de,'Hitze'
https://www.zeit.de/news/2026-07/10/kostenloses-sportprogramm-in-berliner-freibaedern-startet,https://www.zeit.de/news/2026-07/10/kostenloses-sportprogramm-in-berliner-freibaedern-startet,0,www.zeit.de,Sommerferien in der Stadt: Kostenloses Sportprogramm in Berliner Freibädern startet,Hier finden Sie Informationen zu dem Thema „Sommerferien in der Stadt“. Lesen Sie jetzt „Kostenloses Sportprogramm in Berliner Freibädern startet“.,https://img.zeit.de/news/2026-07/10/kostenloses-sportprogramm-in-berliner-freibaedern-startet-image-group/wide__1300x731,2026-07-10T12:33:42Z,,"In mehreren Berliner Freibädern gibt es in den Sommerferien wieder ein kostenloses Sportangebot besonders für Jugendliche. Auf dem Plan stehen unter anderem Fußball, Volleyball, Tischtennis und Tramp… [+704 chars]",,de,'Sommerferien'
https://www.zeit.de/wissenschaft/umwelt/2026-07/hitzewelle-frankreich-notfallplan-hitze-abkuehlungszentren,https://www.zeit.de/wissenschaft/umwelt/2026-07/hitzewelle-frankreich-notfallplan-hitze-abkuehlungszentren,0,www.zeit.de,Extreme Hitze: Frankreich aktiviert Hitze-Notfallplan,Angesichts einer weiteren Hitzewelle setzt Frankreichs Regierung einen Notfallplan in Kraft. Gefährdete Menschen sollen sich in klimatisierten Zentren abkühlen können.,https://img.zeit.de/wissenschaft/umwelt/2026-07/hitzewelle-frankreich-notfallplan-hitze-abkuehlungszentren-foto-1/wide__1300x731,2026-07-10T12:42:19Z,,Die französische Regierung hat wegen der starken Hitze in Frankreich einen bisher einmaligen Hitze-Notfallplan veranlasst. Der Plan sehe unter anderem die Einrichtung von Abkühlungszentren für gefähr… [+820 chars],,de,'Hitze'
https://www.diepresse.com/35809596/hitzeflucht-aus-europa-eine-beliebte-urlaubsdestination-macht-aus-der,https://www.diepresse.com/35809596/hitzeflucht-aus-europa-eine-beliebte-urlaubsdestination-macht-aus-der,0,www.diepresse.com,Hitzeflucht aus Europa: Eine beliebte Urlaubsdestination macht aus der Klimakrise ein doppeltes Geschäft [premium],"Je häufiger Hitzewellen Europa treffen, desto stärker verschieben sich Reise- und Konsumgewohnheiten. Davon profitiert ein Land gleich doppelt: als Ziel für hitzegeplagte Europäer und als Exporteur von Klimaanlagen.",https://img.diepresse.com/public/incoming/at3fwh-files-thailand-politics-tourism/alternates/WEBP_WIDE_1200/FILES-THAILAND-POLITICS-TOURISM,2026-07-10T13:07:40Z,,"Während Europa unter hohen Temperaturen leidet, werben andere Regionen mit vergleichsweise angenehmem Klima um hitzegeplagte Reisende. Ein beliebtes Urlaubsland setzt dabei auf seine kühlere Regenzei… [+3622 chars]",,de,'Hitze'
https://www.n-tv.de/wissen/Staedte-sind-von-Hitzewellen-besonders-hart-betroffen-id31071225.html,https://www.n-tv.de/wissen/Staedte-sind-von-Hitzewellen-besonders-hart-betroffen-id31071225.html,0,www.n-tv.de,Nachts bis zu zehn Grad mehr: Städte sind von Hitzewellen besonders hart betroffen,"Die Erderwärmung ist in vollem Gange - und das spüren vor allem Stadtbewohner in Form von Tropennächten. Die hohen Temperaturen, die sich über den Tag in Beton, Stein und Asphalt ansammeln, können nachts nicht so leicht wieder abgegeben werden.",https://www.n-tv.de/img/31071000/1783679492/Img_16_9/1200/Urlaub-2026-auf-dem-heimischen-Balkon-bei-Rekordhitze.jpg,2026-07-10T15:36:54Z,,"Mit Sonnenschirmen versuchen manche Stadtbewohner, zumindest ein wenig der Hitze zu trotzen. (Foto: IMAGO/Sven Simon)
Die Erderwärmung ist in vollem Gange - und das spüren vor allem Stadtbewohner in… [+9176 chars]",,de,'Erderwärmung'
https://www.faz.net/aktuell/rhein-main/region-und-hessen/domblickbad-wetzlar-naturbad-bleibt-weiter-geschlossen-201019129.html,https://www.faz.net/aktuell/rhein-main/region-und-hessen/domblickbad-wetzlar-naturbad-bleibt-weiter-geschlossen-201019129.html,0,www.faz.net,Wasserqualität ungenügend: Wetzlarer Domblickbad weiter geschlossen,"Hochsommer, Sonnenschein, und das neue Freibad in Wetzlar ist zu – bis auf Weiteres bleibt es dabei. Auch neue Laborwerte lassen bisher keine Öffnung zu.",https://media0.faz.net/image/w1200h627/dc4bef2f5961/w6000h3135x0y433o/202607/43601.0.2321933890/technischer-defekt-das.webp,2026-07-10T17:00:00Z,,"Keine Freigabe für die Öffnung: Auch nach dem Erheben neuer Laborwerte bleibt das seit Wochen geschlossene neue Domblickbad in Wetzlar geschlossen. Es gebe keinen neuen Sachstand, sagte ein Stadtspre… [+1312 chars]",,de,'Freibad'
https://www.tagesschau.de/inland/waldbrandgefahr-deutschland-104.html,https://www.tagesschau.de/inland/waldbrandgefahr-deutschland-104.html,0,www.tagesschau.de,Waldbrandgefahr steigt am Wochenende teils auf höchste Warnstufe,"Nicht nur in Südeuropa, auch in Deutschland drohen aufgrund der Hitze Waldbrände. Laut Deutschem Wetterdienst wird am Wochenende teilweise die höchste Warnstufe erreicht - unter anderem im Südwesten des Landes.",https://images.tagesschau.de/image/117d62e8-42ed-41a2-9920-183f84c2c185/AAABnwOOhfQ/AAABnSSvrFg/16x9-big/waldbrandgefahr-232.jpg?width=1280,2026-07-10T17:20:03Z,,"Stand: 10.07.2026 19:20 Uhr
Nicht nur in Südeuropa, auch in Deutschland drohen aufgrund der Hitze Waldbrände. Laut Deutschem Wetterdienst wird am Wochenende teilweise die höchste Warnstufe erreicht … [+2240 chars]",,de,'Klimawandel'
https://www.focus.de/kultur/stars/nach-bikini-bild-von-leni-klum-heidi-klum-warnt-ihre-tochter_5176264b-b209-4176-8682-a1c551fae572.html,https://www.focus.de/kultur/stars/nach-bikini-bild-von-leni-klum-heidi-klum-warnt-ihre-tochter_5176264b-b209-4176-8682-a1c551fae572.html,0,www.focus.de,Nach Bikini-Bild von Leni Klum: Heidi Klum warnt ihre Tochter,Leni Klum präsentiert sich im Bikini mit sichtbar starkem Sonnenbrand. Auch ihrer Mutter Heidi bleibt das nicht verborgen: Die GNTM-Chefin macht ihrer Tochter auf Instagram nun öffentlich eine Ansage.,"https://quadro.burda-forward.de/ctf/cb200c4d-b2df-4d5f-a128-afcd47f44cfa.95c23665-731c-4105-811d-504b465ac527.png?im=RegionOfInterestCrop=(1200,630),regionOfInterest=(423,173)&hash=bf8b4b6e31c3eacaee08e4efbc215db8a579a8709554c6194d5f6f5127a81f74",2026-07-10T19:21:00Z,,Zum US-Unabhängigkeitstag am 4. Juli teilt die 22-jährige Leni Klum auf Instagram ein Foto mit ihrer besten Freundin Kayla Dardashti. Beide posieren mit farblich passenden Bandanas auf dem Kopf Blau … [+1732 chars],,de,'Sonnencreme'
https://www.tagesspiegel.de/gesellschaft/panorama/abkuhlung-im-freibad-gerausche-geruche-gansehaut-der-sommer-im-freibad-15829349.html,https://www.tagesspiegel.de/gesellschaft/panorama/abkuhlung-im-freibad-gerausche-geruche-gansehaut-der-sommer-im-freibad-15829349.html,0,www.tagesspiegel.de,"Abkühlung im Freibad: Geräusche, Gerüche, Gänsehaut - der Sommer im Freibad","Kinderkreischen, schrille Pfeiftöne, nasse Fliesen, der Duft von Chlor und Pommes - ein Streifzug mit allen Sinnen durchs Freibad.",https://www.tagesspiegel.de/images/15829348/alternates/BASE_16_9_W1400/1783735398000/der-sommer-im-freibad.jpeg,2026-07-11T02:03:18Z,,"Es gibt Orte, die nach Sommer klingen, riechen und schmecken - das Freibad gehört unbedingt dazu. Zwischen Beckenrand, Liegewiese und Kiosk entsteht eine Kulisse aus Geräuschen, Gerüchen und Gefühlen… [+3971 chars]",,de,'Freibad'
https://www.focus.de/gesundheit/ratgeber/mallorca-falten-dermatologe-warnt-dass-schon-eine-woche-urlaub-in-der-sonne-die-haut-altern-laesst_1ffc1e40-0f04-4a4e-9583-ecfeade15f4f.html,https://www.focus.de/gesundheit/ratgeber/mallorca-falten-dermatologe-warnt-dass-schon-eine-woche-urlaub-in-der-sonne-die-haut-altern-laesst_1ffc1e40-0f04-4a4e-9583-ecfeade15f4f.html,0,www.focus.de,"„Mallorca-Falten”: Dermatologe warnt, dass schon eine Woche Urlaub in der Sonne die Haut altern lässt",Schon sieben Tage Sonne können sichtbare Hautschäden verursachen. Warum Mallorca-Falten entstehen und wie Sie Ihre Haut schützen.,"https://quadro.burda-forward.de/ctf/9e27f1b0-9041-470d-9da7-da284aaeeaea.8d1ef9c0-0268-46ed-bad3-fa1ba579142e.jpg?im=RegionOfInterestCrop=(1200,630),regionOfInterest=(1292,423)&hash=c6668160c394e9dd60d1e0dce67ad8b8304b9786e2d9a7c58c6bc24aa0e96781",2026-07-11T03:55:00Z,,"Der Urlaub ist gebucht, die Sonnencreme liegt im Koffer und die Vorfreude auf Sonne, Strand und Meer steigt. Doch während viele Menschen die ersten Urlaubstage genießen und sich über eine sommerliche… [+6036 chars]",,de,'Sonne'
https://www.diepresse.com/36155625/fensterlaeden-und-markisen-im-sueden-charmant-bei-uns-nicht-erwuenscht,https://www.diepresse.com/36155625/fensterlaeden-und-markisen-im-sueden-charmant-bei-uns-nicht-erwuenscht,0,www.diepresse.com,"Fensterläden und Markisen: Im Süden charmant, bei uns nicht erwünscht [premium]",Wir lechzen nach Hitzeschutz an unseren Fassaden. Aber in Wien gilt das rasch als Störung des Stadtbilds. Dabei hatten auch wir einmal eine Beschattungskultur.,https://img.diepresse.com/public/incoming/anxrtr-markisen-fassade-feature/alternates/WEBP_WIDE_1200/Markisen%20Fassade%20Feature,2026-07-11T06:06:32Z,,"Im Süden macht man zu Mittag dicht. Siesta heißt das Zauberwort, dessen man sich in Wien immer öfter gern bedienen würde. Ganz Hitzefeste können im Urlaub beim Flanieren ab 13 Uhr dort gut den Facett… [+4604 chars]",,de,'Hitze'
https://www.faz.net/aktuell/politik/inland/hitzeschutz-carsten-schneider-und-die-bundesregierung-in-der-kritik-accg-201005092.html,https://www.faz.net/aktuell/politik/inland/hitzeschutz-carsten-schneider-und-die-bundesregierung-in-der-kritik-accg-201005092.html,0,www.faz.net,"Streit über Finanzierung: Stadt, Land, Bund – Hitze",Für den Hitzeschutz sieht sich die Bundesregierung nicht in der Verantwortung. Länder und Kommunen sollen es richten. Die sind wenig begeistert.,https://media0.faz.net/image/w1200h627/fd36518f7ac2/w6144h3210x0y763o/202607/43601.0.2317287720/kinder-und-erwachsene-kuehlen.webp,2026-07-11T06:16:46Z,,"Dass Hitze lebensgefährlich ist, bestreitet in der Bundesregierung niemand. Aber zuständig für den Kampf gegen sie sieht man sich in Berlin trotzdem nicht. Zumindest nicht in der ersten Reihe. Regier… [+9220 chars]",,de,'Hitze'
https://www.zeit.de/news/2026-07/11/neue-hitzerekorde-naechte-werden-wieder-tropisch,https://www.zeit.de/news/2026-07/11/neue-hitzerekorde-naechte-werden-wieder-tropisch,0,www.zeit.de,Sommerhitze: Neue Hitzerekorde? Nächte werden wieder tropisch,Hier finden Sie Informationen zu dem Thema „Sommerhitze“. Lesen Sie jetzt „Neue Hitzerekorde? Nächte werden wieder tropisch“.,https://img.zeit.de/news/2026-07/11/neue-hitzerekorde-naechte-werden-wieder-tropisch-image-group/wide__1300x731,2026-07-11T10:08:53Z,,"Viel Sonne und hochsommerliche Temperaturen: Eine neue Hitzewelle hat Deutschland fest im Griff. Und: «Es wird von Tag zu Tag etwas wärmer», sagt Meteorologin Jacqueline Kernn von der Wettervorhersag… [+2097 chars]",,de,'Hitze'
https://www.zeit.de/sport/2026-07/tour-de-france-hitze-temperaturen-radsport,https://www.zeit.de/sport/2026-07/tour-de-france-hitze-temperaturen-radsport,0,www.zeit.de,Hitze bei der Tour de France: »Du fährst wie durch eine kochende Sauna«,"Kältewesten, Eissocken, gekühlte Matratzen: Die Fahrer bei der Tour de France kämpfen mit allen Mitteln gegen die Hitze. Wie soll das gehen: Profisport bei 40 Grad?",https://img.zeit.de/sport/2026-07/tour-de-france-hitze/wide__1300x731,2026-07-11T11:17:03Z,,"Schließen
Artikelzusammenfassung
Die Hitze setzt den Profis bei der Tour de France zu: Rekordverbrauch von 180 Flaschen auf den ersten 30 Kilometern, gefolgt von einer Hitzewelle mit Temperaturen ü… [+743 chars]",,de,'Hitze'
https://www.zeit.de/sport/2026-07/tour-de-france-hitze-alarmstufe-rot-etappe-verkuerzung-correze,https://www.zeit.de/sport/2026-07/tour-de-france-hitze-alarmstufe-rot-etappe-verkuerzung-correze,0,www.zeit.de,Hitze: Tour de France verkürzt neunte Etappe wegen extremer Hitze,Die Strecke am Sonntag wird um 30 Kilometer reduziert. Zuvor hatten die Behörden in Corrèze wegen der anhaltend hohen Temperaturen die höchste Hitzewarnstufe ausgerufen.,https://img.zeit.de/sport/2026-07/tour-de-france-hitze-alarmstufe-rot-etappe-verkuerzung-correze-foto-1/wide__1300x731,2026-07-11T17:11:17Z,,"Die neunte Etappe der Tour de France ist wegen der extremen Hitze in Frankreich verkürzt worden. Wie der Veranstalter am Samstagabend mitteilte, wurde die Strecke des Teilstücks am Sonntag von 185,5 … [+1129 chars]",,de,'Hitze'
https://www.faz.net/aktuell/rhein-main/region-und-hessen/99-tote-in-hessen-mehr-toedliche-badeunfaelle-im-hitzemonat-juni-accg-201021692.html,https://www.faz.net/aktuell/rhein-main/region-und-hessen/99-tote-in-hessen-mehr-toedliche-badeunfaelle-im-hitzemonat-juni-accg-201021692.html,0,www.faz.net,Hessen: Mehr Badetote im Hitzemonat Juni,"Sommer, Sonne, Hitzewelle – und so viele Ertrunkene wie selten. Warum gerade junge Männer besonders oft im Wasser ums Leben kommen und wie man sich schützen kann.",https://media0.faz.net/image/w1200h627/8112c172e79e/w5430h2837x0y625o/202607/43601.0.2325369960/99-menschen-kamen-in-hessen.webp,2026-07-12T08:13:17Z,,Im vergangenen Monat mit seiner rekordverdächtigen Hitzewelle sind in Hessen sechs Menschen ertrunken im Juni 2025 waren es nur vier. Das geht aus der Bilanz der Deutschen Lebens-Rettungs-Gesellschaf… [+2157 chars],,de,'Sonne'
https://www.zeit.de/news/2026-07/12/waldbrandgefahr-in-thueringen-nimmt-wieder-zu,https://www.zeit.de/news/2026-07/12/waldbrandgefahr-in-thueringen-nimmt-wieder-zu,0,www.zeit.de,Trockenheit und Hitze: Waldbrandgefahr in Thüringen nimmt wieder zu,Hier finden Sie Informationen zu dem Thema „Trockenheit und Hitze“. Lesen Sie jetzt „Waldbrandgefahr in Thüringen nimmt wieder zu“.,https://img.zeit.de/news/2026-07/12/waldbrandgefahr-in-thueringen-nimmt-wieder-zu-image-group/wide__1300x731,2026-07-12T08:48:51Z,,"In Thüringen nimmt die Waldbrandgefahr zu. In Teilen Ost- und Südthüringens gilt die zweithöchste Warnstufe 4 für hohe Gefahr, wie aus einer Übersicht der Landesforstanstalt hervorgeht. Betroffen ist… [+477 chars]",,de,'Hitze'
https://www.morgenpost.de/panorama/article412552238/dlrg-im-juni-so-viele-badetote-wie-seit-23-jahren-nicht-mehr.html,https://www.morgenpost.de/panorama/article412552238/dlrg-im-juni-so-viele-badetote-wie-seit-23-jahren-nicht-mehr.html,0,www.morgenpost.de,DLRG: Im Juni so viele Badetote wie seit 23 Jahren nicht mehr,"Seen, Flüsse und Bäder sorgen bei Hitze für Abkühlung. Lebensretter legen jetzt Zahlen aus dem Juni vor – mit einem traurigen Rekord.",https://img.sparknews.funkemedien.de/412552328/412552328_1783847456_v16_9_1600.jpeg,2026-07-12T09:10:56Z,,"Im vergangenen Monat mit seiner extremen Hitzewelle sind bundesweit so viele Menschen ertrunken wie seit über 20 Jahren in keinem Juni mehr. Mindestens 99 Menschen ertranken in dem Monat, wie die Deu… [+2746 chars]",,de,'Sommerferien'
https://www.zeit.de/news/2026-07/12/tropennaechte-und-hitze-bis-36-grad-abkuehlung-in-sicht,https://www.zeit.de/news/2026-07/12/tropennaechte-und-hitze-bis-36-grad-abkuehlung-in-sicht,0,www.zeit.de,Wetteraussichten: Tropennächte und Hitze bis 36 Grad – Abkühlung in Sicht,Hier finden Sie Informationen zu dem Thema „Wetteraussichten“. Lesen Sie jetzt „Tropennächte und Hitze bis 36 Grad – Abkühlung in Sicht“.,https://img.zeit.de/news/2026-07/12/tropennaechte-und-hitze-bis-36-grad-abkuehlung-in-sicht-image-group/wide__1300x731,2026-07-12T10:06:24Z,,"Die neue Woche bringt wieder Tropennächte, tagsüber verbreitet mehr als 30 Grad - doch auch ein Ende der Hitze ist vorerst in Sicht. Der sonnige Sonntag geht nach Angaben des Deutschen Wetterdienstes… [+1878 chars]",,de,'Hitze'
https://taz.de/Sommerferien-in-Berlin/!6195374/,https://taz.de/Sommerferien-in-Berlin/!6195374/,0,taz.de,Sommerferien in Berlin: Wenn die Stadt leer wird,"In Berlin beginnen endlich die Sommerferien. Das heißt: Ruhe für die Lehrer, Spaß für die Kinder und ein leeres Berlin für den Kolumnisten.",https://taz.de/picture/8605587/1200/specht-sommerferien.jpeg,2026-07-12T10:33:00Z,,"In Berlin beginnen endlich die Sommerferien. Das heißt: Ruhe für die Lehrer, Spaß für die Kinder und ein leeres Berlin für den Kolumnisten. mehr...",,de,'Sommerferien'
https://www.dw.com/de/deutschland-badetote-hitze-dlrg-ute-vogt-florian-stoeck-heidelberg-neckar-nordrhein-westfalen-bayern/a-77923248,https://www.dw.com/de/deutschland-badetote-hitze-dlrg-ute-vogt-florian-stoeck-heidelberg-neckar-nordrhein-westfalen-bayern/a-77923248,0,www.dw.com,DLRG meldet viele Badetote - hauptsächlich Männer und Jungs,"Seen, Flüsse und Bäder sind in der Hitze eine willkommene Abkühlung. Doch der Sprung ins kalte Wasser birgt tödliche Gefahren. Deutschlands Lebensretter verzeichnen einen traurigen Rekord.",https://static.dw.com/image/77923103_6.jpg,2026-07-12T10:47:00Z,,"Von einem Moment auf den anderen muss Alexander Walter in den Einsatz: Vom Wachturm auf Heidelbergs Neckarwiesen im Bundesland Baden-Württemberg ruft ihm ein Kollege zu, dass junge Männer weit raus i… [+4149 chars]",,de,'Hitze'
https://www.faz.net/aktuell/rhein-main/wirtschaft/sonnenschutz-so-kann-man-sich-allein-den-ruecken-eincremen-accg-200959250.html,https://www.faz.net/aktuell/rhein-main/wirtschaft/sonnenschutz-so-kann-man-sich-allein-den-ruecken-eincremen-accg-200959250.html,0,www.faz.net,Sonnenschutz: So kann man sich allein den Rücken eincremen,"Wer alleine in den Urlaub oder an den Badesee fährt, dem fehlt am Strand die helfende Hand, um den Rücken einzucremen. Doch es gibt Lösungen, um den Sonnenbrand zu vermeiden.",https://media0.faz.net/image/w1200h627/2e283426737a/w5046h2636x0y317o/202605/43601.0.2126829342/auch-ohne-hilfe-moeglich-zwar.webp,2026-07-12T11:14:22Z,,"Wer die Yogaübung mit dem merkwürdigen Namen Kuhgesicht beherrscht, kann sich selbst helfen. Denn wem es gelingt, die Hände so hinter dem Rücken ineinanderzugreifen, dass eine Hand von oben und eine … [+2141 chars]",,de,'Sonne'
https://www.bild.de/news/ausland/feueralarm-in-suedeuropa-hier-brennt-gerade-ihr-urlaubsort-ab-6a5330347bd88f2a3a25b7d0,https://www.bild.de/news/ausland/feueralarm-in-suedeuropa-hier-brennt-gerade-ihr-urlaubsort-ab-6a5330347bd88f2a3a25b7d0,0,www.bild.de,Feueralarm in Südeuropa - Hier brennt gerade Ihr Urlaubsort ab,"Die Hitzewelle hat Südeuropa fest im Griff. Die Sahara-Glut entfacht immer mehr Waldbrände: Hier lodern die Flammen, hier wird es gefährlich.","https://images.bild.de/6a5330347bd88f2a3a25b7d0/d0d2ce4ba9ff0d01051ff759fffd6e9c,b191f1e4?w=1280",2026-07-12T11:27:21Z,,"TTS-Player überspringenArtikel weiterlesenMehrere Urlaubsorte in Europa stehen in Flammen! In der besonders betroffenen Region Andalusien starben 12 Menschen, ganze Ortschaften wurden evakuiert, eine… [+3286 chars]",,de,'Sonne'
https://www.telepolis.de/article/Rechte-beim-Ausbildungsstart-Was-Azubis-laut-Gesetz-im-Betrieb-tun-muessen-11358725.html,https://www.telepolis.de/article/Rechte-beim-Ausbildungsstart-Was-Azubis-laut-Gesetz-im-Betrieb-tun-muessen-11358725.html,0,www.telepolis.de,Rechte beim Ausbildungsstart: Was Azubis laut Gesetz im Betrieb tun müssen,Nach den Sommerferien startet das Berufsleben. Doch laut DGB-Daten fehlen Ausbildungsplätze und viele Azubis müssen vertragswidrig Überstunden leisten.,https://heise.cloudimg.io/bound/1200x1200/q85.png-lossy-85.webp-lossy-85.foil1/_www-heise-de_/imgs/18/5/1/1/3/7/9/5/shutterstock_1840633885-cc6e46eccdc7e893.jpg,2026-07-12T12:00:00Z,,"(Bild: ALPA PROD/Shutterstock.com)
Nach den Sommerferien startet das Berufsleben. Doch laut DGB-Daten fehlen Ausbildungsplätze und viele Azubis müssen vertragswidrig Überstunden leisten.
Nach den S… [+7167 chars]",,de,'Sommerferien'
https://www.zeit.de/2026/30/schutz-hitze-drinnen-sommer-hitzewelle-gesundheit,https://www.zeit.de/2026/30/schutz-hitze-drinnen-sommer-hitzewelle-gesundheit,0,www.zeit.de,"Schutz vor Hitze: Drinnen ist besser, selbst im Sommer. Kapiert ihr jetzt auch, oder?","Vielen dämmert langsam, was unser Autor schon immer wusste: Die Deutschen haben die Sonne lang überschätzt. Hört ihn an, liebe Draußen-Junkies. Er weiß, wovon er spricht.",https://img.zeit.de/2026/30/in-ist-wer-drin-ist-bild-1/wide__1300x731,2026-07-12T12:01:53Z,,"Dieser Artikel ist Teil von ZEIT am Wochenende, Ausgabe 28/2026. 
Zu den größten Freuden des Lebens gehört es, recht zu haben. Es bringt nur nichts, wenn niemand davon erfährt. Deshalb gibt es diese… [+456 chars]",,de,'Sonne'
https://www.bild.de/news/wetter/wegen-extremwetters-frueher-geschlossen-attraktionen-in-paris-bekommen-hitzefrei-6a5268fe1aef3ee586481819,https://www.bild.de/news/wetter/wegen-extremwetters-frueher-geschlossen-attraktionen-in-paris-bekommen-hitzefrei-6a5268fe1aef3ee586481819,0,www.bild.de,Wegen Extremwetters früher geschlossen - Attraktionen in Paris bekommen Hitzefrei,Die wichtigsten Sehenswürdigkeiten kürzen wegen der Hitzewelle die Öffnungszeiten.,"https://images.bild.de/6a5268fe1aef3ee586481819/378598b0c2d4bfb206e13c3c2096069b,f2bdab3f?w=1280",2026-07-12T12:02:19Z,,TTS-Player überspringenArtikel weiterlesenParis Touristen müssen sich aktuell auf eingeschränkte Öffnungszeiten vieler Attraktionen in Paris einstellen. Grund ist das Extremwetter. Die französische H… [+2190 chars],,de,'Hitzefrei'
https://www.diepresse.com/36771913/wetter-bleibt-hochsommerlich-und-wird-zunehmend-wechselhaft,https://www.diepresse.com/36771913/wetter-bleibt-hochsommerlich-und-wird-zunehmend-wechselhaft,0,www.diepresse.com,Wetter bleibt hochsommerlich und wird zunehmend wechselhaft,Eine anhaltende Hitzewelle sorgt derzeit für hochsommerliche Temperaturen. Täglich werden Höchstwerte von mehr als 30 Grad erwartet.,https://img.diepresse.com/public/incoming/2pk1mv-apaimg005620574hrjpg/alternates/WEBP_WIDE_1200/APAIMG_005620574.HR.jpg,2026-07-12T13:17:21Z,,"Die Presse auf Google als bevorzugte Nachrichtenquelle hinzufügen.
 Das Wetter bleibt auch in der kommenden Woche anhaltend hochsommerlich. Die Tageshöchsttemperaturen liegen immer über 30 Grad. Gle… [+2556 chars]",,de,'Hitze'
https://ooe.orf.at/stories/3362345/,https://ooe.orf.at/stories/3362345/,0,ooe.orf.at,Erster Abschnitt des Volksgartens eröffnet,"Pünktlich zu Beginn der Sommerferien ist ein erster Teil des neuen Welser Volksgartens eröffnet worden. Auf einem rund 6.000 Quadratmeter großen Areal können Besucherinnen und Besucher ab sofort spielen, entspannen oder an der Traun verweilen.",https://ibs.orf.at/ooe?image=https%3A%2F%2Foekastatic.orf.at%2Fmims%2F2026%2F29%2F45%2Fcrops%2Fw%3D1200%2Ch%3D627%2Cq%3D75%2F3110647_master_1204945_3wels.jpg%3Fs%3D829617686b2d4e21c87231c39eeb477281212a47,2026-07-12T13:58:17Z,,Noch im April 2025 befanden sich auf dem Gelände die ehemaligen Messehallen. Insgesamt wurden rund 40.000 Quadratmeter versiegelte Fläche entsiegelt und die Anlage völlig neu gestaltet. Nun ist der e… [+1760 chars],,de,'Sommerferien'
https://www.faz.net/aktuell/reise/island-feiert-die-bevorstehende-sonnenfinsternis-accg-200968104.html,https://www.faz.net/aktuell/reise/island-feiert-die-bevorstehende-sonnenfinsternis-accg-200968104.html,0,www.faz.net,Sonnenfinsternis auf Island: Das Zwei-Minuten-Spektakel,"Astronomische Zimmerpreise, exklusive Expeditionen zur See und ein Rave von Björk: Ausblick auf die totale Sonnenfinsternis, die auch Island und Grönland am 12. August verdunkeln wird.",https://media0.faz.net/image/w1200h627/4ba7b752359a/w1600h836x0y418o/202606/43601.0.2266149298/oben-trocknet-der-fisch-der.webp,2026-07-12T14:56:40Z,,"Die Isländer wissen seit jeher den Moment zu nutzen. Als der Vulkan Eyjafjallajökull ausbrach, veranstalteten sie anfangs Picknicks an der brodelnden Ausbruchsstelle und gingen so nah wie möglich zu … [+5591 chars]",,de,'Sonne'
https://www.sueddeutsche.de/projekte/artikel/kultur/hitze-klimawandel-klimaanlagen-architektur-folgen-e621116/,https://www.sueddeutsche.de/projekte/artikel/kultur/hitze-klimawandel-klimaanlagen-architektur-folgen-e621116/,0,www.sueddeutsche.de,"Hitze: Wir brauchen Städte, die kühlen",Deutschland wird zum Hotspot und benötigt gegen zunehmende Hitzewellen viel mehr Klimaanlagen. Stimmt das? Nein. Eine Lösung sind klügere Häuser und Hitzemanagement im öffentlichen Raum.,"https://www.sueddeutsche.de/projekte/artikel/kultur/hitze-klimawandel-klimaanlagen-architektur-folgen-e621116/96877994ef805555e8f822e7077a642cbe778b345b74f2edac81dc906905f7c1_w2400_h1256_r373,0,6000,3140_q70.jpg",2026-07-12T15:23:00Z,,"Die Naturfaserdecke „Cool Leinen“, bei Betten Rid im Angebot, ist was für die Zukunft. Über die Zukunft wissen wir nicht viel, außer: Sie wird heiß. Immer öfter und immer heftiger sind Extremwetterei… [+192 chars]",,de,'Hitze'
https://www.sueddeutsche.de/projekte/artikel/kultur/hitze-klima-klimawandel-klimaanlagen-architektur-e621116/,https://www.sueddeutsche.de/projekte/artikel/kultur/hitze-klima-klimawandel-klimaanlagen-architektur-e621116/,0,www.sueddeutsche.de,Architektur gegen Hitze: Lob des Schattens,Deutschland wird zum Hotspot und braucht gegen zunehmende Hitzewellen viel mehr Klimaanlagen. Stimmt das? Nein. Es braucht klügere Häuser und bessere Städte.,"https://www.sueddeutsche.de/projekte/artikel/kultur/hitze-klima-klimawandel-klimaanlagen-architektur-e621116/96877994ef805555e8f822e7077a642cbe778b345b74f2edac81dc906905f7c1_w2400_h1256_r373,0,6000,3140_q70.jpg",2026-07-12T15:23:00Z,,"Die Naturfaserdecke „Cool Leinen“, bei Betten Rid im Angebot, ist was für die Zukunft. Über die Zukunft wissen wir nicht viel, außer: Sie wird heiß. Immer öfter und immer heftiger sind Extremwetterei… [+192 chars]",,de,'Schatten'
https://www.zeit.de/news/2026-07/12/fast-40-grad-van-der-poel-gewinnt-hitze-etappe-bei-tour,https://www.zeit.de/news/2026-07/12/fast-40-grad-van-der-poel-gewinnt-hitze-etappe-bei-tour,0,www.zeit.de,Radsport: Fast 40 Grad: Van der Poel gewinnt Hitze-Etappe bei Tour,Hier finden Sie Informationen zu dem Thema „Radsport“. Lesen Sie jetzt „Fast 40 Grad: Van der Poel gewinnt Hitze-Etappe bei Tour“.,https://img.zeit.de/news/2026-07/12/fast-40-grad-van-der-poel-gewinnt-hitze-etappe-bei-tour-image-group/wide__1300x731,2026-07-12T15:54:32Z,,Auch nach mehr als 150 Kilometern durch die Hitze Frankreichs behielt Mathieu van der Poel die Ruhe und zeigte im Sprint seine ganze Klasse. Im Ziel holte sich der niederländische Ex-Weltmeister nach… [+4648 chars],,de,'Sonne'
https://www.tagesspiegel.de/sport/radsport-fast-40-grad-van-der-poel-gewinnt-hitze-etappe-bei-tour-15832096.html,https://www.tagesspiegel.de/sport/radsport-fast-40-grad-van-der-poel-gewinnt-hitze-etappe-bei-tour-15832096.html,0,www.tagesspiegel.de,Radsport: Fast 40 Grad: Van der Poel gewinnt Hitze-Etappe bei Tour,"Brütende Hitze, verkürzte Strecke und ein packendes Finale: Wie van der Poel trotz fast 40 Grad die Nerven behielt – und was sein Sieg für sein Team bedeutet.",https://www.tagesspiegel.de/images/15832095/alternates/BASE_16_9_W1400/1783871741000/tour-de-france-9-etappe.jpeg,2026-07-12T15:55:41Z,,Auch nach mehr als 150 Kilometern durch die Hitze Frankreichs behielt Mathieu van der Poel die Ruhe und zeigte im Sprint seine ganze Klasse. Im Ziel holte sich der niederländische Ex-Weltmeister nach… [+5262 chars],,de,'Hitze'
https://www.n-tv.de/sport/Radsport/Tour_de_France/Mathieu-van-der-Poel-gewinnt-super-harte-Hitzeschlacht-id31077500.html,https://www.n-tv.de/sport/Radsport/Tour_de_France/Mathieu-van-der-Poel-gewinnt-super-harte-Hitzeschlacht-id31077500.html,0,www.n-tv.de,"""Alarmstufe Rot"" bei Tour: Mathieu van der Poel gewinnt ""super harte"" Hitzeschlacht","Alarmstufe Rot, fast 40 Grad, immer rauf und runter: Auf der verkürzten Etappe durch das Zentralmassiv findet sich eine sehr starke Ausreißergruppe. Im Sprint ist Klassikerspezialist Mathieu van der Poel nicht zu schlagen.",https://www.n-tv.de/img/31077645/1783877501/Img_16_9/1200/Cycling-Tour-de-France-Stage-9-Malemort-to-Ussel-USSEL-France-July-12-2026-Alpecin-Premier-Tech-s-Mathieu-Van-Der-Poel-celebrates-winning-stage-9-REUTERS-Stephanie-Lecocq.jpg,2026-07-12T16:00:00Z,,"Alarmstufe Rot, fast 40 Grad, immer rauf und runter: Auf der verkürzten Etappe durch das Zentralmassiv findet sich eine sehr starke Ausreißergruppe. Im Sprint ist Klassikerspezialist Mathieu van der … [+4819 chars]",,de,'Sonne'
https://www.faz.net/aktuell/sport/tour-de-france/tour-de-france-2026-van-der-poel-siegt-bei-9-etappe-im-sprint-accg-201022891.html,https://www.faz.net/aktuell/sport/tour-de-france/tour-de-france-2026-van-der-poel-siegt-bei-9-etappe-im-sprint-accg-201022891.html,0,www.faz.net,Tour de France: Van der Poel gewinnt Hitze-Etappe im Zentralmassiv,Zweimal verpasste Alpecin-Premiertech im Sprint den Tagessieg. Doch in Ussel fährt Mathieu van der Poel nach der wegen Hitze verkürzten Etappe als Erster über den Zielstrich. Nun steht für die Fahrer der erste Ruhetag an.,https://media0.faz.net/image/w1200h627/9c94b97528dc/w2190h1144x0y74o/202607/43601.0.2328581601/war-am-schnellsten-in-ussel.webp,2026-07-12T16:01:20Z,,"Mathieu van der Poel hat die verkürzte Hitze-Etappe der 113. Tour de France im Zentralmassiv gewonnen. Der Klassikerspezialist setzte sich nach 154,6 hügeligen Kilometern zwischen Malemort und Ussel … [+3723 chars]",,de,'Hitze'
https://www.n-tv.de/panorama/Wuestentage-tropische-Naechte-und-kein-Ende-der-Hitze-in-Sicht-id31077670.html,https://www.n-tv.de/panorama/Wuestentage-tropische-Naechte-und-kein-Ende-der-Hitze-in-Sicht-id31077670.html,0,www.n-tv.de,"Die Wetterwoche im Schnellcheck: Wüstentage, tropische Nächte - und kein Ende der Hitze in Sicht",Der Südwesten Deutschlands ächzt unter der Hitze: Mehr als zehn Wüstentage mit 35 Grad und mehr wurden am Oberrhein bereits gezählt. Abkühlung ist nicht in Sicht - die kommende Woche bringt weiter Temperaturen bis 37 Grad.,https://www.n-tv.de/img/31077695/1783879664/Img_16_9/1200/Hitzwelle-in-Deutschland-Berlin-Deutschland-28-6-2026-Menschen-erfrischen-sich-abends-in-der-Krummen-Lanke-einem-See-in-Berlin-waehrend-tagsueber-Temperaturen-von-39-9-Grad-Celsius-in-Berlin-als-neuer-jemals-gemessener-Hoechstwert-erreicht-wurden-Mit-41-7-Grad-Celsius-in-Neissemuende-Coschen-im-Landkreis-Oder-Spree-in-Brandenburg-wurde-heute-der-hoechste-jemals-gemessene-Wert-in-Deutschland-aufgezeichnet.jpg,2026-07-12T16:53:50Z,,"Bei Temperaturen von über 35 Grad hilft nur ein Sprung ins kühle Nass. (Foto: IMAGO/Christian Ender)
Der Südwesten Deutschlands ächzt unter der Hitze: Mehr als zehn Wüstentage mit 35 Grad und mehr w… [+3563 chars]",,de,'Hitze'
https://vorarlberg.orf.at/stories/3362334/,https://vorarlberg.orf.at/stories/3362334/,0,vorarlberg.orf.at,Touren im Dunkeln: Planung besonders wichtig,"Wer eine Sonnenaufgangs- oder Sonnenuntergangstour unternimmt, sollte ganz besonders auf die richtige Ausrüstung achten. Darauf weist die Initiative Sicheres Vorarlberg hin. In der Nacht auf Sonntag hatte die Wandertour einer 29-Jährigen auf die Mondspitze mi…",https://ibs.orf.at/vbg?image=https%3A%2F%2Foekastatic.orf.at%2Fmims%2F2019%2F26%2F25%2Fcrops%2Fw%3D1200%2Ch%3D627%2Cq%3D75%2F199761_master_53625_kanisfluh_8.jpg%3Fs%3D5ac1d71fd2b3c28cf2419fd6e0061d058582ec2b,2026-07-12T16:59:56Z,,Einmal den Sonnenaufgang auf einem Berggipfel erleben: Dafür ist die Kanisfluh im Bregenzerwald einer der Hotspots geworden. Auch von der Mondspitze ist die Aussicht gewaltig der Gipfel im Walgau war… [+4068 chars],,de,'Sonne'
https://www.welt.de/sport/article6a53c540c7791659c8324b41/tour-de-france-ausreisser-mathieu-van-der-poel-gewinnt-verkuerzte-hitze-etappe-bei-40-grad.html,https://www.welt.de/sport/article6a53c540c7791659c8324b41/tour-de-france-ausreisser-mathieu-van-der-poel-gewinnt-verkuerzte-hitze-etappe-bei-40-grad.html,0,www.welt.de,Ausreißer Mathieu van der Poel gewinnt verkürzte Hitze-Etappe bei 40 Grad,"Neben den sportlichen Konkurrenten, Bergen und Wind, gibt es bei der Tour de France 2026 einen weiteren hartnäckigen Gegner – die Hitze. Die neunte Etappe wurde aufgrund der hohen Temperaturen um rund 30 Kilometer verkürzt. Dennoch wurde die Fahrt zur Tortur.",https://images.welt.de/6a53c540c7791659c8324b41/53353b157de0f818f2e392fbdc441f8f-master/ci16x9-w1200/2026-07-12t162536z-22147853-up1em7c19mncx-rtrmadp-3-cycling-france-jpg,2026-07-12T17:06:18Z,,"Neben den sportlichen Konkurrenten, Bergen und Wind, gibt es bei der Tour de France 2026 einen weiteren hartnäckigen Gegner die Hitze. Die neunte Etappe wurde aufgrund der hohen Temperaturen um rund … [+4687 chars]",,de,'Hitze'
https://www.brigitte.de/horoskop/finanz-horoskop--4-sternzeichen--die-diesen-sommer-noch-ein-geldsegen-erwartet-14002580.html,https://www.brigitte.de/horoskop/finanz-horoskop--4-sternzeichen--die-diesen-sommer-noch-ein-geldsegen-erwartet-14002580.html,0,www.brigitte.de,"Finanz-Horoskop: 4 Sternzeichen, die diesen Sommer noch ein Geldsegen erwartet","Sonne, Leichtigkeit und finanzielle Fülle? Der Sommer 2026 bringt laut Astrologie nicht nur warme Tage und gute Laune, sondern auch außergewöhnlich gute Chancen auf einen Geldsegen – zumindest für vier Tierkreiszeichen.",https://image.brigitte.de/14090740/t/Xr/v1/w1440/r1.7778/-/frau-sommer-geldsegen.jpg,2026-07-12T17:36:00Z,,"Sonne, Leichtigkeit und finanzielle Fülle? Der Sommer 2026 bringt laut Astrologie nicht nur warme Tage und gute Laune, sondern auch außergewöhnlich gute Chancen auf einen Geldsegen zumindest für vier… [+735 chars]",,de,'Sonne'
https://www.zeit.de/news/2026-07/12/nach-hitze-etappe-pogacar-wuerde-rennkalender-aendern,https://www.zeit.de/news/2026-07/12/nach-hitze-etappe-pogacar-wuerde-rennkalender-aendern,0,www.zeit.de,Tour de France: Nach Hitze-Etappe: Pogacar würde Rennkalender ändern,Hier finden Sie Informationen zu dem Thema „Tour de France“. Lesen Sie jetzt „Nach Hitze-Etappe: Pogacar würde Rennkalender ändern“.,https://img.zeit.de/news/2026-07/12/nach-hitze-etappe-pogacar-wuerde-rennkalender-aendern-image-group/wide__1300x731,2026-07-12T19:52:36Z,,"In der Debatte um den Umgang der Tour de France mit der massiven Hitze hat Radsport-Superstar Tadej Pogacar große Veränderungen ins Spiel gebracht. «Wenn ich die Macht hätte, würde ich den gesamten K… [+1127 chars]",,de,'Hitze'
https://www.zeit.de/news/2026-07/13/umfrage-menschen-in-deutschland-leiden-enorm-unter-hitze,https://www.zeit.de/news/2026-07/13/umfrage-menschen-in-deutschland-leiden-enorm-unter-hitze,0,www.zeit.de,Krankheiten: Umfrage: Menschen in Deutschland leiden enorm unter Hitze,Hier finden Sie Informationen zu dem Thema „Krankheiten“. Lesen Sie jetzt „Umfrage: Menschen in Deutschland leiden enorm unter Hitze“.,https://img.zeit.de/news/2026-07/13/umfrage-menschen-in-deutschland-leiden-enorm-unter-hitze-image-group/wide__1300x731,2026-07-13T03:00:20Z,,"Rund jede und jeder Dritte in Deutschland hat persönlich bereits gesundheitliche Probleme durch Hitze gehabt. Das seien mehr Menschen als bei der gleichen Umfrage in den Vorjahren gewesen, erklärte d… [+2912 chars]",,de,'Hitze'
https://www.nzz.ch/international/kreuzgaenge-supermaerkte-innenhoefe-barcelona-kaempft-mit-hunderten-von-klimarefugien-gegen-den-hitzetod-ld.10014862,https://www.nzz.ch/international/kreuzgaenge-supermaerkte-innenhoefe-barcelona-kaempft-mit-hunderten-von-klimarefugien-gegen-den-hitzetod-ld.10014862,0,www.nzz.ch,"Kreuzgänge, Supermärkte, Innenhöfe: Barcelona kämpft mit Hunderten von Klimarefugien gegen den Hitzetod","40 Grad am Tag und 100 tropische Nächte: Die Sommer in Barcelona werden immer gefährlicher. Die Stadt versucht, mit innovativen Massnahmen gegenzusteuern – bezahlt aber für Fehler der Vergangenheit.","https://img-msp-prod.nzz.ch/2026/07/09/5a7a8ad1-ba1b-4292-a345-d832bf2d5ddc.jpg?width=1200&height=674&fit=bounds&quality=75&auto=webp&crop=6317,3553,x508,y1080&wmark=nzz",2026-07-13T03:30:00Z,,"40 Grad am Tag und 100 tropische Nächte: Die Sommer in Barcelona werden immer gefährlicher. Die Stadt versucht, mit innovativen Massnahmen gegenzusteuern bezahlt aber für Fehler der Vergangenheit.
F… [+6189 chars]",,de,'Hitze'
https://www.zeit.de/news/2026-07/13/warme-tage-in-berlin-und-brandenburg-gewitter-moeglich,https://www.zeit.de/news/2026-07/13/warme-tage-in-berlin-und-brandenburg-gewitter-moeglich,0,www.zeit.de,Wetter: Warme Tage in Berlin und Brandenburg - Gewitter möglich,Hier finden Sie Informationen zu dem Thema „Wetter“. Lesen Sie jetzt „Warme Tage in Berlin und Brandenburg - Gewitter möglich“.,https://img.zeit.de/news/2026-07/13/warme-tage-in-berlin-und-brandenburg-gewitter-moeglich-image-group/wide__1300x731,2026-07-13T03:54:33Z,,Zum Start in die neue Woche ist es sehr warm in Berlin und Brandenburg. Weiterhin bis zu 30 Grad werden laut dem Deutschen Wetterdienst (DWD) in den kommenden Tagen erwartet. Doch dazu könnten sich a… [+1266 chars],,de,'Gewitter'
https://www.autobild.de/artikel/enbw-sommeraktion-oeffentliches-laden-ladestrom-zum-hausstrom-tarif-28719289.html,https://www.autobild.de/artikel/enbw-sommeraktion-oeffentliches-laden-ladestrom-zum-hausstrom-tarif-28719289.html,0,www.autobild.de,Elektroautos laden über die Sommerferien günstiger bei EnbW,Der Marktführer für öffentliches Laden senkt zur Urlaubszeit die Preise an sämtlichen Ladestationen. Damit kostet es im niedrigsten EnBW-Tarif nicht mehr als an der heimischen Wallbox.,https://i.auto-bild.de/ir_img/4/0/8/2/3/8/1/Ladestation-von-EnBW-2869-1422x800-fea69b3f51a3f502.jpg?impolicy=og_images,2026-07-13T04:00:00Z,,Die Sommerzeit wird immer mehr zur Rabatt-Schlacht für öffentliches Laden. Nach Allego und Electra hat auch Marktführer EnBW seine Tarife über die Urlaubszeit sichtbar gesenkt jeweils um fünf Cent pr… [+985 chars],,de,'Sommerferien'
https://orf.at/stories/3434941/,https://orf.at/stories/3434941/,0,orf.at,Wie die Zahl der Hitzetoten berechnet wird,"Auch diese Woche stehen wieder Temperaturen über 30 Grad bevor. Die neuerliche, wenn auch schwächere Hitzewelle erreicht zu Beginn der Woche mit stellenweise bis zu 34 Grad ihren Höhepunkt. Temperaturen wie diese können für Körper und Psyche sehr belastend se…",https://ibs.orf.at/news?image=https%3A%2F%2Fassets.orf.at%2Fmims%2F2026%2F28%2F83%2Fcrops%2Fw%3D1200%2Ch%3D630%2Cq%3D75%2F3107185_master_1203483_klima_hitze_tote_erklaerbaer_doh.jpg%3Fs%3D5cdca7cf5a0c871eab1c0f50e7b1c685b2c21308,2026-07-13T04:18:01Z,,"Wie viele Personen im Zusammenhang mit Hitze verstorben sind, wird nicht direkt erfasst. Denn Hitze oder Sonnenstich sind keine offiziellen Todesursachen und werden so auch nicht in Dokumenten und Da… [+5470 chars]",,de,'Hitze'
https://www.zeit.de/news/2026-07/13/sonne-hitze-und-gewitter-in-rheinland-pfalz-und-saarland,https://www.zeit.de/news/2026-07/13/sonne-hitze-und-gewitter-in-rheinland-pfalz-und-saarland,0,www.zeit.de,"Wetter: Sonne, Hitze und Gewitter in Rheinland-Pfalz und Saarland","Hier finden Sie Informationen zu dem Thema „Wetter“. Lesen Sie jetzt „Sonne, Hitze und Gewitter in Rheinland-Pfalz und Saarland“.",https://img.zeit.de/news/2026-07/13/sonne-hitze-und-gewitter-in-rheinland-pfalz-und-saarland-image-group/wide__1300x731,2026-07-13T05:03:44Z,,"Die Woche startet in Rheinland-Pfalz und dem Saarland heiß und sonnig. Die Temperaturen liegen im Tagesverlauf zwischen 31 und 36 Grad, wie der Deutsche Wetterdienst voraussagt. Ab dem Abend seien ei… [+563 chars]",,de,'Hitze'
https://www.zeit.de/news/2026-07/13/sommerlicher-wochenstart-mit-gewitterrisiko-in-niedersachsen,https://www.zeit.de/news/2026-07/13/sommerlicher-wochenstart-mit-gewitterrisiko-in-niedersachsen,0,www.zeit.de,Wetter: Sommerlicher Wochenstart mit Gewitterrisiko in Niedersachsen,Hier finden Sie Informationen zu dem Thema „Wetter“. Lesen Sie jetzt „Sommerlicher Wochenstart mit Gewitterrisiko in Niedersachsen“.,https://img.zeit.de/news/2026-07/13/sommerlicher-wochenstart-mit-gewitterrisiko-in-niedersachsen-image-group/wide__1300x731,2026-07-13T05:54:20Z,,"Niedersachsen und Bremen starten mit viel Sonne und sommerlicher Wärme in die neue Woche. Allerdings steigt im Tagesverlauf das Risiko für kräftige Gewitter, lokal sind auch Unwetter nicht ausgeschlo… [+1179 chars]",,de,'Gewitter'
https://www.zeit.de/news/2026-07/13/waldbrandgefahr-in-brandenburg-bleibt-hoch,https://www.zeit.de/news/2026-07/13/waldbrandgefahr-in-brandenburg-bleibt-hoch,0,www.zeit.de,Trockenheit und Hitze: Waldbrandgefahr in Brandenburg bleibt hoch,Hier finden Sie Informationen zu dem Thema „Trockenheit und Hitze“. Lesen Sie jetzt „Waldbrandgefahr in Brandenburg bleibt hoch“.,https://img.zeit.de/news/2026-07/13/waldbrandgefahr-in-brandenburg-bleibt-hoch-image-group/wide__1300x731,2026-07-13T05:58:28Z,,"Die Waldbrandgefahr in Brandenburg ist weiterhin hoch. In 13 von 14 Landkreisen gibt das Ministerium für Land- und Ernährungswirtschaft, Umwelt und Verbraucherschutz (MLEUV) am Montagmorgen die Warns… [+637 chars]",,de,'Hitze'
https://www.faz.net/aktuell/gesellschaft/gesundheit/hitzewelle-in-europa-mehr-als-10-000-zusaetzliche-todesfaelle-accg-201023769.html,https://www.faz.net/aktuell/gesellschaft/gesundheit/hitzewelle-in-europa-mehr-als-10-000-zusaetzliche-todesfaelle-accg-201023769.html,0,www.faz.net,In Europa: Mehr als 10.000 zusätzliche Todesfälle durch Hitzewelle,In der letzten Juniwoche haben Wissenschaftler eine auffällige Übersterblichkeit verzeichnet. Ursache war wohl die extreme Hitze. Ältere Menschen waren besonders betroffen.,https://media0.faz.net/image/w1200h627/d7041b3499b1/w5133h2681x0y385o/202606/43601.0.2256789738/ein-krankenwagen-symbolbild.webp,2026-07-13T06:50:38Z,,"Die Hitzewelle in Westeuropa Ende Juni hat zu mehr als 10.000 zusätzlichen Todesfällen geführt. Die große Mehrheit mehr als 9000 waren über 65-Jährige, wie aus Daten des von der EU-Gesundheitsbehörde… [+1912 chars]",,de,'Hitze'
https://www.appgefahren.de/anker-solix-c1000-oder-jackery-2000-v2-welcher-solargenerator-lohnt-sich-mehr-402195.html,https://www.appgefahren.de/anker-solix-c1000-oder-jackery-2000-v2-welcher-solargenerator-lohnt-sich-mehr-402195.html,0,www.appgefahren.de,Anker Solix C1000 oder Jackery 2000 v2: Welcher Solargenerator lohnt sich mehr?,"Wer Strom vor der eigenen Haustür oder unterwegs erzeugen und nutzen möchte, kann zu einer Powerstation samt Solarpanel greifen. Schaut man sich die aktuellen Sonnenstunden an, lässt sich die Station innerhalb weniger Stunden mit der Kraft der Sonne gratis au…",https://www.appgefahren.de/wp-content/uploads/2026/07/jackery-anker-powerstation.jpg,2026-07-13T07:45:31Z,,"Wer Strom vor der eigenen Haustür oder unterwegs erzeugen und nutzen möchte, kann zu einer Powerstation samt Solarpanel greifen. Schaut man sich die aktuellen Sonnenstunden an, lässt sich die Station… [+6307 chars]",,de,'Sonnenstunden'
https://www.faz.net/aktuell/wirtschaft/immobilien-wohnen/energie-heizung/schatten-baeume-klimaanlagen-staedte-wappnen-sich-gegen-die-hitze-accg-200987435.html,https://www.faz.net/aktuell/wirtschaft/immobilien-wohnen/energie-heizung/schatten-baeume-klimaanlagen-staedte-wappnen-sich-gegen-die-hitze-accg-200987435.html,0,www.faz.net,Immobilien im Wandel: Hitzewellen fordern Europas Städte heraus,"Schatten, Pflanzen und Klimaanlagen: Städte bemühen sich um Abkühlung im Sommer. Wie reagieren andere Länder auf die Hitze?",https://media0.faz.net/image/w1200h627/178a2fc69fb7/w5635h2944x0y363o/202607/43601.0.2289889037/wasserspiele-im-madrid-rio.webp,2026-07-13T08:46:13Z,,"Im Sommer kommt es zu immer neuen Hitzerekorden. Vor allem in den belebten Städten steigen die Temperaturen an. Viel Beton, wenig Grünflächen: Der urbane Raum heizt sich tendenziell auf. Das stellt d… [+14081 chars]",,de,'Hitze'
https://www.zeit.de/news/2026-07/13/hitzewelle-ermittlungen-zu-todesfaellen-in-kliniken,https://www.zeit.de/news/2026-07/13/hitzewelle-ermittlungen-zu-todesfaellen-in-kliniken,0,www.zeit.de,Mitverschulden wird geprüft: Hitzewelle: Ermittlungen zu Todesfällen in Kliniken,Hier finden Sie Informationen zu dem Thema „Mitverschulden wird geprüft“. Lesen Sie jetzt „Hitzewelle: Ermittlungen zu Todesfällen in Kliniken“.,https://img.zeit.de/news/2026-07/13/hitzewelle-ermittlungen-zu-todesfaellen-in-kliniken-image-group/wide__1300x731,2026-07-13T09:02:42Z,,Im Zusammenhang mit den zwölf Todesfällen im St. Remigius-Krankenhaus in Leverkusen am Hitze-Wochenende Ende Juni hat die Kölner Staatsanwaltschaft sieben Todesermittlungsverfahren eingeleitet. Davon… [+1702 chars],,de,'Hitze'
https://www.zeit.de/gesundheit/2026-07/hitze-westeuropa-hitzeschutz-klimawandel-deutschland-faq,https://www.zeit.de/gesundheit/2026-07/hitze-westeuropa-hitzeschutz-klimawandel-deutschland-faq,0,www.zeit.de,Hitze in Westeuropa: Was wirklich gegen die Hitze hilft,Auf Deutschland kommt die dritte Hitzewelle des Sommers zu. Es wird wohl nicht die letzte bleiben. Wie schützen wir uns? Und worauf müssen wir uns in Zukunft einstellen?,https://img.zeit.de/gesundheit/2026-07/hitze-westeuropa-hitzeschutz-klimawandel-deutschland-faq-bild-4/wide__1300x731,2026-07-13T11:47:31Z,,"Wenn die Körpertemperatur eines Menschen auf über 40 Grad ansteigt und der Körper sich nicht selbst herunterkühlt, kann das lebensgefährlich werden. Symptome eines Hitzeschlags sind neben einer erhöh… [+1260 chars]",,de,'Hitze'
https://www.diepresse.com/36880065/sonnenbrille-und-spiegelbild,https://www.diepresse.com/36880065/sonnenbrille-und-spiegelbild,0,www.diepresse.com,Sonnenbrille und Spiegelbild [premium],"Friedrich Merz gab in Wimbledon den Sportsmann von Welt. Mit Hut, Sonnenbrille und Khaki-Anzug verkörperte der Kanzler die moderne Version eines Konrad Adenauer im Urlaubsmodus. Und Angela Merkel sorgt derweil in Berlin für Besucherrekorde.",https://img.diepresse.com/public/incoming/i7lbet-tennis-gbr-wimbledon/alternates/WEBP_WIDE_1200/TENNIS-GBR-WIMBLEDON,2026-07-13T11:48:54Z,,"Mit dem ersten Wimbledon-Sieg im deutschen Herren-Tennis seit 1991, seit dem Triumph Michael Stichs, ist es am Ende doch nichts geworden. Obwohl Stich mit Wimbledon-Krawatte bei Saunatemperaturen für… [+1355 chars]",,de,'Sonne'
https://www.freitag.de/autoren/cbaron/christian-baron-reisefreiheit-was-die-ddr-dem-westen-voraus-hatte,https://www.freitag.de/autoren/cbaron/christian-baron-reisefreiheit-was-die-ddr-dem-westen-voraus-hatte,0,www.freitag.de,Sommersonne | War die Reisefreiheit in der DDR größer als im Westen? Diese spannende Zahl spricht dafür,"Die Paradoxie der Reisefreiheit in Ost und West: Während die DDR-Bürger 1989 Reiseweltmeister waren, stehen heute finanzielle und politische Hürden im Weg. Ist unsere Freiheit wirklich grenzenlos? In meiner Kindheit, in den 1990er-Jahren im tiefen Südwesten D…",https://www.freitag.de/autoren/cbaron/christian-baron-reisefreiheit-was-die-ddr-dem-westen-voraus-hatte/@@images/social_image,2026-07-13T12:00:00Z,,"In meiner Kindheit, in den 1990er-Jahren im tiefen Südwesten Deutschlands, stand bei uns im Kinderzimmer ein alter Globus. Zunächst schenkte ich ihm kaum Beachtung, warf höchstens mal einen Blick dra… [+4827 chars]",,de,'Sonne'
https://www.freitag.de/autoren/the-guardian/hitzewelle-kulturkampf-um-die-klimaanlage,https://www.freitag.de/autoren/the-guardian/hitzewelle-kulturkampf-um-die-klimaanlage,0,www.freitag.de,Hitzewelle: Jetzt tobt der Kulturkampf um die Klimaanlage,"Hierzulande gibt es kaum Klimaanlagen – trotz hunderter Hitzetoter jedes Jahr. Nun ist ein Kulturkampf darüber ausgebrochen, was man gegen die hohen Temperaturen tun kann. Brauchen wir mehr Kühlanlagen, mehr Bäume oder mehr Gelassenheit? Nein, in Panik geriet…",https://www.freitag.de/autoren/the-guardian/hitzewelle-kulturkampf-um-die-klimaanlage/@@images/image/great,2026-07-13T15:25:00Z,,"Nein, in Panik geriet der 65-jährige Mario nicht bei dem Anblick des Thermometers. Im Gegenteil. In der Nachmittagshitze im östlichen Brandenburg war es neulich auf schwindelerregende 41,7 Grad gesti… [+8881 chars]",,de,'Hitze'
https://www.nzz.ch/panorama/wir-erreichen-nie-wirklich-den-schutzfaktor-der-auf-der-sonnencreme-packung-steht-bei-der-angabe-50-haben-wir-maximal-einen-30er-schutz-sagt-ein-experte-der-suva-ld.10015204,https://www.nzz.ch/panorama/wir-erreichen-nie-wirklich-den-schutzfaktor-der-auf-der-sonnencreme-packung-steht-bei-der-angabe-50-haben-wir-maximal-einen-30er-schutz-sagt-ein-experte-der-suva-ld.10015204,0,www.nzz.ch,"INTERVIEW - «Wir erreichen nie wirklich den Schutzfaktor, der auf der Sonnencrème-Packung steht. Bei der Angabe 50 haben wir maximal einen 30er-Schutz», sagt ein Experte der Suva","Wer im Freien arbeitet hat ein deutlich höheres Risiko, an Hautkrebs zu erkranken. Im Interview erklärt Roland Krischek, UV-Fachmann der Suva, wie sich Bauarbeiter aber auch Büroangestellte und Kinder in ihrem Alltag am besten schützen.","https://img-msp-prod.nzz.ch/2026/07/13/f23f45eb-913c-48ea-8f40-4966f81855cb.jpg?width=1200&height=675&fit=bounds&quality=75&auto=webp&crop=9504,5346,x0,y0&wmark=nzz",2026-07-14T03:30:00Z,,"Wer im Freien arbeitet hat ein deutlich höheres Risiko, an Hautkrebs zu erkranken. Im Interview erklärt Roland Krischek, UV-Fachmann der Suva, wie sich Bauarbeiter aber auch Büroangestellte und Kinde… [+9061 chars]",,de,'Sonne'
https://www.zeit.de/news/2026-07/14/hitze-und-gewitter-mancherorts-unwettergefahr,https://www.zeit.de/news/2026-07/14/hitze-und-gewitter-mancherorts-unwettergefahr,0,www.zeit.de,Sommerwetter in Bayern: Hitze und Gewitter – mancherorts Unwettergefahr,Hier finden Sie Informationen zu dem Thema „Sommerwetter in Bayern“. Lesen Sie jetzt „Hitze und Gewitter – mancherorts Unwettergefahr“.,https://img.zeit.de/news/2026-07/14/hitze-und-gewitter-mancherorts-unwettergefahr-image-group/wide__1300x731,2026-07-14T04:07:12Z,,"Die Hitze hat Bayern weiter im Griff mancherorts drohen am Dienstag aber auch Gewitter, teilweise mit Starkregen, Sturm und Hagel.
In Südbayern gibt es am Dienstag teils Sonne, teils auch dichtere W… [+951 chars]",,de,'Gewitter'
https://www.zeit.de/news/2026-07/14/die-hitze-bleibt-meteorologen-warnen-vor-unwetter,https://www.zeit.de/news/2026-07/14/die-hitze-bleibt-meteorologen-warnen-vor-unwetter,0,www.zeit.de,Wetteraussichten: Die Hitze bleibt – Meteorologen warnen vor Unwetter,Hier finden Sie Informationen zu dem Thema „Wetteraussichten“. Lesen Sie jetzt „Die Hitze bleibt – Meteorologen warnen vor Unwetter“.,https://img.zeit.de/news/2026-07/14/die-hitze-bleibt-meteorologen-warnen-vor-unwetter-image-group/wide__1300x731,2026-07-14T04:53:01Z,,"Die Menschen in Nordrhein-Westfalen erwartet am Dienstag meist heiteres und oft sonniges Wetter. Wie der Deutsche Wetterdienst (DWD) mitteilte, sind lediglich im Süden gebietsweise Schauer oder Hitze… [+1025 chars]",,de,'Hitze'
https://steiermark.orf.at/stories/3362490/,https://steiermark.orf.at/stories/3362490/,0,steiermark.orf.at,Arbeitsinspektorat prüft Hitzeschutz in Firmen,"Die aktuelle Hitze führt vor Augen, wie wichtig Hitzeschutzmaßnahmen am Arbeitsplatz sind. Die neue Hitzeschutzverordnung gibt genaue Richtlinien vor, und die Arbeitsinspektoren überprüfen diese auch – dabei gab es heuer schon mehr als hundert Beanstandungen.",https://ibs.orf.at/stm?image=https%3A%2F%2Foekastatic.orf.at%2Fmims%2F2026%2F29%2F43%2Fcrops%2Fw%3D1200%2Ch%3D627%2Cq%3D75%2F3112016_master_1205543_apafrance_-_weather_-_climate_-_france_-_weather_-_climate_-_heat_.jpg%3Fs%3D5a65d568608cc2ab1c4085d40c3855b36822d1cb,2026-07-14T05:37:55Z,,"Ab einer gefühlten Temperatur von 30 Grad greift der Hitzeschutzplan für Arbeiten im Freien, wenn also die Hitzeschutzwarnung Stufe 2 ausgelöst wird.
Vornehmlich wird beraten
Für Innenräume sollte … [+1536 chars]",,de,'Hitze'
https://www.faz.net/aktuell/besser-leben/stil/sonnencreme-als-tagespflege-im-test-das-sind-die-besten-cremes-accg-201016822.html,https://www.faz.net/aktuell/besser-leben/stil/sonnencreme-als-tagespflege-im-test-das-sind-die-besten-cremes-accg-201016822.html,0,www.faz.net,Sonnenwende: Welche Sonnencreme ist die beste Tagespflege?,Das beste Anti-Aging-Mittel ist UV-Schutz. Doch lange eignete sich Sonnencreme nicht als Tagespflege. Die Zeiten sind vorbei. Unser Autor hat eine Auswahl für den Sommer getestet – mit einem klaren Favoriten.,https://media0.faz.net/image/w1200h627/e90e8c9aefe1/w6000h3135x0y347o/202302/43600.0.1493951192/unser-autor-hat-acht.webp,2026-07-14T06:46:03Z,,"Babor besteht unseren Test mit seinem Antioxidant Balm SPF 50+ der Doctor-Babor-Pro-Linie mit Bravour, allerdings mit minimalen Abstrichen. Die Sonnencreme des Aachener Herstellers schützt nicht nur … [+199 chars]",,de,'Sonnencreme'
https://www.zeit.de/news/2026-07/14/starke-gewitter-und-sturmboeen-erwartet,https://www.zeit.de/news/2026-07/14/starke-gewitter-und-sturmboeen-erwartet,0,www.zeit.de,Wetter: Starke Gewitter und Sturmböen erwartet,Hier finden Sie Informationen zu dem Thema „Wetter“. Lesen Sie jetzt „Starke Gewitter und Sturmböen erwartet“.,https://img.zeit.de/news/2026-07/14/starke-gewitter-und-sturmboeen-erwartet-image-group/wide__1300x731,2026-07-14T06:54:51Z,,"Nach teils kräftigen Gewittern in der Nacht müssen sich die Menschen in Sachsen, Sachsen-Anhalt und Thüringen heute erneut auf Unwetter einstellen. Das geht aus der aktuellen Vorhersage des Deutschen… [+1122 chars]",,de,'Gewitter'
https://www.nzz.ch/panorama/schatten-schatten-schatten-wie-man-mit-kleinen-kindern-gut-durch-die-hitze-kommt-ld.10012720,https://www.nzz.ch/panorama/schatten-schatten-schatten-wie-man-mit-kleinen-kindern-gut-durch-die-hitze-kommt-ld.10012720,0,www.nzz.ch,"ERKLÄRT - Schatten, Schatten, Schatten: wie man mit kleinen Kindern gut durch die Hitze kommt","Wie erkennt man einen Sonnenstich? Und warum sollte man den Kinderwagen nicht zudecken? Ein Kindernotfallmediziner erklärt, worauf man in der Hitze bei Kleinkindern achten muss.","https://img-msp-prod.nzz.ch/2026/06/26/2f5c2c75-a5a2-4074-a991-907a80090184.jpg?width=1200&height=674&fit=bounds&quality=75&auto=webp&crop=6418,3610,x0,y332&wmark=nzz",2026-07-14T06:57:17Z,,"Wie erkennt man einen Sonnenstich? Und warum sollte man den Kinderwagen nicht zudecken? Ein Kindernotfallmediziner erklärt, worauf man in der Hitze bei Kleinkindern achten muss.
Zusammenfassung
Elt… [+6956 chars]",,de,'Sonnenstich'
https://www.tagesschau.de/wissen/klima/flut-ahrtal-klimawandel-100.html,https://www.tagesschau.de/wissen/klima/flut-ahrtal-klimawandel-100.html,0,www.tagesschau.de,Fünf Jahre nach der Ahrtal-Flut - welche Rolle spielt der Klimawandel?,Mitte Juli 2021 kamen in Deutschland infolge von Flutkatastrophen 185 Menschen ums Leben - darunter viele im Ahrtal. Wie konnte es zu solch einem Extremwetterereignis kommen? Von Jennifer Sieglar und Heike Ließmann.,https://images.tagesschau.de/image/4ccf32b5-3e59-42a9-9468-f99973d599b1/AAABldnMVjE/AAABnSSvrFg/16x9-big/bad-neuenahr-102.jpg?width=1280,2026-07-14T08:09:46Z,,"Stand: 14.07.2026 10:09 Uhr
Mitte Juli 2021 kamen in Deutschland infolge von Flutkatastrophen 185 Menschen ums Leben - darunter viele im Ahrtal. Wie konnte es zu solch einem Extremwetterereignis kom… [+4708 chars]",,de,'Klimawandel'
https://www.zeit.de/news/2026-07/14/wetterdienst-weiter-schwere-gewitter-mit-starkregen-moeglich,https://www.zeit.de/news/2026-07/14/wetterdienst-weiter-schwere-gewitter-mit-starkregen-moeglich,0,www.zeit.de,Vorhersage: Wetterdienst: Weiter schwere Gewitter mit Starkregen möglich,Hier finden Sie Informationen zu dem Thema „Vorhersage“. Lesen Sie jetzt „Wetterdienst: Weiter schwere Gewitter mit Starkregen möglich“.,https://img.zeit.de/news/2026-07/14/wetterdienst-weiter-schwere-gewitter-mit-starkregen-moeglich-image-group/wide__1300x731,2026-07-14T09:31:17Z,,"Der Deutsche Wetterdienst (DWD) sieht für Teile Deutschlands weiterhin eine große Gefahr von unwetterartigen Gewittern. «Dabei steht vor allem der Starkregen im Fokus, der lokal und eng begrenzt sehr… [+1202 chars]",,de,'Gewitter'
https://www.golem.de/sonstiges/zustimmung/auswahl.html?from=https://www.golem.de/news/photovoltaik-extreme-hitze-senkt-solarleistung-um-bis-zu-90-prozent-2607-210851.html&referer=https://t.co/801a4e55e6,https://www.golem.de/sonstiges/zustimmung/auswahl.html?from=https://www.golem.de/news/photovoltaik-extreme-hitze-senkt-solarleistung-um-bis-zu-90-prozent-2607-210851.html&referer=https://t.co/801a4e55e6,0,www.golem.de,Photovoltaik: Extreme Hitze senkt Solarleistung um bis zu 90 Prozent,"Daten vorangegangener Hitzewellen zeigen, dass Solarzellen in den heißesten Stunden kaum Strom einspeisen. Das liegt nur zum Teil an den Modulen. (Klimakrise, Solarenergie)",,2026-07-14T12:01:02Z,,"Besuchen Sie Golem.de wie gewohnt mit Werbung und Tracking,
 indem Sie der Nutzung aller Cookies zustimmen.
 Details zum Tracking finden Sie im Privacy Center.
Skript wurde nicht geladen. Informat… [+607 chars]",,de,'Hitze'
https://www.teltarif.de/aldisued-lidl-eismaschine/news/104700.html,https://www.teltarif.de/aldisued-lidl-eismaschine/news/104700.html,0,www.teltarif.de,"Eiscreme in Minuten: Aldi verkauft 10-in-1-Maschine für 99,99 Euro","Aldi Süd verkauft eine 10-in-1-Eismaschine für 99,99 Euro. Als Alternative gibt es die GOURMETmaxx SmoothUp bei eBay für 126 Euro.",https://www.teltarif.de/img/arch/2026/kw29/aldisued-lidl-eismaschine-2og.jpg,2026-07-14T14:15:00Z,,"An warmen Sommertagen stehen Eiscreme, Frozen Yogurt oder gekühlte Milchshakes bei vielen regelmäßig auf dem Speiseplan. Wer solche Desserts häufiger selbst zubereitet, möchte dafür meist nicht jedes… [+2954 chars]",,de,'Eiscreme'
https://www.zeit.de/news/2026-07/14/gewitter-in-mittelfranken-und-oberpfalz,https://www.zeit.de/news/2026-07/14/gewitter-in-mittelfranken-und-oberpfalz,0,www.zeit.de,Sommerwetter in Bayern: Gewitter in Mittelfranken und Oberpfalz,Hier finden Sie Informationen zu dem Thema „Sommerwetter in Bayern“. Lesen Sie jetzt „Gewitter in Mittelfranken und Oberpfalz“.,https://img.zeit.de/news/2026-07/14/gewitter-in-mittelfranken-und-oberpfalz-image-group/wide__1300x731,2026-07-14T18:07:04Z,,In Franken und der Oberpfalz sind die erwarteten Gewitter eingetroffen. Im Raum Nürnberg gab es nach Angaben des Polizeipräsidiums Mittelfranken mehrere Einsätze. Einen Überblick über die Schäden hat… [+616 chars],,de,'Gewitter'
https://www.zeit.de/news/2026-07/15/begehrte-kuehlgeraete-vielerorts-vergriffen-und-nun,https://www.zeit.de/news/2026-07/15/begehrte-kuehlgeraete-vielerorts-vergriffen-und-nun,0,www.zeit.de,Hitze in Deutschland: Begehrte Kühlgeräte vielerorts vergriffen – und nun?,Hier finden Sie Informationen zu dem Thema „Hitze in Deutschland“. Lesen Sie jetzt „Begehrte Kühlgeräte vielerorts vergriffen – und nun?“.,https://img.zeit.de/news/2026-07/15/begehrte-kuehlgeraete-vielerorts-vergriffen-und-nun-image-group/wide__1300x731,2026-07-15T02:00:23Z,,In Deutschland übersteigen die Temperaturen vielerorts wieder die 30-Grad-Marke. Auch in den eigenen vier Wänden wird es ungemütlich. Der Deutsche Wetterdienst hat tropische Nächte vorhergesagt. Die … [+5651 chars],,de,'Hitze'
https://www.zeit.de/news/2026-07/15/hitze-andrang-volle-konzentration-alltag-im-freibad,https://www.zeit.de/news/2026-07/15/hitze-andrang-volle-konzentration-alltag-im-freibad,0,www.zeit.de,"Bademeister im Stress: Hitze, Andrang, volle Konzentration - Alltag im Freibad","Hier finden Sie Informationen zu dem Thema „Bademeister im Stress“. Lesen Sie jetzt „Hitze, Andrang, volle Konzentration - Alltag im Freibad“.",https://img.zeit.de/news/2026-07/15/hitze-andrang-volle-konzentration-alltag-im-freibad-image-group/wide__1300x731,2026-07-15T02:05:05Z,,"Es ist heiß, voll und laut: An Spitzentagen tummeln sich schon mal bis zu 3.000 Besucher täglich im Wasser und auf der Liegewiese des Freibads Wilhelmshöhe in Kassel. «Dann bin ich abends froh, wenn … [+4871 chars]",,de,'Hitze'
https://www.nzz.ch/schweiz/hitzelabor-schweiz-wie-sich-die-gemeinden-mit-hitzebuddies-spruehnebelwolken-und-hightech-baeumen-gegen-heisse-sommer-wehren-ld.10015269,https://www.nzz.ch/schweiz/hitzelabor-schweiz-wie-sich-die-gemeinden-mit-hitzebuddies-spruehnebelwolken-und-hightech-baeumen-gegen-heisse-sommer-wehren-ld.10015269,0,www.nzz.ch,"Hitzelabor Schweiz: wie sich die Gemeinden mit Hitzebuddies, Sprühnebelwolken und Hightech-Bäumen gegen heisse Sommer wehren","Was tun gegen die Hitze? Es gibt fast nichts, was nicht versucht würde.","https://img-msp-prod.nzz.ch/2026/07/14/09b2ea8b-0e12-44de-a4eb-0d26ac566118.jpg?width=1200&height=675&fit=bounds&quality=75&auto=webp&crop=2727,1534,x136,y233&wmark=nzz",2026-07-15T03:30:00Z,,"Was tun gegen die Hitze? Es gibt fast nichts, was nicht versucht würde.
Zusammenfassung
Illustration Dario Veréb / NZZ
In diesem Sommer verfärbt sich die Schweiz: Weil es heiss ist wie selten, wer… [+9647 chars]",,de,'Hitze'
https://www.zeit.de/news/2026-07/15/hochsommer-bleibt-nass-gewitter-und-schauer-in-sicht,https://www.zeit.de/news/2026-07/15/hochsommer-bleibt-nass-gewitter-und-schauer-in-sicht,0,www.zeit.de,Kein eitel Sonnenschein: Hochsommer bleibt nass – Gewitter und Schauer in Sicht,Hier finden Sie Informationen zu dem Thema „Kein eitel Sonnenschein“. Lesen Sie jetzt „Hochsommer bleibt nass – Gewitter und Schauer in Sicht“.,https://img.zeit.de/news/2026-07/15/hochsommer-bleibt-nass-gewitter-und-schauer-in-sicht-image-group/wide__1300x731,2026-07-15T03:57:20Z,,"In den kommenden Tagen ist laut der Vorhersage des Deutschen Wetterdienstes (DWD) täglich mit Regen, Schauern und Gewittern zu rechnen. Wer in Baden-Württemberg also in den nächsten Tagen unterwegs i… [+1733 chars]",,de,'Gewitter'
https://www.zeit.de/news/2026-07/15/sonne-wolken-und-gewitter,https://www.zeit.de/news/2026-07/15/sonne-wolken-und-gewitter,0,www.zeit.de,"Sommer in Bayern: Sonne, Wolken und Gewitter","Hier finden Sie Informationen zu dem Thema „Sommer in Bayern“. Lesen Sie jetzt „Sonne, Wolken und Gewitter“.",https://img.zeit.de/news/2026-07/15/sonne-wolken-und-gewitter-image-group/wide__1300x731,2026-07-15T04:00:16Z,,"Bayern steht laut Deutschem Wetterdienst ein eher unruhiger Tag bevor: Die Meteorologen erwarten landesweit einen Mix aus Sonne und Wolken, im Süden mit steigendem Schauer- und Gewitterrisiko im Lauf… [+447 chars]",,de,'Sonne'
https://www.zeit.de/news/2026-07/15/wenn-pferde-auch-bei-hitze-pflaster-treten-muessen,https://www.zeit.de/news/2026-07/15/wenn-pferde-auch-bei-hitze-pflaster-treten-muessen,0,www.zeit.de,Tiere im Tourismus: Wenn Pferde auch bei Hitze Pflaster treten müssen,Hier finden Sie Informationen zu dem Thema „Tiere im Tourismus“. Lesen Sie jetzt „Wenn Pferde auch bei Hitze Pflaster treten müssen“.,https://img.zeit.de/news/2026-07/15/wenn-pferde-auch-bei-hitze-pflaster-treten-muessen-image-group/wide__1300x731,2026-07-15T05:00:08Z,,"«Beendet diesen Quatsch!», «Hört auf, Tiere so zu quälen!», «Ist der Tourismus das wert?!» - der Aufschrei in sozialen Medien war groß, als Anfang Juli Videos aus Rom viral gingen von einem Kutschpfe… [+5776 chars]",,de,'Hitze'
https://www.brigitte.de/leben/reise/coolcation--die-10-besten-reiseziele-fuer-einen-schoen-kuehlen-urlaub-13787600.html,https://www.brigitte.de/leben/reise/coolcation--die-10-besten-reiseziele-fuer-einen-schoen-kuehlen-urlaub-13787600.html,0,www.brigitte.de,Rekordhitze + Co.: Bist du bereit für die Coolcation?,"Rekordhitze, Brände, Wassermangel: Sommerurlaub am Mittelmeer hat seine Tücken. Vielleicht doch lieber in kühlere Gefilde? Was es mit dem Urlaubstrend ""Coolcation"" auf sich hat – und wo er uns hinführt.",https://image.brigitte.de/13787602/t/Aa/v7/w1440/r1.7778/-/coolcation-faroeer.jpg,2026-07-15T05:17:00Z,,"Rekordhitze, Brände, Wassermangel: Sommerurlaub am Mittelmeer hat seine Tücken. Vielleicht doch lieber in kühlere Gefilde? Was es mit dem Urlaubstrend ""Coolcation"" auf sich hat  und wo er uns hinführ… [+4917 chars]",,de,'Hitze'
https://www.faz.net/aktuell/feuilleton/debatten/hitzewelle-bibliotheken-und-museen-als-abkuehlung-ohne-konsumzwang-accg-201027818.html,https://www.faz.net/aktuell/feuilleton/debatten/hitzewelle-bibliotheken-und-museen-als-abkuehlung-ohne-konsumzwang-accg-201027818.html,0,www.faz.net,Kühle „Dritte Orte“: Wohin man vor der Hitze fliehen kann,"Während der Hitzewellen bieten Museen und Bibliotheken Schutz gegen die hohen Temperaturen. Diese „Dritten Orte“ sind notwendig für die Gesellschaft, werden aber oft vergessen.",https://media0.faz.net/image/w1200h627/c87a52332db1/w5315h2777x0y205o/202306/43600.0.1870237732/auch-die-staatsbibliothek-zu.webp,2026-07-15T05:47:04Z,,"Wenn die Temperaturen über 30 Grad klettern und es auch nachts nicht mehr richtig abkühlt, werden viele Wohnungen zu warm. Einige flüchten ins Freibad oder an den See. Während der vergangenen Hitzewe… [+2843 chars]",,de,'Freibad'
https://www.faz.net/aktuell/wissen/erde-klima/wieso-hoffnung-beim-klimawandel-keine-illusion-ist-accg-201024951.html,https://www.faz.net/aktuell/wissen/erde-klima/wieso-hoffnung-beim-klimawandel-keine-illusion-ist-accg-201024951.html,0,www.faz.net,Klimaschutz: Wieso Hoffnung beim Klimawandel keine Illusion ist,"Afrikas Bevölkerung ist heute schon dort angekommen, wohin uns der Klimawandel führt: Gravierende Veränderungen im Alltag erfordern  radikales Handeln. Ein Erfahrungsbericht zweier Ethnologen.",https://media0.faz.net/image/w1200h627/ca80e1db8145/w5712h2984x0y650o/202606/43601.0.2222309189/baeuerinnen-arbeiten-auf-den.webp,2026-07-15T08:07:47Z,,Der Klimawandel ist eine existenzielle Bedrohung. Wie sollen wir uns dazu emotional verhalten? Einige plädieren für Angst. Greta Thunberg richtete sich 2019 mit einem Appell an die Weltöffentlichkeit… [+6611 chars],,de,'Klimawandel'
https://www.zeit.de/news/2026-07/15/sonne-gewitter-und-unwetter-wechseln-sich-in-hessen-ab,https://www.zeit.de/news/2026-07/15/sonne-gewitter-und-unwetter-wechseln-sich-in-hessen-ab,0,www.zeit.de,"Wetter: Sonne, Gewitter und Unwetter wechseln sich in Hessen ab","Hier finden Sie Informationen zu dem Thema „Wetter“. Lesen Sie jetzt „Sonne, Gewitter und Unwetter wechseln sich in Hessen ab“.",https://img.zeit.de/news/2026-07/15/sonne-gewitter-und-unwetter-wechseln-sich-in-hessen-ab-image-group/wide__1300x731,2026-07-15T08:17:52Z,,"Sonnenbrille oder Regenschirm? Die Menschen in Hessen sollten in den nächsten Tagen besser beides parat haben. Am Mittwoch sei zunächst mit sonnigem und trockenem Wetter zu rechnen, teilt der Deutsch… [+821 chars]",,de,'Gewitter'
https://www.zeit.de/news/2026-07/15/hagelsturm-und-starkregen-unwetter-im-suedwesten,https://www.zeit.de/news/2026-07/15/hagelsturm-und-starkregen-unwetter-im-suedwesten,0,www.zeit.de,Gewitter und Hagel: Hagelsturm und Starkregen - Unwetter im Südwesten,Hier finden Sie Informationen zu dem Thema „Gewitter und Hagel“. Lesen Sie jetzt „Hagelsturm und Starkregen - Unwetter im Südwesten“.,https://img.zeit.de/news/2026-07/15/hagelsturm-und-starkregen-unwetter-im-suedwesten-image-group/wide__1300x731,2026-07-15T13:27:03Z,,"Über Baden-Württemberg ziehen weitere schwere Unwetter, diesmal mit Orkanböen, Hagel und heftigem Starkregen. Der Deutsche Wetterdienst (DWD) gab eine Unwetterwarnung heraus, die für das ganze Land b… [+3668 chars]",,de,'Gewitter'
https://www.zeit.de/news/2026-07/15/blitzschlag-verletzt-frau-mit-smartphone,https://www.zeit.de/news/2026-07/15/blitzschlag-verletzt-frau-mit-smartphone,0,www.zeit.de,Schwere Gewitter: Blitzschlag verletzt Frau mit Smartphone,Hier finden Sie Informationen zu dem Thema „Schwere Gewitter“. Lesen Sie jetzt „Blitzschlag verletzt Frau mit Smartphone“.,https://img.zeit.de/news/2026-07/15/blitzschlag-verletzt-frau-mit-smartphone-image-group/wide__1300x731,2026-07-15T13:29:47Z,,"Bei einem Blitzeinschlag im Landkreis Ravensburg hat eine Frau einen Stromschlag erlitten. In der Nacht auf Mittwoch hielt die 43 -Jährige in Aitrach ihr Handy in der Hand, während es zum Laden an ei… [+566 chars]",,de,'Gewitter'
https://www.tagesspiegel.de/wissen/der-stille-killer-neue-studie-zeigt-dass-heisse-nachte-zunehmend-todlicher-werden-15840409.html,https://www.tagesspiegel.de/wissen/der-stille-killer-neue-studie-zeigt-dass-heisse-nachte-zunehmend-todlicher-werden-15840409.html,0,www.tagesspiegel.de,"Der stille Killer: Neue Studie zeigt, dass heiße Nächte zunehmend tödlicher werden","Klimawandel und Hitze rauben immer mehr Menschen den Schlaf. Eine neue Studie liefert dazu nun handfeste Zahlen – und zeigt, wer von den heißen Nächten besonders betroffen ist.",https://www.tagesspiegel.de/images/15841912/alternates/BASE_16_9_W1400/1784122424000/man-sleeping-near-an-electric-fan-in-a-sunny-morning.jpeg,2026-07-15T14:46:24Z,,"29,4 Grad kühler wurde es nicht. In der Nacht zum 28. Juni 2026 blieb die Temperatur im sächsischen Kubschütz (Landkreis Bautzen) extrem hoch. Ein Wert, der selbst am Mittelmeer im Hochsommer selten … [+6452 chars]",,de,'Klimawandel'
https://www.tagesspiegel.de/wissen/der-stille-killer-neue-studie-zeigt-warum-heisse-nachte-immer-todlicher-werden-15840409.html,https://www.tagesspiegel.de/wissen/der-stille-killer-neue-studie-zeigt-warum-heisse-nachte-immer-todlicher-werden-15840409.html,0,www.tagesspiegel.de,"Der stille Killer: Neue Studie zeigt, warum heiße Nächte immer tödlicher werden","Eine Untersuchung zeigt, wie sehr der Klimawandel uns den Schlaf raubt – und was das für Folgen hat. Nicht nur ältere Menschen sind davon besonders betroffen.",https://www.tagesspiegel.de/images/15841912/alternates/BASE_16_9_W1400/1784122424000/man-sleeping-near-an-electric-fan-in-a-sunny-morning.jpeg,2026-07-15T14:46:24Z,,"29,4 Grad kühler wurde es nicht. In der Nacht zum 28. Juni 2026 blieb die Temperatur im sächsischen Kubschütz (Landkreis Bautzen) extrem hoch. Ein Wert, der selbst am Mittelmeer im Hochsommer selten … [+5905 chars]",,de,'Klimawandel'
https://www.faz.net/aktuell/reise/urlaub-in-der-eifel-schwimmen-in-den-vulkanseen-200955241.html,https://www.faz.net/aktuell/reise/urlaub-in-der-eifel-schwimmen-in-den-vulkanseen-200955241.html,0,www.faz.net,Abkühlung in der Eifel: Hinabtauchen in den Vulkan,Das Beste bei der brütenden Sommerhitze: In der Eifel bieten die „Maare“ ein Badeerlebnis inmitten idyllischer Natur. Wir sind durch vier Gewässer geschwommen.,https://media0.faz.net/image/w1200h627/a87096a21911/w7952h4154x0y550o/202607/43601.0.2289731446/viel-schoener-als-jedes.webp,2026-07-15T16:57:02Z,,"Baden, wo einst sprühendes Feuer war. In eiskaltem, tiefgrünem Wasser, das dort schimmert, wo eine spektakuläre Magmaexplosion Zehntausende Jahre zuvor ein Loch in die Erde gerissen hat. Was so übera… [+13054 chars]",,de,'Hitze'
https://www.zeit.de/news/2026-07/15/17-feuerwehreinsaetze-in-reutlingen-wegen-unwetters,https://www.zeit.de/news/2026-07/15/17-feuerwehreinsaetze-in-reutlingen-wegen-unwetters,0,www.zeit.de,Gewitter und Starkregen: 17 Feuerwehreinsätze in Reutlingen wegen Unwetters,Hier finden Sie Informationen zu dem Thema „Gewitter und Starkregen“. Lesen Sie jetzt „17 Feuerwehreinsätze in Reutlingen wegen Unwetters“.,https://img.zeit.de/news/2026-07/15/17-feuerwehreinsaetze-in-reutlingen-wegen-unwetters-image-group/wide__1300x731,2026-07-15T18:59:47Z,,Wegen eines Gewitters mit Starkregen musste die Feuerwehr in Reutlingen am späten Nachmittag und Abend 17 Mal ausrücken. Bei den Einsätzen handelte es sich hauptsächlich um voll gelaufene Keller sowi… [+651 chars],,de,'Gewitter'
https://www.zeit.de/news/2026-07/16/hitze-und-duerre-machen-jungen-amphibien-zu-schaffen,https://www.zeit.de/news/2026-07/16/hitze-und-duerre-machen-jungen-amphibien-zu-schaffen,0,www.zeit.de,Trockenstress: Hitze und Dürre machen jungen Amphibien zu schaffen,Hier finden Sie Informationen zu dem Thema „Trockenstress“. Lesen Sie jetzt „Hitze und Dürre machen jungen Amphibien zu schaffen“.,https://img.zeit.de/news/2026-07/16/hitze-und-duerre-machen-jungen-amphibien-zu-schaffen-image-group/wide__1300x731,2026-07-16T01:45:05Z,,"Gerade junge Amphibien darben wegen der Dürre. Wegen Hitze und Trockenheit sind sie auch dann noch stark gefährdet, wenn der Übergang der Larvenstadien vom Wasser zum Land erfolgt ist, wie der Fachbe… [+1036 chars]",,de,'Hitze'
https://www.zeit.de/news/2026-07/16/hochzeitsreise-auf-dem-jakobsweg-bis-zum-ziel-trotz-hitze,https://www.zeit.de/news/2026-07/16/hochzeitsreise-auf-dem-jakobsweg-bis-zum-ziel-trotz-hitze,0,www.zeit.de,Pilgerfahrt: Hochzeitsreise auf dem Jakobsweg: Bis zum Ziel trotz Hitze,Hier finden Sie Informationen zu dem Thema „Pilgerfahrt“. Lesen Sie jetzt „Hochzeitsreise auf dem Jakobsweg: Bis zum Ziel trotz Hitze“.,https://img.zeit.de/news/2026-07/16/hochzeitsreise-auf-dem-jakobsweg-bis-zum-ziel-trotz-hitze-image-group/wide__1300x731,2026-07-16T03:00:29Z,,Der Alltag hat Brandenburgs Gesundheitsminister René Wilke (SPD) seit dieser Woche längst wieder - doch die Erinnerung an eine besondere Hochzeitsreise bleibt. Mit seiner Frau Kathrin pilgerte er run… [+1087 chars],,de,'Hitze'
https://www.nzz.ch/panorama/kanton-solothurn-verbietet-baden-wegen-fischen-ld.10015390,https://www.nzz.ch/panorama/kanton-solothurn-verbietet-baden-wegen-fischen-ld.10015390,0,www.nzz.ch,"Der Kanton Solothurn bangt um seine Forellen. Jetzt sollen die Menschen dem Wasser fernbleiben, damit die Fische überleben","Die Hitze setzt vielen Fischen zu. Zum ersten Mal verbietet ein Kanton das Baden in den meisten Flüssen und Bächen, um die Tiere zu schonen. Unterwegs mit dem Biologen, der die drastische Entscheidung getroffen hat.","https://img-msp-prod.nzz.ch/2026/07/15/370bff43-a7ea-49b9-8589-7e5e9c99cc61.jpg?width=1200&height=674&fit=bounds&quality=75&auto=webp&crop=8655,4868,x469,y1468&wmark=nzz",2026-07-16T03:30:00Z,,"Der Fluss Dünnern kommt kurz vor Olten als Bächlein daher, obwohl er der viertgrösste Fluss im Kanton Solothurn ist. Einen Kilometer weiter unten mündet er in die Aare. Vor zwei Wochen wurden hier, i… [+9007 chars]",,de,'Sonnenstunden'
https://www.zeit.de/news/2026-07/16/fruehe-ernte-hitze-veraendert-weizenertrag,https://www.zeit.de/news/2026-07/16/fruehe-ernte-hitze-veraendert-weizenertrag,0,www.zeit.de,Erntezeit: Frühe Ernte - Hitze verändert Weizenertrag,Hier finden Sie Informationen zu dem Thema „Erntezeit“. Lesen Sie jetzt „Frühe Ernte - Hitze verändert Weizenertrag“.,https://img.zeit.de/news/2026-07/16/fruehe-ernte-hitze-veraendert-weizenertrag-image-group/wide__1300x731,2026-07-16T03:30:07Z,,Die Landwirte in Niedersachsen können das Getreide in diesem Jahr 10 bis 14 Tage früher als sonst einholen. Die Hitzewoche im Juni war für die Qualität der Gerste nicht nur vorteilhaft. Derzeit werde… [+2572 chars],,de,'Hitze'
https://www.zeit.de/news/2026-07/16/weiter-gewitter-im-suedwesten-so-ungemuetlich-wird-es,https://www.zeit.de/news/2026-07/16/weiter-gewitter-im-suedwesten-so-ungemuetlich-wird-es,0,www.zeit.de,Wetter: Weiter Gewitter im Südwesten - so ungemütlich wird es,Hier finden Sie Informationen zu dem Thema „Wetter“. Lesen Sie jetzt „Weiter Gewitter im Südwesten - so ungemütlich wird es“.,https://img.zeit.de/news/2026-07/16/weiter-gewitter-im-suedwesten-so-ungemuetlich-wird-es-image-group/wide__1300x731,2026-07-16T04:07:22Z,,"Auf die Hitze folgen in Baden-Württemberg Schauer und Gewitter. Nach der Vorhersage des Deutschen Wetterdienstes (DWD) bleibt es am Donnerstag zunächst noch hochsommerlich, im Tagesverlauf steigt abe… [+1219 chars]",,de,'Gewitter'
https://www.zeit.de/news/2026-07/16/gewitter-und-starkregen-unwetter-am-freitag-moeglich,https://www.zeit.de/news/2026-07/16/gewitter-und-starkregen-unwetter-am-freitag-moeglich,0,www.zeit.de,Wetter: Gewitter und Starkregen – Unwetter am Freitag möglich,Hier finden Sie Informationen zu dem Thema „Wetter“. Lesen Sie jetzt „Gewitter und Starkregen – Unwetter am Freitag möglich“.,https://img.zeit.de/news/2026-07/16/gewitter-und-starkregen-unwetter-am-freitag-moeglich-image-group/wide__1300x731,2026-07-16T04:14:23Z,,"In Sachsen kommt es am Donnerstag vereinzelt zu Gewittern, Starkregen und Sturmböen. Diese kommen jedoch nur lokal begrenzt ab dem Mittag im Bergland und der Oberlausitz vor, heißt es vom Deutschen W… [+834 chars]",,de,'Gewitter'
https://www.zeit.de/news/2026-07/16/gewitter-und-unwetter-ueber-berlin-und-brandenburg-erwartet,https://www.zeit.de/news/2026-07/16/gewitter-und-unwetter-ueber-berlin-und-brandenburg-erwartet,0,www.zeit.de,Erhöhtes Unwetterpotential: Gewitter und Unwetter über Berlin und Brandenburg erwartet,Hier finden Sie Informationen zu dem Thema „Erhöhtes Unwetterpotential“. Lesen Sie jetzt „Gewitter und Unwetter über Berlin und Brandenburg erwartet“.,https://img.zeit.de/news/2026-07/16/gewitter-und-unwetter-ueber-berlin-und-brandenburg-erwartet-image-group/wide__1300x731,2026-07-16T04:32:33Z,,"Gewitter ziehen in den kommenden Tagen über Berlin und Brandenburg. Am Freitag sind Unwetter möglich, wie der Deutsche Wetterdienst (DWD) mitteilte. 
Heute rechnet der DWD noch mit einer geringen Ge… [+1659 chars]",,de,'Gewitter'
https://www.zeit.de/news/2026-07/16/nach-hitze-wetterdienst-erwartet-unwetter-fuer-hessen,https://www.zeit.de/news/2026-07/16/nach-hitze-wetterdienst-erwartet-unwetter-fuer-hessen,0,www.zeit.de,Wettermix: Nach Hitze: Wetterdienst erwartet Unwetter für Hessen,Hier finden Sie Informationen zu dem Thema „Wettermix“. Lesen Sie jetzt „Nach Hitze: Wetterdienst erwartet Unwetter für Hessen“.,https://img.zeit.de/news/2026-07/16/nach-hitze-wetterdienst-erwartet-unwetter-fuer-hessen-image-group/wide__1300x731,2026-07-16T05:34:46Z,,"In den nächsten Tagen müssen sich die Menschen in Hessen auf unbeständiges Wetter einstellen: Gewitter und starke Windböen sind immer wieder möglich. Wie der Deutsche Wetterdienst mitteilte, ist es h… [+809 chars]",,de,'Hitze'
https://www.zeit.de/news/2026-07/16/hitze-unwetter-sonne-rheinland-pfalz-erwartet-wetter-mix,https://www.zeit.de/news/2026-07/16/hitze-unwetter-sonne-rheinland-pfalz-erwartet-wetter-mix,0,www.zeit.de,"Wechselhaftes Wetter: Hitze, Unwetter, Sonne - Rheinland-Pfalz erwartet Wetter-Mix","Hier finden Sie Informationen zu dem Thema „Wechselhaftes Wetter“. Lesen Sie jetzt „Hitze, Unwetter, Sonne - Rheinland-Pfalz erwartet Wetter-Mix“.",https://img.zeit.de/news/2026-07/16/hitze-unwetter-sonne-rheinland-pfalz-erwartet-wetter-mix-image-group/wide__1300x731,2026-07-16T06:29:37Z,,"Auf die Menschen in Rheinland-Pfalz und im Saarland kommt in den kommenden Tagen wechselhaftes Wetter zu. Neben sonnigen Abschnitten sind immer wieder Gewitter und teils kräftige Windböen möglich.
W… [+964 chars]",,de,'Hitze'
https://www.zeit.de/news/2026-07/16/starkregen-und-hagel-gewitter-bringen-wetterumschwung,https://www.zeit.de/news/2026-07/16/starkregen-und-hagel-gewitter-bringen-wetterumschwung,0,www.zeit.de,Wetter: Starkregen und Hagel: Gewitter bringen Wetterumschwung,Hier finden Sie Informationen zu dem Thema „Wetter“. Lesen Sie jetzt „Starkregen und Hagel: Gewitter bringen Wetterumschwung“.,https://img.zeit.de/news/2026-07/16/starkregen-und-hagel-gewitter-bringen-wetterumschwung-image-group/wide__1300x731,2026-07-16T09:44:26Z,,"Kräftige Gewitter leiten zum Wochenende einen Wetterumschwung ein. Dabei lassen sich zwei regionale Schwerpunkte ausmachen, wie der Deutsche Wetterdienst (DWD) mitteilt: über dem Norden und Nordosten… [+2049 chars]",,de,'Gewitter'
https://www.zeit.de/news/2026-07/16/superzelle-richtet-schaeden-im-suedwesten-an,https://www.zeit.de/news/2026-07/16/superzelle-richtet-schaeden-im-suedwesten-an,0,www.zeit.de,Gewitter im Südwesten: Superzelle richtet Schäden im Südwesten an,Hier finden Sie Informationen zu dem Thema „Gewitter im Südwesten“. Lesen Sie jetzt „Superzelle richtet Schäden im Südwesten an“.,https://img.zeit.de/news/2026-07/16/superzelle-richtet-schaeden-im-suedwesten-an-image-group/wide__1300x731,2026-07-16T17:41:47Z,,"Orkanböen, heftiger Starkregen und große Hagelkörner: Heftige Gewitter sind über Baden-Württemberg gezogen und haben Schäden verursacht. Die Feuerwehr in Ulm etwa berichtete von herabfallenden Ästen … [+1396 chars]",,de,'Gewitter'
https://www.bild.de/news/wetter/neue-hitzeglocke-baut-sich-bald-ueber-europa-auf-6a58a8bc7a35912eb9adc119,https://www.bild.de/news/wetter/neue-hitzeglocke-baut-sich-bald-ueber-europa-auf-6a58a8bc7a35912eb9adc119,0,www.bild.de,Wann Deutschland wieder glüht - Neue Hitzeglocke baut sich bald über Europa auf,Jetzt kommt der Wetterumschwung – doch die nächste Hitzewelle lässt nicht lange auf sich warten.,"https://images.bild.de/6a58a8bc7a35912eb9adc119/ce239c1b1c5efe658df1eb02012364d1,f7d14c12?w=1280",2026-07-17T03:51:37Z,,"TTS-Player überspringenArtikel weiterlesenEndlich kommt die Abkühlung! Die Gluthitze zieht ab, auch die Tropennächte sind erst mal vorbei. Der Hitzewelle geht die Puste aus. Doch die Verschnaufpause … [+2202 chars]",,de,'Sonnencreme'
https://vorarlberg.orf.at/stories/3362702/,https://vorarlberg.orf.at/stories/3362702/,0,vorarlberg.orf.at,Obdachlose leiden bei Hitze genauso wie im Winter,"Die Notfallschlafstelle in Feldkirch ist auch im Sommer stark belegt. Momentan sind alle acht Zimmer in Verwendung. Die Hitze macht den Obdachlosen in Vorarlberg zu schaffen, deswegen ist die Bevölkerung dazu aufgerufen, hilfsbedürftige Menschen mit Sonnensch…",https://ibs.orf.at/vbg?image=https%3A%2F%2Foekastatic.orf.at%2Fmims%2F2021%2F44%2F23%2Fcrops%2Fw%3D1200%2Ch%3D627%2Cq%3D75%2F1130114_master_402023_obdachlose_abd0022_1.jpg%3Fs%3D3d418d619171a080169778dc533bd1c813de4643,2026-07-17T03:57:30Z,,"Die Hitze macht uns allen zu schaffen. Vor allem denen, die keinen Ort zum Abkühlen haben. Die Obdachlosen in Vorarlberg haben weder eine Rückzugsmöglichkeit, noch die finanziellen Ressourcen, um sic… [+1883 chars]",,de,'Sonne'
https://www.zeit.de/news/2026-07/17/starke-gewitter-und-regen-bringen-abkuehlung-in-die-region,https://www.zeit.de/news/2026-07/17/starke-gewitter-und-regen-bringen-abkuehlung-in-die-region,0,www.zeit.de,Wetter: Starke Gewitter und Regen bringen Abkühlung in die Region,Hier finden Sie Informationen zu dem Thema „Wetter“. Lesen Sie jetzt „Starke Gewitter und Regen bringen Abkühlung in die Region“.,https://img.zeit.de/news/2026-07/17/starke-gewitter-und-regen-bringen-abkuehlung-in-die-region-image-group/wide__1300x731,2026-07-17T03:58:50Z,,Nach einem zunächst freundlichen Tagesbeginn wird das Wetter in Berlin und Brandenburg heute ungemütlich. Nach Angaben des Deutschen Wetterdienstes (DWD) ziehen ab dem Mittag von Südwesten zahlreiche… [+1067 chars],,de,'Gewitter'
https://www.zeit.de/news/2026-07/17/kraeftige-gewitter-ziehen-ueber-nordrhein-westfalen,https://www.zeit.de/news/2026-07/17/kraeftige-gewitter-ziehen-ueber-nordrhein-westfalen,0,www.zeit.de,Wetter: Kräftige Gewitter ziehen über Nordrhein-Westfalen,Hier finden Sie Informationen zu dem Thema „Wetter“. Lesen Sie jetzt „Kräftige Gewitter ziehen über Nordrhein-Westfalen“.,https://img.zeit.de/news/2026-07/17/kraeftige-gewitter-ziehen-ueber-nordrhein-westfalen-image-group/wide__1300x731,2026-07-17T04:06:24Z,,"Auf Nordrhein-Westfalen kommt am Freitag unbeständiges Wetter mit kräftigen Gewittern zu. Wie der Deutsche Wetterdienst (DWD) mitteilte, ziehen gebietsweise Schauer und Gewitter mit Starkregen und Ha… [+737 chars]",,de,'Gewitter'
https://www.golem.de/sonstiges/zustimmung/auswahl.html?from=https://www.golem.de/news/beschaeftigte-im-hitzestress-dgb-chefin-fahimi-fordert-hitze-ausfallgeld-2607-210977.html&referer=https://t.co/cedbe11ae2,https://www.golem.de/sonstiges/zustimmung/auswahl.html?from=https://www.golem.de/news/beschaeftigte-im-hitzestress-dgb-chefin-fahimi-fordert-hitze-ausfallgeld-2607-210977.html&referer=https://t.co/cedbe11ae2,0,www.golem.de,Beschäftigte im Hitzestress: DGB-Chefin Fahimi fordert Hitze-Ausfallgeld,"Berufstätige mit einem hohen Stressfaktor fühlen sich bei der Arbeit durch extreme Hitze stark belastet. Der DGB fordert Gegenmaßnahmen. (Arbeit, Wirtschaft)",,2026-07-17T05:28:01Z,,"Besuchen Sie Golem.de wie gewohnt mit Werbung und Tracking,
 indem Sie der Nutzung aller Cookies zustimmen.
 Details zum Tracking finden Sie im Privacy Center.
Skript wurde nicht geladen. Informat… [+607 chars]",,de,'Hitze'
https://www.zeit.de/news/2026-07/17/gewitter-und-starkregen-in-mv-erwartet,https://www.zeit.de/news/2026-07/17/gewitter-und-starkregen-in-mv-erwartet,0,www.zeit.de,Wetter: Gewitter und Starkregen in MV erwartet,Hier finden Sie Informationen zu dem Thema „Wetter“. Lesen Sie jetzt „Gewitter und Starkregen in MV erwartet“.,https://img.zeit.de/news/2026-07/17/gewitter-und-starkregen-in-mv-erwartet-image-group/wide__1300x731,2026-07-17T08:18:34Z,,Schwere Gewitter und heftiger Starkregen sind am Freitag in Mecklenburg-Vorpommern möglich. Eine entsprechende Vorabinformation des Deutschen Wetterdienstes (DWD) für Ostdeutschland gilt auch für MV.… [+925 chars],,de,'Gewitter'
https://www.n-tv.de/politik/Zentrales-Klimaschutzinstrument-im-Fokus-id31096476.html,https://www.n-tv.de/politik/Zentrales-Klimaschutzinstrument-im-Fokus-id31096476.html,0,www.n-tv.de,Klimaschutzinstrument im Fokus: Wie es mit dem EU-Emissionshandel weitergehen könnte,"Seit Monaten fordern nicht nur die Industrie, sondern auch EU-Mitgliedsstaaten Lockerungen am europäischen Emissionshandel. Der ist eigentlich das stärkste Pferd der EU im Rennen gegen die Erderwärmung. Nun überprüft die EU-Kommission das Treibhausgashandelss…",https://www.n-tv.de/img/31096366/1784286948/Img_16_9/1200/Extremes-Niedrigwasser-hier-beim-Thyssenkrupp-Steel-Stahlwerk-in-Duisburg-Marxloh-durch-den-niedrigen-Rheinpegel-haben-sich-Sandbaenke-gebildet-Frachter-koennen-nur-mit-reduzierter-Ladung-fahren-das-TKS-Stahlwerk-hat-seine-Produktion-verringert-da-nicht-mehr-genug-Rohstoffe-fuer-die-Stahlindustrie-geliefert-werden-koennen-Rheinpegel-DU-Ruhrort-bei-170-cm-Tendenz-fallend-Kokerei-Schwelgern-Duisburg-NRW-Deutschland.jpg,2026-07-17T09:09:19Z,,"Eigentlich sollte nach dem bisherigen Gesetz die Zahl der Zertifikate bis 2040 auf Null sinken. Die EU könnte diese Regel nun lockern. (Foto: picture alliance / Jochen Tack)
Seit Monaten fordern nic… [+5534 chars]",,de,'Erderwärmung'
https://www.welt.de/vermischtes/article6a59f61dbb3fbf9dba98773e/bayern-aeusserst-aggressiv-zehnkoepfige-maennergruppe-nach-poebelei-aus-freibad-geworfen.html,https://www.welt.de/vermischtes/article6a59f61dbb3fbf9dba98773e/bayern-aeusserst-aggressiv-zehnkoepfige-maennergruppe-nach-poebelei-aus-freibad-geworfen.html,0,www.welt.de,„Äußerst aggressiv“ – zehnköpfige Männergruppe nach Pöbelei aus Freibad geworfen,"Eine Gruppe junger Männer fällt in einem Freibad in Bayern negativ auf. Die Polizei muss eingreifen. „Der Hauptaggressor war ein 21-jähriger Syrer“, heißt es.",https://images.welt.de/6a59f61dbb3fbf9dba98773e/0dc069fabd2393195ae8b7f2fc43c12d-master/ci16x9-w1200/dpa-com-260618-936-18039-jpg,2026-07-17T10:24:58Z,,"Eine Gruppe junger Männer fällt in einem Freibad in Bayern negativ auf. Die Polizei muss eingreifen. Der Hauptaggressor war ein 21-jähriger Syrer, heißt es.Ein Ausflug ins Freibad endete für eine zeh… [+1767 chars]",,de,'Freibad'
https://www.faz.net/aktuell/politik/inland/der-einbau-von-klimaanlagen-rettet-leben-ein-kommentar-201039822.html,https://www.faz.net/aktuell/politik/inland/der-einbau-von-klimaanlagen-rettet-leben-ein-kommentar-201039822.html,0,www.faz.net,BGH zu Klimaanlagen: Klimaschutz heißt: Jetzt schon Leben retten,"Der Kampf gegen den Klimawandel ist ganz konkret. Er muss nicht erst in Zukunft schützen, sondern schon heute.",https://media0.faz.net/image/w1200h627/9d982839db7b/w5836h3049x0y421o/202607/43601.0.2339365503/nicht-unbedingt-schoen-aber.webp,2026-07-17T12:29:46Z,,Der Kampf gegen den Klimawandel spielt sich auf mehreren Ebenen ab. Von den globalen Bemühungen um möglichst umfassende internationale Verträge über europäische Vorgaben bis zu nationalen Gesetzen un… [+1007 chars],,de,'Klimawandel'
https://www.zeit.de/news/2026-07/17/unwetterwarnungen-fuer-mv-gewitter-und-starkregen,https://www.zeit.de/news/2026-07/17/unwetterwarnungen-fuer-mv-gewitter-und-starkregen,0,www.zeit.de,Wetterdienst: Unwetterwarnungen für MV - Gewitter und Starkregen,Hier finden Sie Informationen zu dem Thema „Wetterdienst“. Lesen Sie jetzt „Unwetterwarnungen für MV - Gewitter und Starkregen“.,https://img.zeit.de/news/2026-07/17/unwetterwarnungen-fuer-mv-gewitter-und-starkregen-image-group/wide__1300x731,2026-07-17T15:42:47Z,,Der Deutsche Wetterdienst (DWD) hat amtliche Unwetterwarnungen für mehrere Landkreise in Mecklenburg-Vorpommern herausgegeben. Es bestehe die Gefahr schwerer Gewitter mit starkem Niederschlag und mög… [+667 chars],,de,'Gewitter'
https://www.zeit.de/news/2026-07/17/heftige-gewitter-in-berlin-ausfaelle-bei-s-bahn,https://www.zeit.de/news/2026-07/17/heftige-gewitter-in-berlin-ausfaelle-bei-s-bahn,0,www.zeit.de,Wetter: Heftige Gewitter in Berlin - Ausfälle bei S-Bahn,Hier finden Sie Informationen zu dem Thema „Wetter“. Lesen Sie jetzt „Heftige Gewitter in Berlin - Ausfälle bei S-Bahn“.,https://img.zeit.de/news/2026-07/17/heftige-gewitter-in-berlin-ausfaelle-bei-s-bahn-image-group/wide__1300x731,2026-07-17T18:51:36Z,,"Schwere Gewitter haben in Berlin den S-Bahn-Verkehr eingeschränkt. In Pankow führte ein Blitzeinschlag nach Angaben der S-Bahn dazu, dass es zu Verspätungen, Ausfällen und Einschränkungen kommt. Betr… [+528 chars]",,de,'Gewitter'
https://www.zeit.de/news/2026-07/17/gewitter-in-brandenburg-bisher-keine-groesseren-einsaetze,https://www.zeit.de/news/2026-07/17/gewitter-in-brandenburg-bisher-keine-groesseren-einsaetze,0,www.zeit.de,Unwetter: Gewitter in Brandenburg: Bisher keine größeren Einsätze,Hier finden Sie Informationen zu dem Thema „Unwetter“. Lesen Sie jetzt „Gewitter in Brandenburg: Bisher keine größeren Einsätze“.,https://img.zeit.de/news/2026-07/17/gewitter-in-brandenburg-bisher-keine-groesseren-einsaetze-image-group/wide__1300x731,2026-07-17T19:14:09Z,,Die Gewitter sind in Brandenburg trotz Unwetterwarnungen bisher eher glimpflich abgegangen. Die Feuerwehr berichtete nicht von größeren Einsätzen oder von Verletzten. Die Gewitter zogen vom Westen üb… [+1007 chars],,de,'Gewitter'
https://www.tagesspiegel.de/berlin/unwetter-gewitter-in-brandenburg-bisher-keine-grosseren-einsatze-15852281.html,https://www.tagesspiegel.de/berlin/unwetter-gewitter-in-brandenburg-bisher-keine-grosseren-einsatze-15852281.html,0,www.tagesspiegel.de,Unwetter: Gewitter in Brandenburg: Bisher keine größeren Einsätze,"Bäume stürzen um, Keller laufen voll Wasser - doch in Brandenburg gab es nach Angaben der Leitstellen zunächst keine schweren Vorfälle.",https://www.tagesspiegel.de/images/15852280/alternates/BASE_16_9_W1400/1784315715000/gewitter-uber-brandenburg.jpeg,2026-07-17T19:15:15Z,,Die Gewitter sind in Brandenburg trotz Unwetterwarnungen bisher eher glimpflich abgegangen. Die Feuerwehr berichtete nicht von größeren Einsätzen oder von Verletzten. Die Gewitter zogen vom Westen üb… [+1063 chars],,de,'Gewitter'
https://www.welt.de/vermischtes/article6a5a919dc722326276499e89/unwetter-zahlreiche-feuerwehr-einsaetze-in-sachsen-anhalt-s-bahn-kollidiert-in-berlin-mit-baum.html,https://www.welt.de/vermischtes/article6a5a919dc722326276499e89/unwetter-zahlreiche-feuerwehr-einsaetze-in-sachsen-anhalt-s-bahn-kollidiert-in-berlin-mit-baum.html,0,www.welt.de,Zahlreiche Feuerwehr-Einsätze in Sachsen-Anhalt – S-Bahn kollidiert in Berlin mit Baum,Schwere Gewitter haben in mehreren Regionen Deutschlands zahlreiche Feuerwehreinsätze ausgelöst. In Sachsen‑Anhalt gab es über 70 Alarmierungen wegen überfluteter Straßen und umgestürzter Bäume. In Berlin kam es zu einem Unfall einer S-Bahn.,https://images.welt.de/6a5a919dc722326276499e89/dae6d75c45ca892f02d178d826e927b5-master/ci16x9-w1200/dpa-com-260717-936-42855-jpg,2026-07-17T20:44:49Z,,Schwere Gewitter haben in mehreren Regionen Deutschlands zahlreiche Feuerwehreinsätze ausgelöst. In SachsenAnhalt gab es über 70 Alarmierungen wegen überfluteter Straßen und umgestürzter Bäume. In Be… [+4361 chars],,de,'Gewitter'
https://www.zeit.de/news/2026-07/18/umfrage-zwei-drittel-erkennen-in-hitze-den-klimawandel,https://www.zeit.de/news/2026-07/18/umfrage-zwei-drittel-erkennen-in-hitze-den-klimawandel,0,www.zeit.de,Wetterextreme: Umfrage: Zwei Drittel erkennen in Hitze den Klimawandel,Hier finden Sie Informationen zu dem Thema „Wetterextreme“. Lesen Sie jetzt „Umfrage: Zwei Drittel erkennen in Hitze den Klimawandel“.,https://img.zeit.de/news/2026-07/18/umfrage-zwei-drittel-erkennen-in-hitze-den-klimawandel-image-group/wide__1300x731,2026-07-18T03:00:08Z,,"Zwei Drittel der Menschen in einer YouGov-Umfrage sehen die jüngsten Rekordtemperaturen im Zusammenhang mit der globalen Erwärmung. Aber nur knapp die Hälfte der Befragten nehmen an, dass Deutschland… [+1987 chars]",,de,'Hitze'
https://www.focus.de/politik/deutschland/der-hitzetod-kommt-auch-zu-dir_145d206f-3627-494d-bf9e-f340a2a51410.html,https://www.focus.de/politik/deutschland/der-hitzetod-kommt-auch-zu-dir_145d206f-3627-494d-bf9e-f340a2a51410.html,0,www.focus.de,Der Hitzetod kommt auch zu dir!,"Feuchte Tücher, verdunkelte Fenster, eingerollte Teppiche: An Empfehlungen für die nächste Hitzewelle herrscht kein Mangel. Doch eigenartig: Ausgerechnet das probateste Mittel, die Klimaanlage, fehlt in der Regel.","https://quadro.burda-forward.de/ctf/74db2680-df63-40b3-8486-f0133954efa2.7a49c33b-f0a4-42a7-8a30-fe774c43cad3.jpg?im=RegionOfInterestCrop=(1200,630),regionOfInterest=(915,402)&hash=fbb375f18c5a1675a643db17e42a01f58ff48b6a03f0997a877cc3ee37a03244",2026-07-18T06:50:00Z,,"Der Kanzler hat kein Wort zur Hitze gesagt. Der Zustand der Wirtschaft hatte in seiner Regierungserklärung Platz, die anstehenden Reformen. Aber nicht eine Silbe zu den Hitzetoten! Ja hat der Mann de… [+7178 chars]",,de,'Hitze'
https://taz.de/Plaene-der-EU-Kommission/!6197062/,https://taz.de/Plaene-der-EU-Kommission/!6197062/,0,taz.de,Pläne der EU-Kommission: Mit Strom gegen den Klimawandel,Europa soll unabhängiger von fossilen Energieträgern werden und damit Emissionen reduzieren. Die EU-Kommission sieht dafür Strom als Schlüssel.,https://taz.de/picture/8617554/1200/41691392.jpeg,2026-07-18T07:07:00Z,,Europa soll unabhängiger von fossilen Energieträgern werden und damit Emissionen reduzieren. Die EU-Kommission sieht dafür Strom als Schlüssel. mehr...,,de,'Klimawandel'
https://www.faz.net/aktuell/rhein-main/region-und-hessen/hitzewelle-wie-sich-die-tiere-im-frankfurter-zoo-abkuehlen-accg-201030065.html,https://www.faz.net/aktuell/rhein-main/region-und-hessen/hitzewelle-wie-sich-die-tiere-im-frankfurter-zoo-abkuehlen-accg-201030065.html,0,www.faz.net,Hitze im Zoo: Eiskuchen für die Brillenbären,"Wenn das Thermometer auf bis zu 40 Grad klettert, möchte man die Tiere im Frankfurter Zoo bemitleiden. Zu Unrecht, wie sich zeigt.",https://media0.faz.net/image/w1200h627/169cafad76f4/w5308h2773x0y109o/202607/43601.0.2335294964/tierpfleger-jan-von-der-heydt.webp,2026-07-18T07:37:00Z,,"Die Sonne brennt im Frankfurter Zoo, mehr als 30 Grad, kein Wölkchen am Himmel, aber ein Pfleger lässt es im Alpakagehege regnen.  Zwei der drei dort beheimateten Kleinkamele demonstrieren allerdings… [+6437 chars]",,de,'Hitze'
https://www.telepolis.de/article/Gewaesser-Krise-in-Deutschland-Warum-Rhein-Elbe-und-Seen-jetzt-ueberhitzen-11365531.html,https://www.telepolis.de/article/Gewaesser-Krise-in-Deutschland-Warum-Rhein-Elbe-und-Seen-jetzt-ueberhitzen-11365531.html,0,www.telepolis.de,"Gewässer-Krise in Deutschland: Warum Rhein, Elbe und Seen jetzt überhitzen","Wenn Flüsse wie der Rhein fast 30 Grad erreichen, droht Fischen Sauerstoffmangel. Forscher zeigen, wie wir Seen und Flüsse jetzt schützen können.",https://heise.cloudimg.io/bound/1200x1200/q85.png-lossy-85.webp-lossy-85.foil1/_www-heise-de_/imgs/18/5/1/1/7/2/2/6/aigner-wasser-graete-3-03cf79c72e95f6cb.jpg,2026-07-18T08:00:00Z,,"Wenn Flüsse wie der Rhein fast 30 Grad erreichen, droht Fischen Sauerstoffmangel. Forscher zeigen, wie wir Seen und Flüsse jetzt schützen können.
Das Hessische Landesamt für Naturschutz, Umwelt und … [+9377 chars]",,de,'Hitze'
https://taz.de/Umfrage-zu-Rekordtemperaturen/!6197226/,https://taz.de/Umfrage-zu-Rekordtemperaturen/!6197226/,0,taz.de,"Umfrage zu Rekordtemperaturen: Ein Viertel der Menschen will nicht erkennen, dass Hitze und Klimawandel zusammenhängen","Im Juni knackten die Temperaturen in Deutschland Rekorde. Eine große Mehrheit sieht einen Zusammenhang mit der globalen Erwärmung, doch viele auch nicht.",https://taz.de/picture/8618713/1200/Klimawandel-und-Hitze.jpeg,2026-07-18T09:05:00Z,,"Im Juni knackten die Temperaturen in Deutschland Rekorde. Eine große Mehrheit sieht einen Zusammenhang mit der globalen Erwärmung, doch viele auch nicht. mehr...",,de,'Klimawandel'
https://www.faz.net/aktuell/rhein-main/region-und-hessen/news-avoidance-wie-komme-ich-raus-aus-der-nachrichten-depression-accg-200986639.html,https://www.faz.net/aktuell/rhein-main/region-und-hessen/news-avoidance-wie-komme-ich-raus-aus-der-nachrichten-depression-accg-200986639.html,0,www.faz.net,News Avoidance: Wie komme ich raus aus der „Nachrichten-Depression“?,"Krieg, Krisen, Klimawandel: Immer mehr Menschen tun sich schwer damit, sich mit dem zu beschäftigen, was in der Welt geschieht. Wie kann es gelingen, die sogenannte News Avoidance zu überwinden?",https://media0.faz.net/image/w1200h627/b5197fd104ad/w3000h1567x0y245o/202208/43600.0.1121969707/wenn-die-angst-vor-dem.webp,2026-07-18T09:05:14Z,,"Irgendwann hielt Jana sie nicht mehr aus, die schlechten Nachrichten der Welt. Eine Rakete, die in ein Wohnhaus in Kiew eingeschlagen ist, ein gescheitertes Friedensabkommen, eine neue Prognose zum K… [+316 chars]",,de,'Klimawandel'
https://www.zeit.de/news/2026-07/18/weiter-kurze-gewitter-moeglich-deutlich-kuehler,https://www.zeit.de/news/2026-07/18/weiter-kurze-gewitter-moeglich-deutlich-kuehler,0,www.zeit.de,Wetter-Vorhersage: Weiter kurze Gewitter möglich - deutlich kühler,Hier finden Sie Informationen zu dem Thema „Wetter-Vorhersage“. Lesen Sie jetzt „Weiter kurze Gewitter möglich - deutlich kühler“.,https://img.zeit.de/news/2026-07/18/weiter-kurze-gewitter-moeglich-deutlich-kuehler-image-group/wide__1300x731,2026-07-18T09:28:24Z,,"Das Wetter kommt mehr und mehr zur Ruhe, auf kurze Gewitter muss man sich in Rheinland-Pfalz und dem Saarland dennoch auch am Wochenende einstellen. Nachdem am Sonntag die letzten Schauer und Gewitte… [+602 chars]",,de,'Gewitter'
https://www.zeit.de/news/2026-07/18/gewitter-klingen-ab-kuehlere-temperaturen-folgen,https://www.zeit.de/news/2026-07/18/gewitter-klingen-ab-kuehlere-temperaturen-folgen,0,www.zeit.de,"Wetter-Vorhersage: Gewitter klingen ab, kühlere Temperaturen folgen","Hier finden Sie Informationen zu dem Thema „Wetter-Vorhersage“. Lesen Sie jetzt „Gewitter klingen ab, kühlere Temperaturen folgen“.",https://img.zeit.de/news/2026-07/18/gewitter-klingen-ab-kuehlere-temperaturen-folgen-image-group/wide__1300x731,2026-07-18T09:52:53Z,,"Einzelne Schauer oder kurze Gewitter, aber sonst ruhiges Wetter sagt der Deutsche Wetterdienst (DWD) für das Wochenende in Hessen vorher. Blitz und Donner verabschieden sich demnach am Sonntag aus we… [+790 chars]",,de,'Gewitter'
https://www.zeit.de/news/2026-07/18/am-wochenende-weiter-gewitter-moeglich,https://www.zeit.de/news/2026-07/18/am-wochenende-weiter-gewitter-moeglich,0,www.zeit.de,Wetter-Vorhersage: Am Wochenende weiter Gewitter möglich,Hier finden Sie Informationen zu dem Thema „Wetter-Vorhersage“. Lesen Sie jetzt „Am Wochenende weiter Gewitter möglich“.,https://img.zeit.de/news/2026-07/18/am-wochenende-weiter-gewitter-moeglich-image-group/wide__1300x731,2026-07-18T10:14:47Z,,"Blitz, Donner und teilweise Starkregen bleiben nach der Vorhersage des Deutschen Wetterdiensts (DWD) in Süddeutschland auch am Wochenende Thema. «Sowohl heute als auch am Sonntag entstehen im Tagesve… [+1055 chars]",,de,'Gewitter'
https://www.faz.net/aktuell/rhein-main/frankfurt/frankfurter-gesichter/mane-stelzer-tiny-forests-fuer-frankfurts-kampf-gegen-den-klimawandel-accg-201024610.html,https://www.faz.net/aktuell/rhein-main/frankfurt/frankfurter-gesichter/mane-stelzer-tiny-forests-fuer-frankfurts-kampf-gegen-den-klimawandel-accg-201024610.html,0,www.faz.net,FRankfurter Gesichter: „Pflanzen statt verzweifeln“,"Eigentlich schlägt ihr Herz für die Musik. Doch der Klimawandel hat die Frankfurterin Mane Stelzer dazu gebracht, sich für die Zukunft der Stadtbäume zu engagieren.",https://media0.faz.net/image/w1200h627/e942d10eec16/w5731h2994x0y414o/202607/43601.0.2304606005/der-erhalt-des-gruens-hat-es.webp,2026-07-18T10:19:02Z,,"Der bisher heißeste Sommer in Frankfurt hat Mane Stelzer dazu gebracht, das Sofa zu verlassen und sich für Bäume in der Stadt zu engagieren. 2018, als allein im Juli und August mit 41 Hitzetagen so v… [+3573 chars]",,de,'Klimawandel'
https://www.faz.net/aktuell/gesellschaft/menschen/sommer-trotz-hitze-48-gruende-warum-wir-ihn-lieben-accg-201009602.html,https://www.faz.net/aktuell/gesellschaft/menschen/sommer-trotz-hitze-48-gruende-warum-wir-ihn-lieben-accg-201009602.html,0,www.faz.net,Jahreszeiten: Warum wir den Sommer trotzdem lieben,"Die Hitze verleidet uns fast den Sommer. Am Klimawandel kommen wir nicht vorbei – aber ein paar schöne Momente können wir ihm vielleicht abtrotzen. Hier sind 48 Gründe, warum wir schwitzen und genießen.",https://media0.faz.net/image/w1200h627/9b6128fc8d3d/w5712h2984x0y271o/202607/43601.0.2341912107/weil-man-bei-34-grad-niemandem.webp,2026-07-18T10:26:48Z,,1. Weil (manche) Sonnencreme einfach wahnsinnig gut riecht.2. Weil Fahrradfahren bei Hitze immer noch mehr Spaß macht als Fahrradfahren bei Regen und Kälte.3. Weil man bei 35 Grad plötzlich existenzi… [+4358 chars],,de,'Klimawandel'
https://www.freitag.de/autoren/jenni-zylka/heisse-filme-heisse-themen-5-filme-fuer-brennende-tage-und-grosse-konflikte,https://www.freitag.de/autoren/jenni-zylka/heisse-filme-heisse-themen-5-filme-fuer-brennende-tage-und-grosse-konflikte,0,www.freitag.de,"Heiße Filme, heiße Themen: 5 Filme für brennende Tage und große Konflikte","Ein heißer Sommer bringt gute Laune, aber Hitze kann auch Katalysator für Rassen- und Klassenkonflikte verschiedener Art sein: Fünf Filmempfehlungen, die für diese Tage taugen Heißer Sommer: Systemerhaltender Gute-Laune-Zwang„Wolkenloser Himmel und der Wind d…",https://www.freitag.de/autoren/jenni-zylka/heisse-filme-heisse-themen-5-filme-fuer-brennende-tage-und-grosse-konflikte/@@images/image/great,2026-07-18T12:00:00Z,,"Heißer Sommer: Systemerhaltender Gute-Laune-Zwang
„Wolkenloser Himmel und der Wind der schweigt / kaum zu glauben wie das Barometer steigt!“ Doch im zum Kult gewordenen „Musikfilm der Gruppe Johanni… [+5749 chars]",,de,'Hitze'
https://www.freitag.de/autoren/nick-reimer/hitze-und-klima-warum-der-mitteleuropaeische-sommer-nicht-mehr-existiert,https://www.freitag.de/autoren/nick-reimer/hitze-und-klima-warum-der-mitteleuropaeische-sommer-nicht-mehr-existiert,0,www.freitag.de,Anpassung | Rote Karte: Wie sich die Hitze durch ganz Europa frisst – und uns 30-Grad-Nächte beschert,"Der mitteleuropäische Sommer, wie wir ihn kannten, existiert nicht mehr: Autobahnen brechen unter der Hitze auf, jahrhundertealte Buchenwälder sterben ab. Doch die Politik hinkt der neuen Realität noch immer hinterher. Mit welchen Folgen? Wie sieht ein mittel…",https://www.freitag.de/autoren/nick-reimer/hitze-und-klima-warum-der-mitteleuropaeische-sommer-nicht-mehr-existiert/@@images/social_image,2026-07-18T12:00:00Z,,Wie sieht ein mitteleuropäischer Sommer aus? Bei der Bahn ist die Frage relativ einfach zu beantworten: Die Klimaanlagen ihrer ICEs sind nach Bahn-Norm für Mitteleuropa ausgelegt – also für Spitzente… [+9426 chars],,de,'Hitze'
https://taz.de/Schulen-in-der-Hitzewelle/!6192592/,https://taz.de/Schulen-in-der-Hitzewelle/!6192592/,0,taz.de,Schulen in der Hitzewelle: Hitzefrei fürs Hirn,"Der Klimawandel macht Schule. Eine taz-Analyse zeigt, dass die Hitzefrei-Tage deutlich zunehmen. Zu Besuch bei schwitzenden Schü­le­r:in­nen in Stuttgart.",https://taz.de/picture/8615790/1200/wo-z2-schuelerventi4.jpeg,2026-07-18T14:03:00Z,,"Der Klimawandel macht Schule. Eine taz-Analyse zeigt, dass die Hitzefrei-Tage deutlich zunehmen. Zu Besuch bei schwitzenden Schü­le­r:in­nen in Stuttgart. mehr...",,de,'Hitzefrei'
https://vorarlberg.orf.at/stories/3363106/,https://vorarlberg.orf.at/stories/3363106/,0,vorarlberg.orf.at,Hitze setzt auch Kühen zu,"Kühe mögen es kalt. Sie regulieren ihre eigene Körpertemperatur nur bis rund 20 Grad Celsius – danach essen sie weniger und das folgt in weniger Milch. Bis Mitte des Jahrhunderts wird mit einem Rückgang von 1,5 Prozent in der Milchproduktion gerechnet. Im Hoh…",https://ibs.orf.at/vbg?image=https%3A%2F%2Foekastatic.orf.at%2Fmims%2F2026%2F29%2F32%2Fcrops%2Fw%3D1200%2Ch%3D627%2Cq%3D75%2F3116960_master_1207632_img_6584.jpeg%3Fs%3Dea5137d2f2c3f671ca009c17478cc640207ad83b,2026-07-18T17:12:13Z,,"Die Glockenträger des Landes stehen still. Man hört die Grillen zirpen, die Luft steht. Laura Rhomberg blickt auf ihre Kühe, die genüsslich im Stall ihr Heu fressen. Wenn es den Kühen gut geht, dann … [+1958 chars]",,de,'Hitze'
https://www.zeit.de/news/2026-07/19/warum-fledermaeuse-besonders-unter-der-hitze-leiden,https://www.zeit.de/news/2026-07/19/warum-fledermaeuse-besonders-unter-der-hitze-leiden,0,www.zeit.de,Dehydrierung bis Tod: Warum Fledermäuse besonders unter der Hitze leiden,Hier finden Sie Informationen zu dem Thema „Dehydrierung bis Tod“. Lesen Sie jetzt „Warum Fledermäuse besonders unter der Hitze leiden“.,https://img.zeit.de/news/2026-07/19/warum-fledermaeuse-besonders-unter-der-hitze-leiden-image-group/wide__1300x731,2026-07-19T03:00:09Z,,Hitzewellen und häufigere Extremwetterereignisse setzen nach Angaben des Naturschutzbunds (Nabu) Rheinland-Pfalz Fledermäusen zunehmend zu. Vor allem gebäudebewohnende Arten leiden unter überhitzten … [+2812 chars],,de,'Hitze'
https://www.nzz.ch/schweiz/wasserknappheit-die-wasserversorger-fordern-den-bund-zum-handeln-auf-ld.10015836,https://www.nzz.ch/schweiz/wasserknappheit-die-wasserversorger-fordern-den-bund-zum-handeln-auf-ld.10015836,0,www.nzz.ch,"Hitze, Trockenheit und mehr Konflikte ums Wasser: Jetzt soll der Bund dafür sorgen, dass die Schweiz ihren Wasserverbrauch besser plant und reguliert","Die Schweizer Wasserversorger fordern angesichts der zunehmenden Knappheit landesweite Vorgaben für die Planung, Nutzung und Speicherung der Vorkommen.","https://img-msp-prod.nzz.ch/2026/07/17/435c4da2-da68-4254-919d-f609ac7d47d6.jpg?width=1200&height=675&fit=bounds&quality=75&auto=webp&crop=7943,4468,x0,y0&wmark=nzz",2026-07-19T03:30:00Z,,"Die Schweizer Wasserversorger fordern angesichts der zunehmenden Knappheit landesweite Vorgaben für die Planung, Nutzung und Speicherung der Vorkommen.
Zusammenfassung
Knappes Gut: Blick in ein Sta… [+7268 chars]",,de,'Klimawandel'
https://www.sueddeutsche.de/wissen/klimawandel-uv-belastung-deutschland-li.3503656,https://www.sueddeutsche.de/wissen/klimawandel-uv-belastung-deutschland-li.3503656,0,www.sueddeutsche.de,Sommer: Warum die UV-Belastung steigt,Seit den 1990er-Jahren ist die UV-Strahlung in Deutschland um zehn bis 20 Prozent gestiegen. Das liegt nicht nur am Klimawandel.,https://www.sueddeutsche.de/2026/07/16/d0aa078d-b396-4b3e-aff2-7bc23c5adbe8.jpg?q=60&fm=webp&width=1200&rect=0%2C8%2C4000%2C2250,2026-07-19T05:00:00Z,,"Jeden Tag Sonnencreme mit Lichtschutzfaktor 50 auftragen: Das ist ein Social-Media-Trend, und in diesem Fall sogar ein vernünftiger. Denn durch den Klimawandel erhöht sich in Deutschland seit Jahren … [+587 chars]",,de,'Klimawandel'
https://wien.orf.at/stories/3363301/,https://wien.orf.at/stories/3363301/,0,wien.orf.at,Neunerhaus zu Kürzungen und Hitze besorgt,Angesichts der Budgetkürzungen auch bei der Wohnungslosenhilfe blickt man im Neunerhaus besorgt in die Zukunft. Die Zahl der Wohnungslosen werde steigen.  Zudem sei die Hitzewelle eine besondere Belastung für obdachlose Menschen.,https://ibs.orf.at/wie?image=https%3A%2F%2Foekastatic.orf.at%2Fmims%2F2023%2F45%2F90%2Fcrops%2Fw%3D1200%2Ch%3D627%2Cq%3D75%2F2002468_master_754390_vlcsnap-2023-11-09-17h48m51s229.jpg%3Fs%3Dff4e8830d7d47a0441a1a023635070584d59e831,2026-07-19T06:03:15Z,,"Die Wohnkosten steigen insbesondere in den niedrigen Mietsegmenten höher als die Einkommen. Gleichzeitig steigt die Zahl der befristeten Mietverträge, die laut Neunerhaus-Chefin Elisabeth Hammer imme… [+4121 chars]",,de,'Klimawandel'
https://www.faz.net/aktuell/wissen/medizin-ernaehrung/veganes-vanilleeis-so-cremig-und-sahnig-ist-wie-ei-mit-milch-dieser-frau-ist-es-gelungen-accg-200986851.html,https://www.faz.net/aktuell/wissen/medizin-ernaehrung/veganes-vanilleeis-so-cremig-und-sahnig-ist-wie-ei-mit-milch-dieser-frau-ist-es-gelungen-accg-200986851.html,0,www.faz.net,Veganes Eis: „Vanille ist die anspruchsvollste Sorte“,"Veganes Vanilleeis, das so cremig und sahnig ist wie Eiscreme mit Milch, war das Ziel der Lebensmittelforscher. Stephanie Mittermeier erklärt, wie das gelungen ist.",https://media0.faz.net/image/w1200h627/58cecfbf0d19/w5825h3043x0y223o/202607/43601.0.2288196507/neue-eissorten-in-einer.webp,2026-07-19T06:17:00Z,,"Veganes Vanilleeis, das so cremig und sahnig ist wie Eiscreme mit Milch, war das Ziel der Lebensmittelforscher. Stephanie Mittermeier erklärt, wie das gelungen ist.",,de,'Eiscreme'
https://www.faz.net/aktuell/rhein-main/klimawandel-verstehen-marburger-forscher-entschluesseln-wichtiges-enzym-accg-201011300.html,https://www.faz.net/aktuell/rhein-main/klimawandel-verstehen-marburger-forscher-entschluesseln-wichtiges-enzym-accg-201011300.html,0,www.faz.net,Wichtig für Klimawandel: Marburger Forscher entschlüsseln riesiges Enzym,"Forscher der Uni Marburg konnten zeigen, wie ein riesiger Enzymkomplex die Energiegewinnung von methanbildenden Mikroorganismen ermöglicht. Die Erkenntnisse können helfen, den Klimawandel besser zu verstehen.",https://media0.faz.net/image/w1200h627/500181b96f69/w4789h2502x0y545o/202607/43601.0.2314945253/professor-jan-schuller-und.webp,2026-07-19T07:00:00Z,,Forscher der Philipps-Universität Marburg haben eines der größten Enzyme der Natur entschlüsselt. Ein Team um Jan Schuller vom Zentrum für Synthetische Mikrobiologie hat den sogenannten Heterodisulfi… [+1787 chars],,de,'Klimawandel'
https://www.nzz.ch/panorama/der-rauch-von-waldbraenden-in-kanada-zieht-ueber-die-usa-hinweg-und-sorgt-fuer-dicke-luft-zwischen-den-beiden-laendern-ld.10016113,https://www.nzz.ch/panorama/der-rauch-von-waldbraenden-in-kanada-zieht-ueber-die-usa-hinweg-und-sorgt-fuer-dicke-luft-zwischen-den-beiden-laendern-ld.10016113,0,www.nzz.ch,Der Rauch von Waldbränden in Kanada zieht über die USA hinweg – und sorgt für dicke Luft zwischen den beiden Ländern,"Selbst der Final der Fussball-WM war wegen schlechter Luftwerte zeitweise in Gefahr. Donald Trump wirft Kanada vor, zu wenig gegen die Brände zu tun, und droht mit Zöllen. Der kanadische Premierminister sagt, dass beide Länder gegen den Klimawandel vorgehen m…","https://img-msp-prod.nzz.ch/2026/07/19/e5fce92f-c71f-4f82-a009-4af0d939b3d8.jpg?width=1200&height=674&fit=bounds&quality=75&auto=webp&crop=7033,3956,x0,y735&wmark=nzz",2026-07-19T15:47:23Z,,"Selbst der Final der Fussball-WM war wegen schlechter Luftwerte zeitweise in Gefahr. Donald Trump wirft Kanada vor, zu wenig gegen die Brände zu tun, und droht mit Zöllen. Der kanadische Premierminis… [+5828 chars]",,de,'Klimawandel'
https://www.zeit.de/news/2026-07/20/hitze-setzt-wildvoegeln-zu-pflegestellen-am-limit,https://www.zeit.de/news/2026-07/20/hitze-setzt-wildvoegeln-zu-pflegestellen-am-limit,0,www.zeit.de,Hitzefolgen: Hitze setzt Wildvögeln zu – Pflegestellen am Limit,Hier finden Sie Informationen zu dem Thema „Hitzefolgen“. Lesen Sie jetzt „Hitze setzt Wildvögeln zu – Pflegestellen am Limit“.,https://img.zeit.de/news/2026-07/20/hitze-setzt-wildvoegeln-zu-pflegestellen-am-limit-image-group/wide__1300x731,2026-07-20T06:37:27Z,,"Für Jenny Leuteneker beginnt der Dienst morgens um 5.30 Uhr - und endet erst gegen Mitternacht. «In diesem Jahr ist es einfach extrem», sagt die 35-Jährige, die sich in der Initiative Wildvögel vom V… [+5471 chars]",,de,'Hitze'
https://www.sueddeutsche.de/reise/waldbrand-europa-urlaub-stornieren-geld-zurueck-li.3516035,https://www.sueddeutsche.de/reise/waldbrand-europa-urlaub-stornieren-geld-zurueck-li.3516035,0,www.sueddeutsche.de,Hitze in Europa: Waldbrände: Kann man den Urlaub stornieren?,"In Südeuropa wüten verheerende Feuer. Was tun, wenn es dorthin in den Urlaub gehen sollte? Die wichtigsten Fragen und Antworten.",https://www.sueddeutsche.de/2026/07/16/e145140a-e136-4eff-873c-3e3f8e815783.jpg?q=60&fm=webp&width=1200&rect=0%2C348%2C2500%2C1406,2026-07-20T07:35:29Z,,"Wo findet man Informationen über die Situation an seinem Urlaubsort?
Der Kartendienst Google Maps erleichtert nicht nur unterwegs die Orientierung, sondern hilft auch hier weiter: Behördlich gemelde… [+5924 chars]",,de,'Hitze'
https://www.zeit.de/news/2026-07/20/erneute-hitze-in-spanien-erster-hitzeschub-in-griechenland,https://www.zeit.de/news/2026-07/20/erneute-hitze-in-spanien-erster-hitzeschub-in-griechenland,0,www.zeit.de,Temperaturen steigen: Erneute Hitze in Spanien - erster Hitzeschub in Griechenland,Hier finden Sie Informationen zu dem Thema „Temperaturen steigen“. Lesen Sie jetzt „Erneute Hitze in Spanien - erster Hitzeschub in Griechenland“.,https://img.zeit.de/news/2026-07/20/erneute-hitze-in-spanien-erster-hitzeschub-in-griechenland-image-group/wide__1300x731,2026-07-20T10:00:49Z,,"Spanien steuert mit Temperaturen bis zu 44 Grad auf die dritte Hitzewelle dieses Sommers zu. Ab Dienstag könne es vor allem im südöstlichen Drittel des Landes, im Nordosten und im Inneren Mallorcas g… [+2434 chars]",,de,'Hitze'
https://www.tagesspiegel.de/gesellschaft/panorama/temperaturen-steigen-erneute-hitze-in-spanien-erster-hitzeschub-in-griechenland-15857547.html,https://www.tagesspiegel.de/gesellschaft/panorama/temperaturen-steigen-erneute-hitze-in-spanien-erster-hitzeschub-in-griechenland-15857547.html,0,www.tagesspiegel.de,Temperaturen steigen: Erneute Hitze in Spanien - erster Hitzeschub in Griechenland,In Teilen Spaniens drohen mehr als 40 Grad und extreme Gesundheitsgefahr. Die Waldbrandgefahr steigt noch weiter an. Auch in Griechenland knallt die Sonne nun gewaltig.,https://www.tagesspiegel.de/images/15857546/alternates/BASE_16_9_W1400/1784541722000/hitze-in-spanien.jpeg,2026-07-20T10:02:02Z,,"Spanien steuert mit Temperaturen bis zu 44 Grad auf die dritte Hitzewelle dieses Sommers zu. Ab Dienstag könne es vor allem im südöstlichen Drittel des Landes, im Nordosten und im Inneren Mallorcas g… [+2488 chars]",,de,'Sonne'
https://www.faz.net/aktuell/wissen/erde-klima/hitzewelle-warum-beschleunigt-sich-der-klimawandel-accg-201025573.html,https://www.faz.net/aktuell/wissen/erde-klima/hitzewelle-warum-beschleunigt-sich-der-klimawandel-accg-201025573.html,0,www.faz.net,Klimawandel: In Teufels Küche,Die Hitze kam dieses Jahr zu früh. Sie brachte Gesellschaften an ihre Grenzen und Fachleute in Erklärungsnot. Warum beschleunigt sich der Klimawandel so rapide?,https://media0.faz.net/image/w1200h627/90b44d025b2e/w6144h3210x0y443o/202605/43601.0.2107241356/jammu-indien-schulkinder.webp,2026-07-20T10:34:24Z,,"Was kann jetzt noch kommen? Es ist Mitte Juli, drei quälende Hitzewellen  hat Europa schon hinter sich. Noch nie seit Menschengedenken hat der Kontinent so früh im Jahr so geglüht. Schon jetzt, deutl… [+10758 chars]",,de,'Klimawandel'
https://www.zeit.de/news/2026-07/20/hitze-und-starkregen-so-gross-wird-die-erdbeerernte-2026,https://www.zeit.de/news/2026-07/20/hitze-und-starkregen-so-gross-wird-die-erdbeerernte-2026,0,www.zeit.de,Obstanbau: Hitze und Starkregen: So groß wird die Erdbeerernte 2026,Hier finden Sie Informationen zu dem Thema „Obstanbau“. Lesen Sie jetzt „Hitze und Starkregen: So groß wird die Erdbeerernte 2026“.,https://img.zeit.de/news/2026-07/20/hitze-und-starkregen-so-gross-wird-die-erdbeerernte-2026-image-group/wide__1300x731,2026-07-20T11:14:02Z,,Trotz Extremwetterlagen können die Erdbeeranbauer in diesem Jahr laut Statistischem Landesamt zufrieden sein: Schätzungsweise rund 24.900 Tonnen Erdbeeren werden in dieser Saison geerntet - zuletzt l… [+1201 chars],,de,'Hitze'
https://www.zeit.de/gesellschaft/2026-07/hitzewelle-deutschland-patientenservice-116117-hitze-gesundheit,https://www.zeit.de/gesellschaft/2026-07/hitzewelle-deutschland-patientenservice-116117-hitze-gesundheit,0,www.zeit.de,Hitzewelle in Deutschland: Deutlich mehr Menschen suchten im Juni Rat wegen Hitze,Die Kassenärztliche Bundesvereinigung hat für Ende Juni einen Höchstwert an Anfragen zu Hitze-Themen gemeldet. In Spanien steht eine dritte Hitzewelle bevor.,https://img.zeit.de/gesellschaft/2026-07/hitzewelle-deutschland-patientenservice-116117-hitze-gesundheit-foto-1/wide__1300x731,2026-07-20T12:53:31Z,,Die Hitzewelle im Juni hat offenbar zu einer Rekordnachfrage zum Thema Hitze beim Patientenservice 116117 der Kassenärztlichen Bundesvereinigung geführt. Wie das Zentralinstitut für die kassenärztlic… [+2527 chars],,de,'Hitze'
https://www.zeit.de/news/2026-07/20/wie-eichhoernchen-unter-der-hitze-leiden,https://www.zeit.de/news/2026-07/20/wie-eichhoernchen-unter-der-hitze-leiden,0,www.zeit.de,Tierschutz: Wie Eichhörnchen unter der Hitze leiden,Hier finden Sie Informationen zu dem Thema „Tierschutz“. Lesen Sie jetzt „Wie Eichhörnchen unter der Hitze leiden“.,https://img.zeit.de/news/2026-07/20/wie-eichhoernchen-unter-der-hitze-leiden-image-group/wide__1300x731,2026-07-20T13:23:05Z,,"Hitze, Trockenheit und einige Unwetter haben die vergangenen Wochen geprägt. Vor allem die warmen Tage ohne Niederschlag haben nicht nur den Menschen, sondern auch den Tieren zugesetzt. Darauf macht … [+1306 chars]",,de,'Hitze'
https://www.basicthinking.de/blog/2026/07/21/solaranlagen-bei-hitze/,https://www.basicthinking.de/blog/2026/07/21/solaranlagen-bei-hitze/,0,www.basicthinking.de,Studie belegt: Solaranlagen fallen bei Extremhitze fast komplett aus,"Der Beitrag Studie belegt: Solaranlagen fallen bei Extremhitze fast komplett aus erschien zuerst beim Online-Magazin BASIC thinking. Über unseren Newsletter UPDATE startest du jeden Morgen bestens informiert in den Tag.
Der Klimawandel gefährdet zunehmend die…",https://www.basicthinking.de/blog/wp-content/uploads/2026/07/photovoltaik-bei-hitze.webp,2026-07-21T03:45:40Z,,"Der Klimawandel gefährdet zunehmend die europäische Stromversorgung, da extreme Sommertemperaturen nachhaltige Infrastruktur belasten. Eine neue wissenschaftliche Untersuchung zeigt, dass Solaranlage… [+3325 chars]",,de,'Klimawandel'
https://www.welt.de/wissenschaft/article6a5dcc3418722ca866151166/klima-scharfer-abfall-forscher-revidieren-ihre-prognose-zum-schrumpfen-des-arktischen-eises.html,https://www.welt.de/wissenschaft/article6a5dcc3418722ca866151166/klima-scharfer-abfall-forscher-revidieren-ihre-prognose-zum-schrumpfen-des-arktischen-eises.html,0,www.welt.de,Das Eis in der Arktis schrumpft wieder schneller – Forscher revidieren ihre Prognose,Das arktische Meereis verändert sich – aber offenbar unterschiedlich schnell. Forscher haben nun eine ihrer Prognosen widerrufen. Was die Entwicklung über den Klimawandel verrät.,https://images.welt.de/6a5dcc3418722ca866151166/8dff052267dbafeb46e34b2f3d89c51a-master/ci16x9-w1200/gettyimages-1165013957-jpg,2026-07-21T05:00:38Z,,Das arktische Meereis verändert sich aber offenbar unterschiedlich schnell. Forscher haben nun eine ihrer Prognosen widerrufen. Was die Entwicklung über den Klimawandel verrät.Das Meereis in der Arkt… [+3080 chars],,de,'Klimawandel'
https://www.morgenpost.de/berlin/article412633256/wetter-in-berlin-und-brandenburg-nur-kurzer-sonnenschein-dann-folgen-schauer.html,https://www.morgenpost.de/berlin/article412633256/wetter-in-berlin-und-brandenburg-nur-kurzer-sonnenschein-dann-folgen-schauer.html,0,www.morgenpost.de,Wetter in Berlin und Brandenburg: Nur kurzer Sonnenschein – dann folgen Schauer,"Der Dienstag bringt Sonne nach Berlin und Brandenburg, doch am Nachmittag drohen Schauer und lokale Gewitter. Wie sich das Wetter entwickelt.",https://img.sparknews.funkemedien.de/412633255/412633255_1784610511_v16_9_1600.jpeg,2026-07-21T05:08:31Z,,"Der Dienstag startet in Berlin und Brandenburg sonnig. Am Nachmittag ziehen vor allem in der Westhälfte Brandenburgs örtlich Schauer auf, teilte der Deutsche Wetterdienst (DWD) mit. Die Temperaturen … [+689 chars]",,de,'Sonne'
https://www.zeit.de/news/2026-07/21/schauer-und-gewitter-bringen-unbestaendiges-wetter-im-norden,https://www.zeit.de/news/2026-07/21/schauer-und-gewitter-bringen-unbestaendiges-wetter-im-norden,0,www.zeit.de,Wetter: Schauer und Gewitter bringen unbeständiges Wetter im Norden,Hier finden Sie Informationen zu dem Thema „Wetter“. Lesen Sie jetzt „Schauer und Gewitter bringen unbeständiges Wetter im Norden“.,https://img.zeit.de/news/2026-07/21/schauer-und-gewitter-bringen-unbestaendiges-wetter-im-norden-image-group/wide__1300x731,2026-07-21T05:55:16Z,,"Nach einem überwiegend sonnigen und trockenen Dienstag wird das Wetter in Hamburg, Schleswig-Holstein und Mecklenburg-Vorpommern zur Wochenmitte deutlich unbeständiger. Schauer und einzelne Gewitter … [+1926 chars]",,de,'Gewitter'
https://www.golem.de/sonstiges/zustimmung/auswahl.html?from=https://www.golem.de/news/klimawandel-risiko-fuer-stromausfaelle-steigt-mit-veraendertem-wetter-stark-an-2607-211074.html&referer=https://t.co/9dfa2f774b,https://www.golem.de/sonstiges/zustimmung/auswahl.html?from=https://www.golem.de/news/klimawandel-risiko-fuer-stromausfaelle-steigt-mit-veraendertem-wetter-stark-an-2607-211074.html&referer=https://t.co/9dfa2f774b,0,www.golem.de,Klimawandel: Risiko für Stromausfälle steigt mit verändertem Wetter stark,"Werden die sich ändernden Klimabedingungen beim Ausbau erneuerbarer Energien nicht mitgedacht, vervielfacht sich die Wahrscheinlichkeit für Blackouts. (Klimakrise, Solarenergie)",,2026-07-21T06:21:02Z,,"Besuchen Sie Golem.de wie gewohnt mit Werbung und Tracking,
 indem Sie der Nutzung aller Cookies zustimmen.
 Details zum Tracking finden Sie im Privacy Center.
Skript wurde nicht geladen. Informat… [+607 chars]",,de,'Klimawandel'
https://www.tagesschau.de/wissen/klima/mikroalgen-klimawandel-100.html,https://www.tagesschau.de/wissen/klima/mikroalgen-klimawandel-100.html,0,www.tagesschau.de,Klimawandel bedroht lebenswichtige Mikroalgen,"Während Seetang am Strand eher stört, ist die Mikroalge für unser Überleben unabdingbar. Forschende haben herausgefunden, dass schon geringe Temperaturveränderungen Mikroalgen aus dem Gleichgewicht bringen können. Von Florian Zinner.",https://images.tagesschau.de/image/3b440861-b2f5-4f8f-bf22-4ab33b4cef41/AAABn3-spsE/AAABnSSvrFg/16x9-big/teichhuhn-algen-100.jpg?width=1280,2026-07-21T07:59:07Z,,"Stand: 21.07.2026 09:59 Uhr
Während Seetang am Strand eher stört, ist die Mikroalge für unser Überleben unabdingbar. Forschende haben herausgefunden, dass schon geringe Temperaturveränderungen Mikro… [+4450 chars]",,de,'Klimawandel'
https://www.tagesspiegel.de/gesellschaft/panorama/unwetter-mindestens-23-tote-nach-unwetter-in-afghanistan-15861071.html,https://www.tagesspiegel.de/gesellschaft/panorama/unwetter-mindestens-23-tote-nach-unwetter-in-afghanistan-15861071.html,0,www.tagesspiegel.de,Unwetter: Mindestens 23 Tote nach Unwetter in Afghanistan,Heftige Regenfälle lösen in der Region Nuristan starke Überschwemmungen aus. Rettungskräfte suchen weiter nach Vermissten. Afghanistan gilt als besonders vom Klimawandel betroffen.,https://www.tagesspiegel.de/images/15861070/alternates/BASE_16_9_W1400/1784626153000/uberschwemmungen-in-afghanistan.jpeg,2026-07-21T09:29:13Z,,"Nach heftigen Regenfällen sind in Afghanistan nach offiziellen Angaben mindestens 23 Menschen ums Leben gekommen. 80 Menschen seien verletzt und weitere 100 Menschen derzeit noch vermisst, meldete de… [+808 chars]",,de,'Klimawandel'
https://www.tagesschau.de/ausland/amerika/weniger-waldbraende-amazonas-100.html,https://www.tagesschau.de/ausland/amerika/weniger-waldbraende-amazonas-100.html,0,www.tagesschau.de,Waldbrände im Amazonas 2025 auf tiefstem Stand seit Jahrzehnten,Es ist ein Hoffnungsschimmer in Zeiten des Klimawandels: Im vergangenen Jahr ist so wenig Amazon-Regenwald abgebrannt wie seit Jahrzehnten nicht. Doch nun wächst die Sorge vor einem Super-El Niño.,https://images.tagesschau.de/image/016c63da-0d41-4c1f-a1f1-786df217771f/AAABn4P3BfA/AAABnSSvrFg/16x9-big/amazonas-150.jpg?width=1280,2026-07-21T10:39:09Z,,"Stand: 21.07.2026 12:39 Uhr
Es ist ein Hoffnungsschimmer in Zeiten des Klimawandels: Im vergangenen Jahr ist so wenig Amazon-Regenwald abgebrannt wie seit Jahrzehnten nicht. Doch nun wächst die Sorg… [+1153 chars]",,de,'Klimawandel'
https://www.spektrum.de/news/extreme-hitzewellen-herrscht-in-europa-ein-neues-klima/2331324,https://www.spektrum.de/news/extreme-hitzewellen-herrscht-in-europa-ein-neues-klima/2331324,0,www.spektrum.de,Frühe und häufige Hitzewellen: Herrscht in Europa ein neues Klima?,Extreme Hitzewellen hatten Europa dieses Jahr schon früh im Griff. Nach Ansicht einiger Forscher ist das der Beginn einer neuen klimatischen Realität für den gemäßigten Kontinent.,https://static.spektrum.de/fm/912/f1920x1080/606627806_pa.jpg,2026-07-21T14:09:17Z,,"Das hat gravierende Folgen. In Frankreich, wo Ende Juni in der Gemeinde Pissos mit 44,3 Grad Celsius der heißeste Tag aller Zeiten verzeichnet wurde, starben mindestens 54 Menschen an den Folgen der … [+5201 chars]",,de,'Hitze'
https://orf.at/stories/3436810/,https://orf.at/stories/3436810/,0,orf.at,Warnungen vor Hitze und Unwettern,"In Österreich ist diese Woche keine große Hitze zu erwarten. Anders sieht es in weiten Teilen Europas aus. Spanien erlebt seit Dienstag schon die dritte Hitzewelle dieses Sommers, Griechenland die erste. In den Balkan-Staaten und der Adria warnen Wetterdienst…",https://ibs.orf.at/news?image=https%3A%2F%2Fassets.orf.at%2Fmims%2F2026%2F30%2F94%2Fcrops%2Fw%3D1200%2Ch%3D630%2Cq%3D75%2F3121645_master_1209494_klima_hitze_suedeuropa_afp.jpg%3Fs%3De5538705d9ab84d6326cbf960784730d48da026e,2026-07-21T15:01:20Z,,Die Hitzewelle in Spanien wird nach Angaben des staatlichen Wetterdienstes AEMET bis Donnerstag dauern und fast das gesamte Festland sowie die Balearen treffen. Im Osten und Süden können die Temperat… [+4504 chars],,de,'Hitze'
https://www.zeit.de/news/2026-07/21/anonymer-goenner-spendiert-kindern-in-freibad-eintritt,https://www.zeit.de/news/2026-07/21/anonymer-goenner-spendiert-kindern-in-freibad-eintritt,0,www.zeit.de,Freibad-Eintritt: Anonymer Gönner spendiert Kindern in Freibad-Eintritt,Hier finden Sie Informationen zu dem Thema „Freibad-Eintritt“. Lesen Sie jetzt „Anonymer Gönner spendiert Kindern in Freibad-Eintritt“.,https://img.zeit.de/news/2026-07/21/anonymer-goenner-spendiert-kindern-in-freibad-eintritt-image-group/wide__1300x731,2026-07-21T15:01:33Z,,Schöne Überraschung für junge Freibadbesucher in Dresden: Ein anonymer Gönner spendiert Kindern und Jugendlichen während der Sommerferien den Eintritt in das Freibad Wostra. Die Regelung gelte für ju… [+874 chars],,de,'Freibad'
https://www.zeit.de/news/2026-07/21/naturschuetzer-retten-feuersalamander-vor-dem-hitze-tod,https://www.zeit.de/news/2026-07/21/naturschuetzer-retten-feuersalamander-vor-dem-hitze-tod,0,www.zeit.de,Artenschutz: Naturschützer retten Feuersalamander vor dem Hitze-Tod,Hier finden Sie Informationen zu dem Thema „Artenschutz“. Lesen Sie jetzt „Naturschützer retten Feuersalamander vor dem Hitze-Tod“.,https://img.zeit.de/news/2026-07/21/naturschuetzer-retten-feuersalamander-vor-dem-hitze-tod-image-group/wide__1300x731,2026-07-21T15:21:07Z,,Mit einem beherzten Eingreifen haben Tierfreunde im Landkreis Mittelsachsen eine neue Generation von Feuersalamandern vor dem Hitzetod bewahrt. Wie der Bund für Umwelt und Naturschutz (BUND) mitteilt… [+2382 chars],,de,'Hitze'
https://www.focus.de/reisen/fuer-ein-bisschen-schatten-darf-man-keine-ueberhoehten-preise-verlangen-guerrino-87-vermietet-strandliegen-fuer-4-euro_eeffc937-3ce1-4806-9a62-0359e89b85ab.html,https://www.focus.de/reisen/fuer-ein-bisschen-schatten-darf-man-keine-ueberhoehten-preise-verlangen-guerrino-87-vermietet-strandliegen-fuer-4-euro_eeffc937-3ce1-4806-9a62-0359e89b85ab.html,0,www.focus.de,„Für ein bisschen Schatten darf man keine überhöhten Preise verlangen”: Guerrino (87) vermietet Strandliegen für 4 Euro,"An einem Strand in Italien kostet die Liege nur vier Euro. Der Betreiber erklärt, warum er trotz steigender Preise im Land an seinem Konzept festhält.","https://quadro.burda-forward.de/ctf/c78080ab-79ef-4850-8420-92814536448f.b1404078-0ad1-4156-ad06-a88184f416a1.png?im=RegionOfInterestCrop=(1200,630),regionOfInterest=(569,379)&hash=d2267546d70043b9e12a91f17ba725d092026641883a2ce726ffa6d9306c9622",2026-07-21T16:14:00Z,,Am Strandbad Bagno 16 im italienischen Badeort Riccione an der Adriaküste sorgt ein ungewöhnliches Preismodell für Aufmerksamkeit. Betreiber Guerrino Ricci vermietet eine Liege für vier Euro und stel… [+2760 chars],,de,'Schatten'
https://www.pcgames.de/World-of-Warcraft-Spiel-42971/Specials/Xalatath-wahrer-Plan-fuer-Azeroth-1548918/,https://www.pcgames.de/World-of-Warcraft-Spiel-42971/Specials/Xalatath-wahrer-Plan-fuer-Azeroth-1548918/,0,www.pcgames.de,WoW: Will Xal'atath selbst zu Azeroth werden? Das ist ihr wahrer Plan,"Xal'atath ist nach der Schlacht um den Sonnenbrunnen noch lange nicht am Ende. Neue Hinweise aus WoW Patch 12.1 deuten darauf hin, dass ihr eigentlicher Plan viel größer und gefährlicher ist als bisher gedacht.",https://www.pcgames.de/screenshots/original/2024/06/wow_tww_leere_xalatath-buffed_artwork14.jpg,2026-07-21T17:00:00Z,,In World of Warcraft kehrt bekanntlich nie lange Ruhe ein! WoW: Midnight legte direkt mit einem gewaltigen Knall los: Xal'atath und ihre Verschlingende Schar überrannten Silbermond und große Teile vo… [+13171 chars],,de,'Schatten'
https://www.ibiza-heute.de/ibiza-und-der-junge-mit-der-luftmatratze-nur-ab-ins-meer/,https://www.ibiza-heute.de/ibiza-und-der-junge-mit-der-luftmatratze-nur-ab-ins-meer/,0,www.ibiza-heute.de,Ibiza und der Junge mit der Luftmatratze: nur ab ins Meer…,"Liebe Leser, Sie haben es in unserer Wettermeldung gelesen: Bis 36 Grad im Schatten wird es heute werden. Das ist heftig. Da bleiben nur Schatten und Klimaanlage oder Meer und Seewind. Der kleine Junge hat sich für das Meer entschieden und zieht mit seiner gr…",https://www.ibiza-heute.de/wp-content/uploads/2026/07/Cala-Bassa-2.jpg,2026-07-22T03:51:59Z,,"Große Schau im MuseumDas Museum für Zeitgenössische Kunst (MACE) eröffnet am Samstag, 20. Juni, von 19 bis 21 Uhr eine große Ausstellung mit Werken Stefan Brüggemanns (Mexiko, 1973). Er lebt in Londo… [+460 chars]",,de,'Schatten'
https://www.zeit.de/news/2026-07/22/wann-in-berlin-und-brandenburg-wieder-die-sonne-scheint,https://www.zeit.de/news/2026-07/22/wann-in-berlin-und-brandenburg-wieder-die-sonne-scheint,0,www.zeit.de,Wetterumschwung: Wann in Berlin und Brandenburg wieder die Sonne scheint,Hier finden Sie Informationen zu dem Thema „Wetterumschwung“. Lesen Sie jetzt „Wann in Berlin und Brandenburg wieder die Sonne scheint“.,https://img.zeit.de/news/2026-07/22/wann-in-berlin-und-brandenburg-wieder-die-sonne-scheint-image-group/wide__1300x731,2026-07-22T04:15:29Z,,"Nasse Tage stehen in Berlin und Brandenburg an. Der Deutsche Wetterdienst (DWD) rechnet bis zum Start in das Wochenende mit starker Bewölkung, Regen und vereinzelten Gewittern. Am Freitag lockt dann … [+984 chars]",,de,'Gewitter'
https://www.tagesspiegel.de/berlin/wetterumschwung-wann-in-berlin-und-brandenburg-wieder-die-sonne-scheint-15864260.html,https://www.tagesspiegel.de/berlin/wetterumschwung-wann-in-berlin-und-brandenburg-wieder-die-sonne-scheint-15864260.html,0,www.tagesspiegel.de,Wetterumschwung: Wann in Berlin und Brandenburg wieder die Sonne scheint,"Regenwetter steht vor der Tür: Der DWD sagt dichte Wolken, Schauer und Gewitter voraus. Doch ein Wetterumschwung steht kurz bevor.",https://www.tagesspiegel.de/images/15864259/alternates/BASE_16_9_W1400/1784693789000/wetter-in-berlin-und-brandenburg.jpeg,2026-07-22T04:16:29Z,,"Nasse Tage stehen in Berlin und Brandenburg an. Der Deutsche Wetterdienst (DWD) rechnet bis zum Start in das Wochenende mit starker Bewölkung, Regen und vereinzelten Gewittern. Am Freitag lockt dann … [+1038 chars]",,de,'Gewitter'
https://www.tagesspiegel.de/berlin/wolken-regen-gewitter-wann-in-berlin-und-brandenburg-wieder-die-sonne-scheint-15864260.html,https://www.tagesspiegel.de/berlin/wolken-regen-gewitter-wann-in-berlin-und-brandenburg-wieder-die-sonne-scheint-15864260.html,0,www.tagesspiegel.de,"Wolken, Regen, Gewitter: Wann in Berlin und Brandenburg wieder die Sonne scheint","Regenwetter steht vor der Tür: Der DWD sagt dichte Wolken, Schauer und Gewitter voraus. Doch ein Wetterumschwung steht kurz bevor.",https://www.tagesspiegel.de/images/15864259/alternates/BASE_16_9_W1400/1784693789000/wetter-in-berlin-und-brandenburg.jpeg,2026-07-22T04:16:29Z,,"Nasse Tage stehen in Berlin und Brandenburg an. Der Deutsche Wetterdienst (DWD) rechnet bis zum Start in das Wochenende mit starker Bewölkung, Regen und vereinzelten Gewittern. Am Freitag lockt dann … [+1299 chars]",,de,'Gewitter'
https://www.focus.de/reisen/fuer-schatten-darf-man-keine-ueberhoehten-preise-verlangen-guerrino-vermietet-strandliegen-fuer-4-euro_eeffc937-3ce1-4806-9a62-0359e89b85ab.html,https://www.focus.de/reisen/fuer-schatten-darf-man-keine-ueberhoehten-preise-verlangen-guerrino-vermietet-strandliegen-fuer-4-euro_eeffc937-3ce1-4806-9a62-0359e89b85ab.html,0,www.focus.de,„Für Schatten darf man keine überhöhten Preise verlangen”: Guerrino vermietet Strandliegen für 4 Euro,"An einem Strand in Italien kostet die Liege nur vier Euro. Der Betreiber erklärt, warum er trotz steigender Preise im Land an seinem Konzept festhält.","https://quadro.burda-forward.de/ctf/c78080ab-79ef-4850-8420-92814536448f.b1404078-0ad1-4156-ad06-a88184f416a1.png?im=RegionOfInterestCrop=(1200,630),regionOfInterest=(569,379)&hash=d2267546d70043b9e12a91f17ba725d092026641883a2ce726ffa6d9306c9622",2026-07-22T04:17:00Z,,Am Strandbad Bagno 16 im italienischen Badeort Riccione an der Adriaküste sorgt ein ungewöhnliches Preismodell für Aufmerksamkeit. Betreiber Guerrino Ricci vermietet eine Liege für vier Euro und stel… [+2760 chars],,de,'Schatten'
https://www.zeit.de/news/2026-07/22/waldbraende-auf-sizilien-weiten-sich-aus,https://www.zeit.de/news/2026-07/22/waldbraende-auf-sizilien-weiten-sich-aus,0,www.zeit.de,Hitze: Waldbrände auf Sizilien weiten sich aus,Hier finden Sie Informationen zu dem Thema „Hitze“. Lesen Sie jetzt „Waldbrände auf Sizilien weiten sich aus“.,https://img.zeit.de/news/2026-07/22/waldbraende-auf-sizilien-weiten-sich-aus-image-group/wide__1300x731,2026-07-22T08:04:56Z,,"Auf Sizilien breiten sich immer mehr Waldbrände aus. Die Feuer werden nach Angaben der Rettungsdienste durch den heißen Wüstenwind Scirocco angefacht, der aus dem nahegelegenen Afrika übers Mittelmee… [+1022 chars]",,de,'Hitze'
https://www.netzpiloten.de/verstoesst-die-schufa-schatten-datenbank-gegen-europaeische-datenschutzregeln/,https://www.netzpiloten.de/verstoesst-die-schufa-schatten-datenbank-gegen-europaeische-datenschutzregeln/,0,www.netzpiloten.de,Verstößt die Schufa Schatten-Datenbank gegen europäische Datenschutzregeln?,"Gesetze wie die Datenschutzgrundverordnung (DSGVO) sollen eigentlich für strenge Regeln sorgen, wie persönliche Daten gesammelt und weitergegeben werden. Die Schutzgemeinschaft für allgemeine Kreditsicherung (Schufa) nimmt in dieser Hinsicht jedoch eine Sonde…",https://www.netzpiloten.de/wp-content/uploads/2026/07/schatten-datenbank-der-schufa-1200x1200-1.webp,2026-07-22T08:25:45Z,,"Gesetze wie die Datenschutzgrundverordnung (DSGVO)sollen eigentlich für strenge Regeln sorgen, wie persönliche Daten gesammelt und weitergegeben werden. Die Schutzgemeinschaft für allgemeine Kreditsi… [+12363 chars]",,de,'Schatten'
https://www.tagesspiegel.de/wissen/durre-in-europa-warum-hitze-gefahrlicher-ist-als-fehlender-regen-15862919.html,https://www.tagesspiegel.de/wissen/durre-in-europa-warum-hitze-gefahrlicher-ist-als-fehlender-regen-15862919.html,0,www.tagesspiegel.de,Rekordtief bei Rhein und Donau: Warum Hitze gefährlicher ist als fehlender Regen,Weite Teile Europas leiden unter Niederschlagsmangel. Die Wahrscheinlichkeit von Dürre ist stark gestiegen. Eine neue Studie benennt die eigentlichen Ursachen – und die Wettermodelle deuten bereits die nächste Wende an.,https://www.tagesspiegel.de/images/15863540/alternates/BASE_16_9_W1400/1784713913000/niedrigwasser-rhein.jpeg,2026-07-22T13:49:28Z,,"Endlich Regen! Heute Morgen wurde es in Berlin nass. Schon das vierte Mal Regen seit einer Woche. Reicht das, um die Trockenheit zu beenden? Auf keinen Fall: Weniger als 0,05 Liter pro Quadratmeter k… [+9385 chars]",,de,'Hitze'
https://www.dw.com/de/bayreuther-festspiele-glanz-und-schatten-im-jubil%C3%A4umsjahr/a-78065816,https://www.dw.com/de/bayreuther-festspiele-glanz-und-schatten-im-jubil%C3%A4umsjahr/a-78065816,0,www.dw.com,Bayreuther Festspiele: Glanz und Schatten im Jubiläumsjahr,"Das Jubiläum wird überschattet von dem Eklat um den jüdischen Redner Michel Friedman. Doch 150 Jahre Bayreuther Festspiele sind auch ein Grund zum Feiern. Mit einem neuen Ring und der Oper ""Rienzi"". Am letzten Juli-Wochenende ist es soweit: Die Bayreuther Fes…",https://static.dw.com/image/69783710_6.jpg,2026-07-22T14:38:00Z,,"Am letzten Juli-Wochenende ist es soweit: Die Bayreuther Festspiele
gehen an den Start und feiern ihr 150. Jubiläum. Wie jedes Jahr ist das Ereignis ein Magnet für internationale Opernfans und hohe … [+6500 chars]",,de,'Schatten'
https://www.freitag.de/autoren/nick-reimer/klimaanlagen-in-deutschland-nur-sechs-prozent-haben-eine-warum-ist-das-so,https://www.freitag.de/autoren/nick-reimer/klimaanlagen-in-deutschland-nur-sechs-prozent-haben-eine-warum-ist-das-so,0,www.freitag.de,Nur sechs Prozent der Deutschen haben eine Klimaanlage. Was sind die wahren Gründe dafür?,"In den USA klimatisieren neun von zehn Haushalten ihre Wohnung, hierzulande bleibt das trotz Hitzerekorden von 41,7 Grad die Ausnahme. Was steckt hinter der deutschen Eigenart? Und ist sie am Ende klüger, als sie auf den ersten Blick wirkt? Es gibt heute tats…",https://www.freitag.de/autoren/nick-reimer/klimaanlagen-in-deutschland-nur-sechs-prozent-haben-eine-warum-ist-das-so/@@images/social_image,2026-07-22T14:50:00Z,,"Es gibt heute tatsächlich noch Leute, die sich ein Dachgeschoss kaufen, um darin ihr Leben zu verbringen. Die armen Zeitgenossen: Wenn sie in 20 Jahren den Kredit abgezahlt haben, wird ihre Immobilie… [+6532 chars]",,de,'Hitzerekord'
https://www.tagesschau.de/ausland/europa/spanien-waldbrandsaison-100.html,https://www.tagesschau.de/ausland/europa/spanien-waldbrandsaison-100.html,0,www.tagesschau.de,Waldbrände in Südeuropa: Der komplexe Kampf gegen das Feuer,"Wochenlange Hitze und Trockenheit sorgen in Spanien und Portugal weiter für Waldbrände. Einige erreichen Ausmaße, die selbst erfahrene Feuerwehrleute an ihre Grenzen bringen. Wissenschaftler sehen dafür mehrere Gründe. Von Anna Mundt.",https://images.tagesschau.de/image/93619ccf-f22e-4880-951d-4b155722f831/AAABn4sngZU/AAABnSSvrFg/16x9-big/feuerwehrleute-spanien-100.jpg?width=1280,2026-07-22T18:47:30Z,,"Stand: 22.07.2026 20:47 Uhr
Wochenlange Hitze und Trockenheit sorgen in Spanien und Portugal weiter für Waldbrände. Einige erreichen Ausmaße, die selbst erfahrene Feuerwehrleute an ihre Grenzen brin… [+4377 chars]",,de,'Hitze'
https://www.bild.de/news/wetter/wetter-achterbahn-in-deutschland-erst-baut-sich-die-waerme-auf-dann-kracht-es-6a6077798f5bba832e162d28,https://www.bild.de/news/wetter/wetter-achterbahn-in-deutschland-erst-baut-sich-die-waerme-auf-dann-kracht-es-6a6077798f5bba832e162d28,0,www.bild.de,"Wetter-Achterbahn in Deutschland - Erst baut sich die Wärme auf, dann kracht es",Der Sommer dreht wieder auf – doch nur für kurze Zeit. Schauer und Gewitter kündigen sich an.,"https://images.bild.de/6a6077798f5bba832e162d28/2dc621877105dc609abfb45178756ce9,95367e09?w=1280",2026-07-23T03:54:20Z,,TTS-Player überspringenArtikel weiterlesenGrau und kühl. So könnte man das Wetter am Donnerstag kurz beschreiben. Vielerorts wird es ungemütlich. Doch keine Sorge: Bereits am Freitag dreht der Sommer… [+2397 chars],,de,'Gewitter'
https://www.zeit.de/news/2026-07/23/wann-und-wo-das-gewitterrisiko-im-suedwesten-wieder-steigt,https://www.zeit.de/news/2026-07/23/wann-und-wo-das-gewitterrisiko-im-suedwesten-wieder-steigt,0,www.zeit.de,Wetterbericht: Wann und wo das Gewitterrisiko im Südwesten wieder steigt,Hier finden Sie Informationen zu dem Thema „Wetterbericht“. Lesen Sie jetzt „Wann und wo das Gewitterrisiko im Südwesten wieder steigt“.,https://img.zeit.de/news/2026-07/23/wann-und-wo-das-gewitterrisiko-im-suedwesten-wieder-steigt-image-group/wide__1300x731,2026-07-23T03:57:20Z,,Nach weiterhin sommerlichen Tagen in Baden-Württemberg droht zum Wochenende hin wieder Ungemach am Himmel: Ab Samstagnachmittag sieht der Deutsche Wetterdienst (DWD) im Süden ein geringes Gewitterris… [+1649 chars],,de,'Gewitter'
https://www.zeit.de/news/2026-07/23/norddeutschland-sommer-bleibt-launisch-mit-sonne-und-regen,https://www.zeit.de/news/2026-07/23/norddeutschland-sommer-bleibt-launisch-mit-sonne-und-regen,0,www.zeit.de,Wetter: Norddeutschland: Sommer bleibt launisch mit Sonne und Regen,Hier finden Sie Informationen zu dem Thema „Wetter“. Lesen Sie jetzt „Norddeutschland: Sommer bleibt launisch mit Sonne und Regen“.,https://img.zeit.de/news/2026-07/23/norddeutschland-sommer-bleibt-launisch-mit-sonne-und-regen-image-group/wide__1300x731,2026-07-23T04:32:41Z,,Die nächsten Tage zeigen sich im Norden wechselhaft. In Hamburg und Schleswig-Holstein bleibt es am Donnerstag meist sonnig und trocken. Es kann sich jedoch zeitweise bewölken und einzelne Schauer si… [+1350 chars],,de,'Gewitter'
https://www.morgenpost.de/berlin/article412651845/sommer-kommt-zurueck-bis-zu-27-grad-am-wochenende-in-berlin.html,https://www.morgenpost.de/berlin/article412651845/sommer-kommt-zurueck-bis-zu-27-grad-am-wochenende-in-berlin.html,0,www.morgenpost.de,Sommer kommt zurück: Bis zu 27 Grad am Wochenende in Berlin,Noch startet der Donnerstag mit Schauern und Gewittern. Wann es in Berlin und Brandenburg endlich wieder sommerlich wird.,https://img.sparknews.funkemedien.de/412651838/412651838_1784781874_v16_9_1600.jpeg,2026-07-23T04:44:35Z,,Auch am Donnerstag müssen sich die Menschen in Berlin und Brandenburg zunächst auf Schauer und einzelne Gewitter einstellen. Erst am Nachmittag zeigt sich laut Deutschem Wetterdienst häufiger die Son… [+676 chars],,de,'Gewitter'
https://www.zeit.de/news/2026-07/23/wolken-und-zuweilen-regen-am-samstag-auch-gewitter-moeglich,https://www.zeit.de/news/2026-07/23/wolken-und-zuweilen-regen-am-samstag-auch-gewitter-moeglich,0,www.zeit.de,Wettervorhersage: Wolken und zuweilen Regen - am Samstag auch Gewitter möglich,Hier finden Sie Informationen zu dem Thema „Wettervorhersage“. Lesen Sie jetzt „Wolken und zuweilen Regen - am Samstag auch Gewitter möglich“.,https://img.zeit.de/news/2026-07/23/wolken-und-zuweilen-regen-am-samstag-auch-gewitter-moeglich-image-group/wide__1300x731,2026-07-23T05:48:53Z,,"In Nordrhein-Westfalen müssen sich die Menschen in den kommenden Tagen auf wechselhaftes Wetter einstellen. Am Donnerstag sei es zunächst meistens stark bewölkt, vereinzelt falle auch Regen, teilte d… [+743 chars]",,de,'Gewitter'
https://www.n-tv.de/wissen/Duerre-in-Europa-trocknet-Boeden-immer-weiter-aus-id31115640.html,https://www.n-tv.de/wissen/Duerre-in-Europa-trocknet-Boeden-immer-weiter-aus-id31115640.html,0,www.n-tv.de,Hitze und zu wenig Regen: Dürre in Europa trocknet Böden immer weiter aus,Durch die Erderwärmung trocknen in Europa auch die Böden immer weiter aus. Das führt besonders in der Landwirtschaft zu erheblichen Problemen und Missernten. Die Folgen könnten vor allem Haushalte mit geringem Einkommen stark belasten.,https://www.n-tv.de/img/31115646/1784794535/Img_16_9/1200/Getreideernte-nach-den-Hitzewochen-NUR-FUeR-REDAKTIONELLE-ZWECKE-EDITORIAL-USE-ONLY-Ein-Getreidefeld-am-17-07-2026-in-Essen-Reportage-So-laeuft-die-Getreideernte-nach-den-Hitzewochen.jpg,2026-07-23T07:45:36Z,,"Vor allem in der Landwirtschaft führt die Austrocknung der Böden zu großen Problemen. (Foto: IMAGO/Funke Foto Services)
Durch die Erderwärmung trocknen in Europa auch die Böden immer weiter aus. Das… [+3077 chars]",,de,'Hitze'
https://www.sueddeutsche.de/leben/braeune-sonne-urlaub-li.3511211,https://www.sueddeutsche.de/leben/braeune-sonne-urlaub-li.3511211,0,www.sueddeutsche.de,Serie: Wie hast du dich verändert: Ausgebrutzelt,"Wer vom Trip ans Mittelmeer nicht kastanienfarben zurückkehrte, galt jahrzehntelang als Leistungsverweigerer. Inzwischen haben wir mit der Sonne Schluss gemacht. Wie hast du dich verändert, Urlaubsbräune?",https://www.sueddeutsche.de/2026/07/21/d1feed29-52c0-4d0b-9b77-66319c120a0d.jpg?q=60&fm=webp&width=1200&rect=0%2C146%2C2800%2C1575,2026-07-23T08:11:34Z,,"Die gebräunte Haut, ein jahrzehntelang gültiges Statussymbol: Wer aus den Sommerferien käseweiß zurückkam, war zu bemitleiden. Entweder hatte es am Urlaubsort geregnet, oder der arme Tropf war daheim… [+6251 chars]",,de,'Sonne'
https://www.diepresse.com/39116511/wetter-sonne-bis-sonntag-danach-unbestaendig,https://www.diepresse.com/39116511/wetter-sonne-bis-sonntag-danach-unbestaendig,0,www.diepresse.com,"Wetter: Sonne bis Sonntag, danach unbeständig",Die Tageshöchsttemperaturen erreichen von Samstag bis Dienstag durchwegs die 30-Grad-Marke.,https://img.diepresse.com/public/incoming/j4zbhj-3725e13jpg/alternates/WEBP_WIDE_1200/3725e13.jpg,2026-07-23T09:19:55Z,,"Die Presse auf Google als bevorzugte Nachrichtenquelle hinzufügen.
 Das Wetter in Österreich bleibt sommerlich und bringt zumindest regional ein bisschen Regen. Bis zum Wochenende ist es laut Geosph… [+3068 chars]",,de,'Sonne'
https://www.tagesschau.de/inland/gesellschaft/reise-verkehr-sommerferien-deutschland-100.html,https://www.tagesschau.de/inland/gesellschaft/reise-verkehr-sommerferien-deutschland-100.html,0,www.tagesschau.de,Reiseverkehr: ADAC warnt vor erhöhter Staugefahr am Wochenende,"In fast allen Bundesländern sind Sommerferien - und mit ihnen der Reiseverkehr auf den deutschen Straßen. Der ADAC warnt für das bevorstehende Wochenende vor Stau, auch durch Baustellen und Streckensperrungen.",https://images.tagesschau.de/image/130430c0-24a6-4f92-87f7-6550cbd6fc06/AAABn4iuzIg/AAABnSSvrFg/16x9-big/autos-stau-106.jpg?width=1280,2026-07-23T10:44:40Z,,"Stand: 23.07.2026 12:44 Uhr
In fast allen Bundesländern sind Sommerferien - und mit ihnen der Reiseverkehr auf den deutschen Straßen. Der ADAC warnt für das bevorstehende Wochenende vor Stau, auch d… [+3063 chars]",,de,'Sommerferien'
https://www.tagesschau.de/wirtschaft/verbraucher/reise-verkehr-sommerferien-deutschland-100.html,https://www.tagesschau.de/wirtschaft/verbraucher/reise-verkehr-sommerferien-deutschland-100.html,0,www.tagesschau.de,Reiseverkehr: ADAC warnt vor erhöhter Staugefahr am Wochenende,"In fast allen Bundesländern sind Sommerferien - und das bedeutet auch massiven Reiseverkehr auf den deutschen Straßen. Der ADAC warnt für das bevorstehende Wochenende vor Stau, auch durch Baustellen und Streckensperrungen.",https://images.tagesschau.de/image/130430c0-24a6-4f92-87f7-6550cbd6fc06/AAABn4iuzIg/AAABnSSvrFg/16x9-big/autos-stau-106.jpg?width=1280,2026-07-23T10:44:40Z,,"Stand: 23.07.2026 12:44 Uhr
In fast allen Bundesländern sind Sommerferien - und das bedeutet auch massiven Reiseverkehr auf den deutschen Straßen. Der ADAC warnt für das bevorstehende Wochenende vor… [+3076 chars]",,de,'Sommerferien'
https://www.zeit.de/news/2026-07/23/schwerer-unfall-im-freibad-mann-springt-auf-maedchen,https://www.zeit.de/news/2026-07/23/schwerer-unfall-im-freibad-mann-springt-auf-maedchen,0,www.zeit.de,Unfall: Schwerer Unfall im Freibad: Mann springt auf Mädchen,Hier finden Sie Informationen zu dem Thema „Unfall“. Lesen Sie jetzt „Schwerer Unfall im Freibad: Mann springt auf Mädchen“.,https://img.zeit.de/news/2026-07/23/schwerer-unfall-im-freibad-mann-springt-auf-maedchen-image-group/wide__1300x731,2026-07-23T14:44:53Z,,"In einem Freibad in Rengsdorf bei Koblenz ist ein neunjähriges Mädchen schwer verletzt worden. Der Vorfall ereignete sich bereits Mitte Juli, als ein Mann unmittelbar nach dem Mädchen vom Fünf-Meter-… [+322 chars]",,de,'Freibad'
https://www.zeit.de/news/2026-07/24/sonne-und-gewitter-so-unbestaendig-wird-das-wochenende,https://www.zeit.de/news/2026-07/24/sonne-und-gewitter-so-unbestaendig-wird-das-wochenende,0,www.zeit.de,Wetter: Sonne und Gewitter - so unbeständig wird das Wochenende,Hier finden Sie Informationen zu dem Thema „Wetter“. Lesen Sie jetzt „Sonne und Gewitter - so unbeständig wird das Wochenende“.,https://img.zeit.de/news/2026-07/24/sonne-und-gewitter-so-unbestaendig-wird-das-wochenende-image-group/wide__1300x731,2026-07-24T04:02:44Z,,Baden-Württemberg kann sich zunächst auf viel Sonne und sommerliche Temperaturen freuen. Ab Samstag wird das Wetter nach der Vorhersage des Deutschen Wetterdienstes (DWD) aber wieder unbeständiger - … [+1424 chars],,de,'Sonne'
https://www.tagesspiegel.de/berlin/wetter-in-berlin-am-wochenende-wolkig-und-regnerisch-bei-temperaturen-bis-29-grad-15874133.html,https://www.tagesspiegel.de/berlin/wetter-in-berlin-am-wochenende-wolkig-und-regnerisch-bei-temperaturen-bis-29-grad-15874133.html,0,www.tagesspiegel.de,Wetter in Berlin am Wochenende: Wolkig und regnerisch bei Temperaturen bis 29 Grad,Trotz warmer Höchstwerte bleibt es am Wochenende nicht überall trocken in Berlin und Brandenburg. Wann es nach Angaben des Deutschen Wetterdienstes nass werden kann und wann Gewitter drohen.,https://www.tagesspiegel.de/images/15874132/alternates/BASE_16_9_W1400/1784866226000/wolkige-tage-in-berlin-und-brandenburg.jpeg,2026-07-24T04:10:26Z,,"Wolkige und mäßig warme Tage stehen in Berlin und Brandenburg bevor, der Sonntag kann ungemütlich werden. Am Freitag rechnet der Deutsche Wetterdienst (DWD) mit einem Wechsel aus Sonne und Wolken bei… [+924 chars]",,de,'Gewitter'
https://www.zeit.de/news/2026-07/24/mix-aus-sonne-und-gewitter-am-wochenende-in-hessen,https://www.zeit.de/news/2026-07/24/mix-aus-sonne-und-gewitter-am-wochenende-in-hessen,0,www.zeit.de,Aussichten zum Wochenende: Mix aus Sonne und Gewitter am Wochenende in Hessen,Hier finden Sie Informationen zu dem Thema „Aussichten zum Wochenende“. Lesen Sie jetzt „Mix aus Sonne und Gewitter am Wochenende in Hessen“.,https://img.zeit.de/news/2026-07/24/mix-aus-sonne-und-gewitter-am-wochenende-in-hessen-image-group/wide__1300x731,2026-07-24T04:50:02Z,,In Hessen können sich die Menschen zunächst auf sonniges Wetter freuen. Ab Sonntag wird es nach der Vorhersage des Deutschen Wetterdienstes (DWD) aber wieder unbeständiger. Dann sind auch Regen und G… [+1028 chars],,de,'Gewitter'
https://www.zeit.de/news/2026-07/24/bis-zu-33-grad-am-samstag-ab-sonntag-drohen-gewitter,https://www.zeit.de/news/2026-07/24/bis-zu-33-grad-am-samstag-ab-sonntag-drohen-gewitter,0,www.zeit.de,Aussichten zum Wochenende: Bis zu 33 Grad am Samstag – ab Sonntag drohen Gewitter,Hier finden Sie Informationen zu dem Thema „Aussichten zum Wochenende“. Lesen Sie jetzt „Bis zu 33 Grad am Samstag – ab Sonntag drohen Gewitter“.,https://img.zeit.de/news/2026-07/24/bis-zu-33-grad-am-samstag-ab-sonntag-drohen-gewitter-image-group/wide__1300x731,2026-07-24T05:07:32Z,,Die Menschen in Rheinland-Pfalz und im Saarland erwartet zunächst ruhiges Sommerwetter. Ab Sonntag wird es nach der Vorhersage des Deutschen Wetterdienstes (DWD) aber wieder unbeständiger. Dann sind … [+1042 chars],,de,'Gewitter'
https://www.zeit.de/news/2026-07/24/am-wochenende-erst-sonne-pur-dann-drohen-gewitter,https://www.zeit.de/news/2026-07/24/am-wochenende-erst-sonne-pur-dann-drohen-gewitter,0,www.zeit.de,"Wetterbericht: Am Wochenende erst Sonne pur, dann drohen Gewitter","Hier finden Sie Informationen zu dem Thema „Wetterbericht“. Lesen Sie jetzt „Am Wochenende erst Sonne pur, dann drohen Gewitter“.",https://img.zeit.de/news/2026-07/24/am-wochenende-erst-sonne-pur-dann-drohen-gewitter-image-group/wide__1300x731,2026-07-24T06:33:40Z,,"Am Wochenende kehrt in Nordrhein-Westfalen zunächst sommerliches Wetter zurück. Der heutige Tag startet zwar stark bewölkt, im Tagesverlauf lockert die Bewölkung aber auf und die Sonne zeigt sich, wi… [+791 chars]",,de,'Sonne'
https://www.zeit.de/gesellschaft/2026-07/freibaeder-deutschland-sanierung-umfrage-kommunen,https://www.zeit.de/gesellschaft/2026-07/freibaeder-deutschland-sanierung-umfrage-kommunen,0,www.zeit.de,Schwimmbäder: Fast jedes zweite Freibad ist sanierungsbedürftig,Den Freibädern in Deutschland fehlen Geld und passende Förderprogramme. Lediglich ein Viertel der Bäder ist laut einer Umfrage in gutem Zustand.,https://img.zeit.de/gesellschaft/2026-07/freibaeder-deutschland-sanierung-umfrage-kommunen-foto-1/wide__1300x731,2026-07-24T08:09:20Z,,"Fast jedes zweite Freibad in Deutschland ist sanierungsbedürftig. Das geht aus einer Umfrage des Verbands kommunaler Unternehmen, die der Katholischen Nachrichten-Agentur (KNA) vorliegt. Als größte H… [+1935 chars]",,de,'Freibad'
https://www.tagesspiegel.de/potsdam/brandenburg/regenhut-und-dunne-jacke-ferienabenteuer-in-brandenburg-die-auch-bei-wechselhaftem-wetter-spass-machen-15867619.html,https://www.tagesspiegel.de/potsdam/brandenburg/regenhut-und-dunne-jacke-ferienabenteuer-in-brandenburg-die-auch-bei-wechselhaftem-wetter-spass-machen-15867619.html,0,www.tagesspiegel.de,"Escape-Game, Tierspurenlesen, kleine Zeitreisen: Ferienabenteuer in Brandenburg, die auch bei Regenwetter Spaß machen","Ferienzeit ist Freibadzeit – doch was tun, wenn das Wetter nicht mitspielt? Hier sind ein paar Tipps für Unternehmungen in Brandenburg, die nicht mehr kosten als ein Tag im Freibad.",https://www.tagesspiegel.de/images/15876375/alternates/BASE_16_9_W1400/1784893928000/1624793811984-f57024cc-4d1b-4a48-bd69-73d4222b2b9f-15.jpeg,2026-07-24T12:13:31Z,,"Langeweile in den Sommerferien? Nicht in Brandenburg. Ob beim Escape-Game, auf Schatzsuche, beim Tierspurenlesen oder Experimentieren überall gibt es etwas zu entdecken und auszuprobieren.",,de,'Freibad'
https://www.zeit.de/zeit-wissen/2026/04/kognitive-beschaeftigungen-strand-park-kreativitaet,https://www.zeit.de/zeit-wissen/2026/04/kognitive-beschaeftigungen-strand-park-kreativitaet,0,www.zeit.de,Kognitive Beschäftigungen: 6 Gedankenspiele für freie Stunden,"Endlich am Strand, im Freibad, auf der Parkwiese, endlich Zeit – und dann? Wir hätten da paar Vorschläge.",https://img.zeit.de/zeit-wissen/2026/04/gedankenspiele-fuer-freie-stunden-bild-1/wide__1300x731,2026-07-24T12:19:42Z,,"Schließen
Artikelzusammenfassung
Der Text serviert sechs Denk- und Partyspiele als kleines Offline-Format gegen Langeweile, vom Zeitreise-Fantasy-Pitch bis zur improvisierten Verschwörungs-Performa… [+1261 chars]",,de,'Freibad'
https://www.faz.net/aktuell/rhein-main/region-und-hessen/hessischer-landtag-bekommt-neue-technik-201061867.html,https://www.faz.net/aktuell/rhein-main/region-und-hessen/hessischer-landtag-bekommt-neue-technik-201061867.html,0,www.faz.net,Hessischer Landtag: Operation am offenen Herzen der Demokratie,Der Plenarsaal des Hessischen Landtags wird in den Sommerferien auf den aktuellen Stand der Technik gebracht. Es kommen neue Pulte hinein. Die Übertragung von Tönen und Bildern wird modernisiert.,https://media0.faz.net/image/w1200h627/0a301a96676d/w5477h2861x0y594o/202607/43601.0.2363806457/runde-sache-der-plenarsaal-des.webp,2026-07-24T15:03:18Z,,"Als außenstehender Dienstleister würde ich da nichts mitteilen wollen, wenn das möglich wäre. Die vornehme Zurückhaltung des Chefs der Handwerker hängt mit der prominenten Baustelle zusammen: Der Ple… [+4205 chars]",,de,'Sommerferien'
https://www.zeit.de/news/2026-07/24/junge-nach-badeunfall-in-freibad-reanimiert,https://www.zeit.de/news/2026-07/24/junge-nach-badeunfall-in-freibad-reanimiert,0,www.zeit.de,Unglück im Freibad: Junge nach Badeunfall in Freibad reanimiert,Hier finden Sie Informationen zu dem Thema „Unglück im Freibad“. Lesen Sie jetzt „Junge nach Badeunfall in Freibad reanimiert“.,https://img.zeit.de/news/2026-07/24/junge-nach-badeunfall-in-freibad-reanimiert-image-group/wide__1300x731,2026-07-24T20:10:20Z,,"Ein acht Jahre alter Junge ist in einem Freibad in Naila (Landkreis Hof) leblos aus einem Nichtschwimmerbecken gerettet worden. Sein Gesundheitszustand ist nach Angaben der Polizei kritisch.
Badegäs… [+385 chars]",,de,'Freibad'
https://www.nzz.ch/schweiz/beat-hefti-ist-einer-der-bekanntesten-bademeister-der-schweiz-er-zeigt-das-badi-idyll-gibt-es-noch-immer-ld.10013401,https://www.nzz.ch/schweiz/beat-hefti-ist-einer-der-bekanntesten-bademeister-der-schweiz-er-zeigt-das-badi-idyll-gibt-es-noch-immer-ld.10013401,0,www.nzz.ch,Beat Hefti ist einer der bekanntesten Bademeister der Schweiz. Er zeigt: Das Badi-Idyll gibt es noch immer,Die Schweizer Freibäder wurden in den vergangenen Monaten zum Brennpunkt erklärt. Ausgerechnet ein Wintersportler beweist nun: Es geht auch anders. Besuch in der Sonnenberg-Badi in Herisau.,"https://img-msp-prod.nzz.ch/2026/07/23/44521499-743c-4b52-9de1-72893e8cdfe3.jpg?width=1200&height=674&fit=bounds&quality=75&auto=webp&crop=4724,2657,x0,y443&wmark=nzz",2026-07-25T03:30:00Z,,"Die Badi ist ein Schweizer Kulturgut. Schon in den 1940er Jahren notierte der Schriftsteller Max Frisch in sein Tagebuch: «Sonniges Wetter und viel Volk. Sie schwimmen, springen von den Türmen. Die R… [+8108 chars]",,de,'Sonne'
https://www.bild.de/news/wetter/sommerhitze-muss-gewittern-weichen-so-kippt-das-wetter-am-wochenende-6a631c7926ebb8e13e2ef79f,https://www.bild.de/news/wetter/sommerhitze-muss-gewittern-weichen-so-kippt-das-wetter-am-wochenende-6a631c7926ebb8e13e2ef79f,0,www.bild.de,So kippt das Wetter am Wochenende - Sommerhitze muss Gewittern weichen,"Erst dreht der Sommer in Deutschland noch mal richtig auf, dann rollen Unwetter an.","https://images.bild.de/6a631c7926ebb8e13e2ef79f/415fe2bd9dfd135a191522b3066658f6,8ce802a1?w=1280",2026-07-25T03:55:55Z,,"TTS-Player überspringenArtikel weiterlesenDeutschland steht ein Wochenend-Wetter bevor, das spannender kaum sein könnte: Am Samstag dreht der Sommer noch einmal richtig auf. Sonne satt, Badewetter un… [+3200 chars]",,de,'Gewitter'
https://www.zeit.de/news/2026-07/25/sonne-und-schauer-so-wird-das-wochenend-wetter-im-suedwesten,https://www.zeit.de/news/2026-07/25/sonne-und-schauer-so-wird-das-wochenend-wetter-im-suedwesten,0,www.zeit.de,Wetter: Sonne und Schauer: So wird das Wochenend-Wetter im Südwesten,Hier finden Sie Informationen zu dem Thema „Wetter“. Lesen Sie jetzt „Sonne und Schauer: So wird das Wochenend-Wetter im Südwesten“.,https://img.zeit.de/news/2026-07/25/sonne-und-schauer-so-wird-das-wochenend-wetter-im-suedwesten-image-group/wide__1300x731,2026-07-25T05:14:45Z,,"Sonnenbrille ja, aber auch der Regenschirm könnte am Wochenende in Baden-Württemberg ein sinnvoller Begleiter sein. Denn nach Angaben des Deutschen Wetterdienstes (DWD) wird es im Südwesten zwar sonn… [+1404 chars]",,de,'Gewitter'
https://www.zeit.de/news/2026-07/25/regen-folgt-auf-sonne,https://www.zeit.de/news/2026-07/25/regen-folgt-auf-sonne,0,www.zeit.de,Wetter am Wochenende: Regen folgt auf Sonne,Hier finden Sie Informationen zu dem Thema „Wetter am Wochenende“. Lesen Sie jetzt „Regen folgt auf Sonne“.,https://img.zeit.de/news/2026-07/25/regen-folgt-auf-sonne-image-group/wide__1300x731,2026-07-25T05:26:15Z,,Das Wochenende wird in Berlin und Brandenburg sommerlich warm. Heute steigen die Temperaturen nach Angaben des Deutschen Wetterdienstes (DWD) auf maximal 27 bis 29 Grad. Es soll demnach sonnig und tr… [+605 chars],,de,'Sonne'
https://www.tagesspiegel.de/berlin/wetter-am-wochenende-regen-folgt-auf-sonne-15878831.html,https://www.tagesspiegel.de/berlin/wetter-am-wochenende-regen-folgt-auf-sonne-15878831.html,0,www.tagesspiegel.de,Wetter am Wochenende: Regen folgt auf Sonne,Mit Ausflügen sollte man am Wochenende nicht zu lange warten: Nach einem sonnigen Start ins Wochenende bringt der Sonntag einen Wetterumschwung in Berlin und Brandenburg.,https://www.tagesspiegel.de/images/15878830/alternates/BASE_16_9_W1400/1784957258000/wetter-in-berlin.jpeg,2026-07-25T05:27:39Z,,Das Wochenende wird in Berlin und Brandenburg sommerlich warm. Heute steigen die Temperaturen nach Angaben des Deutschen Wetterdienstes (DWD) auf maximal 27 bis 29 Grad. Es soll demnach sonnig und tr… [+659 chars],,de,'Sonne'
https://www.tagesspiegel.de/berlin/bis-zu-29-grad-in-berlin-und-brandenburg-sommerlicher-start-ins-wochenende--darauf-folgen-gewitter-15878831.html,https://www.tagesspiegel.de/berlin/bis-zu-29-grad-in-berlin-und-brandenburg-sommerlicher-start-ins-wochenende--darauf-folgen-gewitter-15878831.html,0,www.tagesspiegel.de,Bis zu 29 Grad in Berlin und Brandenburg: Sommerlicher Start ins Wochenende – darauf folgen Gewitter,Mit Ausflügen sollte man am Wochenende nicht zu lange warten. Nach einem sonnigen Start ins Wochenende bringt der Sonntag einen Wetterumschwung in Berlin und Brandenburg.,https://www.tagesspiegel.de/images/15878830/alternates/BASE_16_9_W1400/1784957258000/wetter-in-berlin.jpeg,2026-07-25T05:27:39Z,,Das Wochenende wird in Berlin und Brandenburg sommerlich warm. Heute steigen die Temperaturen nach Angaben des Deutschen Wetterdienstes (DWD) auf maximal 27 bis 29 Grad. Es soll demnach sonnig und tr… [+571 chars],,de,'Gewitter'
https://www.sueddeutsche.de/bayern/naila-junge-badeunfall-freibad-li.3521378,https://www.sueddeutsche.de/bayern/naila-junge-badeunfall-freibad-li.3521378,0,www.sueddeutsche.de,Unglück im Freibad: Junge nach Badeunfall reanimiert,Mehrere Badegäste und die Badeaufsicht wiederbeleben in einem Freibad in Naila einen Achtjährigen. Der Junge wird in kritischem Zustand in ein Krankenhaus gebracht.,https://www.sueddeutsche.de/2026/07/25/9f2b336c-71a9-44e4-ab8b-b67dbca699c0.jpg?q=60&fm=webp&width=1200&rect=0%2C209%2C4000%2C2250,2026-07-25T08:35:21Z,,"Badegäste entdeckten das Kind am späten Freitagnachmittag im Wasser. Mehrere Ersthelfer, darunter die Badeaufsicht, holten den Jungen sofort aus dem Becken und begannen mit der Wiederbelebung. Unter … [+160 chars]",,de,'Freibad'
https://ooe.orf.at/stories/3364182/,https://ooe.orf.at/stories/3364182/,0,ooe.orf.at,Kinder-Sonnencremen fallen bei Schutzfaktor durch,"Sonnencreme soll Kinder vor gefährlicher UV-Strahlung schützen, um das Risiko für Hautkrebs im späteren Leben zu reduzieren. Doch offenbar hält nicht jede, was sie diesbezüglich verspricht, berichtet die Arbeiterkammer Oberösterreich. Fünf von 22 Sonnenschutz…",https://ibs.orf.at/ooe?image=https%3A%2F%2Foekastatic.orf.at%2Fmims%2F2026%2F30%2F88%2Fcrops%2Fw%3D1200%2Ch%3D627%2Cq%3D75%2F3126249_master_1211588_sonnencreme_auf_der_haut_eines_kindes.jpg%3Fs%3D24a7fd6014960c77f0edc661477876a4bbfeb059,2026-07-25T10:02:49Z,,"Das Testmagazin Konsument hat insgesamt 22 Kindersonnencremen mit Lichtschutzfaktor 30, 50 oder 50+ hinsichtlich UV-Schutz, Inhaltsstoffen und Anwendung untersucht.
Das Ergebnis: Fünf Produkte falle… [+886 chars]",,de,'Sonnencreme'
https://www.zeit.de/news/2026-07/25/erst-sonne-dann-ziehen-regen-und-gewitter-auf,https://www.zeit.de/news/2026-07/25/erst-sonne-dann-ziehen-regen-und-gewitter-auf,0,www.zeit.de,"Wetterbericht: Erst Sonne, dann ziehen Regen und Gewitter auf","Hier finden Sie Informationen zu dem Thema „Wetterbericht“. Lesen Sie jetzt „Erst Sonne, dann ziehen Regen und Gewitter auf“.",https://img.zeit.de/news/2026-07/25/erst-sonne-dann-ziehen-regen-und-gewitter-auf-image-group/wide__1300x731,2026-07-25T13:07:39Z,,Das trockene Sommerwetter macht in Nordrhein-Westfalen erst mal eine Pause. Nach einem weitestgehend sonnigen Samstag mit Temperaturen von bis zu 30 Grad ziehen am Sonntag laut Prognose des Deutschen… [+835 chars],,de,'Sonne'
https://www.zeit.de/entdecken/2026-07/anonyme-spende-freibadeintritt-sommerferien-kinder,https://www.zeit.de/entdecken/2026-07/anonyme-spende-freibadeintritt-sommerferien-kinder,0,www.zeit.de,"Anonyme Spende: »Wenn noch viele kommen, geht's an mein Portemonnaie«",Ein anonymer Spender zahlt einen Sommer lang den Freibad-Eintritt für alle unter 16 in seinem nordhessischen Heimatort. Wir haben ihn am Beckenrand getroffen.,https://img.zeit.de/entdecken/2026-07/anonyme-spende-freibadeintritt-sommerferien-kinder-bild/wide__1300x731,2026-07-25T15:04:12Z,,"Inhalt
Auf einer Seite lesen
 Inhalt
<ol><li>Seite 1»Wenn noch viele kommen, geht's an mein Portemonnaie«
</li><li>Seite 2Mehr als 80 Jahre ohne Krieg er sagt, er will sich irgendwo bedanken</li>… [+7377 chars]",,de,'Freibad'
https://wien.orf.at/stories/3364223/,https://wien.orf.at/stories/3364223/,0,wien.orf.at,Urin und Sonnencreme belasten Alte Donau,"Die Alte Donau hat unter den zahlreichen Schwimmerinnen und Schwimmern zu leiden. Laut Gerald Loew, dem Leiter der Abteilung für Wiener Gewässer (MA 45), sind 80 Prozent der Verschmutzung auf Badegäste zurückzuführen, verursacht durch Urin oder Sonnencreme.",https://ibs.orf.at/wie?image=https%3A%2F%2Foekastatic.orf.at%2Fmims%2F2026%2F30%2F24%2Fcrops%2Fw%3D1200%2Ch%3D627%2Cq%3D75%2F3126583_master_1211724_hitze_in_wien_250703_67_coe.jpg%3Fs%3D30238b4dc1e60a18bd4e6c70d770c1c35295555d,2026-07-25T17:00:00Z,,"1,5 Millionen Badegäste zählt die Stadt jährlich in den Bädern der Alten Donau und an den freien Badestellen. Die sorgen aber auch dafür, dass das Gewässer verschmutzt wird, sagte Loew in der Wien he… [+2114 chars]",,de,'Sonnencreme'
https://www.zeit.de/news/2026-07/26/deutschland-in-klein-freibad-als-spiegel-der-gesellschaft,https://www.zeit.de/news/2026-07/26/deutschland-in-klein-freibad-als-spiegel-der-gesellschaft,0,www.zeit.de,Chlorgeruch trifft Sonnencreme: Deutschland in klein: Freibad als Spiegel der Gesellschaft,Hier finden Sie Informationen zu dem Thema „Chlorgeruch trifft Sonnencreme“. Lesen Sie jetzt „Deutschland in klein: Freibad als Spiegel der Gesellschaft“.,https://img.zeit.de/news/2026-07/26/deutschland-in-klein-freibad-als-spiegel-der-gesellschaft-image-group/wide__1300x731,2026-07-26T03:00:07Z,,"Das Freibad ist ein Ort der Gegensätze. Ruhesuchende dösen im Schatten, andere schlagen Saltos vom Dreimeterbrett. Chlorgeruch trifft auf Sonnencreme, tätowierte Oberarme auf Bikinis und Bahnenzieher… [+4991 chars]",,de,'Freibad'
https://www.zeit.de/news/2026-07/26/unbestaendiges-sommerwetter-im-suedwesten-sonntag-alles-dabei,https://www.zeit.de/news/2026-07/26/unbestaendiges-sommerwetter-im-suedwesten-sonntag-alles-dabei,0,www.zeit.de,"Sonne, Wolken, Regen, Gewitter: Unbeständiges Sommerwetter im Südwesten: Sonntag alles dabei","Hier finden Sie Informationen zu dem Thema „Sonne, Wolken, Regen, Gewitter“. Lesen Sie jetzt „Unbeständiges Sommerwetter im Südwesten: Sonntag alles dabei“.",https://img.zeit.de/news/2026-07/26/unbestaendiges-sommerwetter-im-suedwesten-sonntag-alles-dabei-image-group/wide__1300x731,2026-07-26T05:27:16Z,,"Einen Himmel voll Sonnenschein und mit wenig Wolken, aber auch vereinzelte Abkühlungen durch Regen und Windböen - darauf kann man sich am Sonntag in Baden-Württemberg einstellen. Dem Deutschen Wetter… [+1215 chars]",,de,'Sonne'
https://www.zeit.de/news/2026-07/26/schauer-und-gewitter-dann-kommt-die-hitze-wieder,https://www.zeit.de/news/2026-07/26/schauer-und-gewitter-dann-kommt-die-hitze-wieder,0,www.zeit.de,"Wetter in Bayern: Schauer und Gewitter, dann kommt die Hitze wieder","Hier finden Sie Informationen zu dem Thema „Wetter in Bayern“. Lesen Sie jetzt „Schauer und Gewitter, dann kommt die Hitze wieder“.",https://img.zeit.de/news/2026-07/26/schauer-und-gewitter-dann-kommt-die-hitze-wieder-image-group/wide__1300x731,2026-07-26T05:39:06Z,,"Schauer und Gewitter ziehen am Sonntag über den Freistaat. Während es vor allem in Nordbayern am Vormittag noch sonnig bleibt, kommen im Tagesverlauf teilweise dichte Wolken auf, wie der Deutsche Wet… [+1107 chars]",,de,'Hitze'
https://www.sueddeutsche.de/bayern/bayern-wetter-gewitter-hitze-li.3521618,https://www.sueddeutsche.de/bayern/bayern-wetter-gewitter-hitze-li.3521618,0,www.sueddeutsche.de,"Wetter in Bayern: Schauer und Gewitter, dann kommt die Hitze wieder","In Teilen Bayerns bleibt es am Sonntag sehr warm, dann folgen Regen, Donner und Abkühlung. Von Dienstag an erwarten die Meteorologen wieder höhere Temperaturen.",https://www.sueddeutsche.de/2026/07/26/efdc5d80-a8b0-4345-9e21-62cebbe1eac1.jpg?q=60&fm=webp&width=1200&rect=0%2C209%2C4000%2C2250,2026-07-26T06:01:29Z,,Die Höchsttemperaturen liegen demnach zwischen 23 Grad im Oberallgäu und 31 Grad in der südlichen Oberpfalz. Vom Bodensee und von der Schwäbischen Alb her erwartet der DWD am Nachmittag stark auffris… [+613 chars],,de,'Hitze'
https://www.bild.de/news/wetter/gewitter-ziehen-ueber-deutschland-dunkle-wolken-vor-dem-hitze-comeback-6a647dd1413df7c047eea460,https://www.bild.de/news/wetter/gewitter-ziehen-ueber-deutschland-dunkle-wolken-vor-dem-hitze-comeback-6a647dd1413df7c047eea460,0,www.bild.de,Gewitter ziehen über Deutschland - Dunkle Wolken vor dem Hitze-Comeback,Die nächste Hitzewelle steht vor der Tür – doch vorher wird es vielerorts noch mal nass.,"https://images.bild.de/6a647dd1413df7c047eea460/06b588c752e7948d5fd87b0c7e5e2d6e,4ed2b6c1?w=1280",2026-07-26T07:24:45Z,,"TTS-Player überspringenArtikel weiterlesenNoch zwei Tage, dann geht es mit den Temperaturen in Deutschland wieder deutlich nach oben. Ab Dienstag kündigt sich bundesweit eine neue Hitzewelle an. Bis … [+2191 chars]",,de,'Hitze'
https://www.zeit.de/news/2026-07/26/regenwetter-in-berlin-und-brandenburg-gewitter-erwartet,https://www.zeit.de/news/2026-07/26/regenwetter-in-berlin-und-brandenburg-gewitter-erwartet,0,www.zeit.de,Wetter: Regenwetter in Berlin und Brandenburg - Gewitter erwartet,Hier finden Sie Informationen zu dem Thema „Wetter“. Lesen Sie jetzt „Regenwetter in Berlin und Brandenburg - Gewitter erwartet“.,https://img.zeit.de/news/2026-07/26/regenwetter-in-berlin-und-brandenburg-gewitter-erwartet-image-group/wide__1300x731,2026-07-26T08:07:00Z,,"Regen und Gewitter sorgen in Berlin und Brandenburg für ungemütliches Wetter. Wie der Deutsche Wetterdienst (DWD) mitteilte, werden vom Nachmittag an Gewitter, Schauer sowie teilweise Starkregen erwa… [+1215 chars]",,de,'Gewitter'
https://www.tagesspiegel.de/berlin/wetter-regenwetter-in-berlin-und-brandenburg-gewitter-erwartet-15881608.html,https://www.tagesspiegel.de/berlin/wetter-regenwetter-in-berlin-und-brandenburg-gewitter-erwartet-15881608.html,0,www.tagesspiegel.de,Wetter: Regenwetter in Berlin und Brandenburg - Gewitter erwartet,"Blitz, Donner und Hagel: Der Deutsche Wetterdienst rechnet mit Gewittern und Starkregen in Teilen von Berlin und Brandenburg. Bis zum Mittag gibt es vor allem in einer Region Sonne.",https://www.tagesspiegel.de/images/15881607/alternates/BASE_16_9_W1400/1785053302000/wetter-in-berlin-und-brandenburg.jpeg,2026-07-26T08:08:22Z,,"Regen und Gewitter sorgen in Berlin und Brandenburg für ungemütliches Wetter. Wie der Deutsche Wetterdienst (DWD) mitteilte, werden vom Nachmittag an Gewitter, Schauer sowie teilweise Starkregen erwa… [+1269 chars]",,de,'Gewitter'
https://www.diepresse.com/39738254/bis-zu-38-grad-erwartet-die-naechste-hitzewelle-rollt-an,https://www.diepresse.com/39738254/bis-zu-38-grad-erwartet-die-naechste-hitzewelle-rollt-an,0,www.diepresse.com,Bis zu 38 Grad erwartet: Die nächste Hitzewelle rollt an,Die sogenannten Hundstage - der Zeitraum zwischen 23. Juli und 23. August - machen ihrem Namen mit erwarteten 38 Grad vorerst alle Ehre.,https://img.diepresse.com/public/incoming/yxwvwx-22730394793699478bldhiresjpg/alternates/WEBP_WIDE_1200/22730394793699478_BLD_HiRes.jpg,2026-07-26T10:33:31Z,,"Die Presse auf Google als bevorzugte Nachrichtenquelle hinzufügen.
 In der kommenden Woche wird es wieder heiß. Wie die Geosphere Austria am Sonntag ankündigte, bringt die nächste Hitzewelle in der … [+3309 chars]",,de,'Hitze'
https://www.zeit.de/news/2026-07/26/sonne-macht-kurze-pause-hinter-regenwolken,https://www.zeit.de/news/2026-07/26/sonne-macht-kurze-pause-hinter-regenwolken,0,www.zeit.de,Sommer der Extreme: Sonne macht kurze Pause hinter Regenwolken,Hier finden Sie Informationen zu dem Thema „Sommer der Extreme“. Lesen Sie jetzt „Sonne macht kurze Pause hinter Regenwolken“.,https://img.zeit.de/news/2026-07/26/sonne-macht-kurze-pause-hinter-regenwolken-image-group/wide__1300x731,2026-07-26T11:20:38Z,,"Das sommerliche Wetter legt in NRW eine kurze Pause ein: Die Sonne verschwindet am Montag größtenteils hinter Wolken. Sie bringen teils kräftigen Regen mit, vereinzelt sind auch Gewitter mit Starkreg… [+1778 chars]",,de,'Sonne'
https://www.n-tv.de/panorama/Deutschland-steht-vor-neuer-Hitzewelle-Spitzenwerte-um-die-40-Grad-id31126865.html,https://www.n-tv.de/panorama/Deutschland-steht-vor-neuer-Hitzewelle-Spitzenwerte-um-die-40-Grad-id31126865.html,0,www.n-tv.de,Wetterwoche im Schnellcheck: Deutschland steht vor neuer Hitzewelle - Spitzenwerte um die 40 Grad,"Die Woche startet wechselhaft mit Wind und Regen, am Dienstag steigen dann die Temperaturen. Ab Mitte der Woche wird es richtig heiß - die Höchstwerte sind rekordverdächtig. Auch am kommenden Wochenende gibt es in vielen Regionen hohe Temperaturen.",https://www.n-tv.de/img/31126956/1785080951/Img_16_9/1200/Im-und-am-Wasser-der-Ostsee-suchen-Urlauber-und-Tagesgaeste-am-Warnemuender-Strand-etwas-Abkuehlung-am-bisher-heissesten-Tag-in-Deutschland-Mit-Temperaturen-bis-zu-36-Grad-und-wolkenfreiem-Himmel-zeigt-sich-der-Sommer-in-Norddeutschland.jpg,2026-07-26T16:30:51Z,,"Der Donnerstag könnte den vorläufigen Höhepunkt der Hitzewelle bringen. (Foto: picture alliance/dpa)
Die Woche startet wechselhaft mit Wind und Regen, am Dienstag steigen dann die Temperaturen. Ab M… [+6273 chars]",,de,'Hitze'
https://www.freitag.de/autoren/svenja-beller/schnee-als-luxus-was-milliardaere-nun-in-ihre-villen-und-jachten-einbauen-lassen,https://www.freitag.de/autoren/svenja-beller/schnee-als-luxus-was-milliardaere-nun-in-ihre-villen-und-jachten-einbauen-lassen,0,www.freitag.de,Schnee als Luxus: Was Milliardäre nun in ihre Villen und Jachten einbauen lassen,"Ein Blick auf die globale Ungleichheit: Hitzerekorde und Klimakrise für die Normalos, künstlicher Schnee für die Superreichen Während wir ungläubig den neuen deutschen Hitzerekord von 41,8 Grad aufzeichnen (durchlitten Ende Juni von schwitzenden Menschen in S…",https://www.freitag.de/autoren/svenja-beller/schnee-als-luxus-was-milliardaere-nun-in-ihre-villen-und-jachten-einbauen-lassen/@@images/image/great,2026-07-27T03:00:00Z,,"Während wir ungläubig den neuen deutschen Hitzerekord von 41,8 Grad aufzeichnen (durchlitten Ende Juni von schwitzenden Menschen in Sachsen-Anhalt) und weiterhin Tipps über Folien an den Fenstern, na… [+3535 chars]",,de,'Hitzerekord'
https://www.n-tv.de/politik/Schneider-Muessen-Umwelt-auf-neue-Realitaet-vorbereiten-id31127749.html,https://www.n-tv.de/politik/Schneider-Muessen-Umwelt-auf-neue-Realitaet-vorbereiten-id31127749.html,0,www.n-tv.de,"""Wir haben noch die Chance"": Schneider: Müssen Umwelt auf ""neue Realität"" vorbereiten","Der Klimawandel bedroht unsere Wälder, aber auch die Menschen selbst. Umweltminister Schneider mahnt deshalb einen ""Paradigmenwechsel mit Blick auf Wasser"" und den ""Umbau unserer Wälder"" an.",https://www.n-tv.de/img/31127741/1785129079/Img_16_9/1200/Carsten-Schneider-SPD-Bundesminister-fuer-Umwelt-Klimaschutz-Naturschutz-und-nukleare-Sicherheit-steht-in-einem-Mischwald-vom-Forstbetrieb-Reiersdorf-bei-Templin-Bundesumweltminister-Schneider-besucht-zum-Start-der-Initiative-fuer-Wasserspeicher-und-Abkuehlung-Projekte-in-Berlin-und-Brandenburg-die-sich-mit-dem-Thema-beschaeftigen.jpg,2026-07-27T03:18:40Z,,"Schneider spricht von einem ""gefährlichen Klimawandel"". (Foto: picture alliance/dpa)
Der Klimawandel bedroht unsere Wälder, aber auch die Menschen selbst. Umweltminister Schneider mahnt deshalb eine… [+1531 chars]",,de,'Klimawandel'
https://www.bild.de/news/wetter/glut-tage-stehen-in-den-startloechern-so-extrem-wird-die-neue-hitzewelle-6a65d575e4e0a5362b8fc058,https://www.bild.de/news/wetter/glut-tage-stehen-in-den-startloechern-so-extrem-wird-die-neue-hitzewelle-6a65d575e4e0a5362b8fc058,0,www.bild.de,So extrem wird die neue Hitzewelle - Glut-Tage stehen in den Startlöchern,Deutschland droht ab Dienstag extreme Hitze mit über 40 Grad und Unwettergefahr.,"https://images.bild.de/6a65d575e4e0a5362b8fc058/19a7a08697aeaabb09738a3912624ae2,d109733d?w=1280",2026-07-27T03:52:27Z,,TTS-Player überspringenArtikel weiterlesenDiese Woche wird extrem: Ab morgen steigen die Temperaturen jeden Tag an! Eine neue Hitzewelle steht bevor und die 40-Grad-Marke könnte fallen. Wo es in Deut… [+2995 chars],,de,'Hitze'
https://vorarlberg.orf.at/stories/3363487/,https://vorarlberg.orf.at/stories/3363487/,0,vorarlberg.orf.at,Richtiges Verhalten bei Gewitter in den Bergen,"Am vergangenen Wochenende ist es immer wieder zu Gewittern gekommen. Das kann vor allem für Menschen, die in den Bergen unterwegs sind, gefährlich werden. „Sicheres Vorarlberg“ empfiehlt, schon vor einer Bergtour den Wetterbericht zu kontrollieren und sich na…",https://ibs.orf.at/vbg?image=https%3A%2F%2Foekastatic.orf.at%2Fmims%2F2025%2F33%2F67%2Fcrops%2Fw%3D1200%2Ch%3D627%2Cq%3D75%2F2732500_master_1052467_imago109920488.jpg%3Fs%3D97687b8cd103679bf55e6b4537e085b66b569ee5,2026-07-27T04:14:07Z,,"Die größte Gefahr bei einem Gewitter stellt sich oberhalb der Baumgrenze dar. Sind erste Anzeichen sichtbar, so sollte man rasch zurückgehen oder die nächste Schutzhütte aussuchen. Im besten Fall erk… [+1051 chars]",,de,'Gewitter'
https://www.welt.de/iconist/gesellschaft/article6a5f7f9e668d28f8978b1bf1/notizen-aus-der-provinz-die-neue-art-fantastischer-haesslichkeit-im-land.html,https://www.welt.de/iconist/gesellschaft/article6a5f7f9e668d28f8978b1bf1/notizen-aus-der-provinz-die-neue-art-fantastischer-haesslichkeit-im-land.html,0,www.welt.de,Die neue Art fantastischer Hässlichkeit im Land,"Während Sommergewitter übers Land ziehen, verlieren Menschen den Halt, Politiker jagen Skandalen hinterher und ein Spielplatz im Paradiesdorf Buoch verkommt zur Steinwüste. Unser Autor sucht im Provinzalltag nach den Wurzeln dieser neuen Hässlichkeit.",https://images.welt.de/6a5f7f9e668d28f8978b1bf1/9dc0c84954a82d29c182385bdf7f5d3a-master/ci16x9-w1200/l1000491-jpg,2026-07-27T05:42:26Z,,"Während Sommergewitter übers Land ziehen, verlieren Menschen den Halt, Politiker jagen Skandalen hinterher und ein Spielplatz im Paradiesdorf Buoch verkommt zur Steinwüste. Unser Autor sucht im Provi… [+3149 chars]",,de,'Gewitter'
https://www.tagesspiegel.de/gesellschaft/panorama/wetter-bis-zu-39-grad--deutschland-steuert-auf-heisse-tage-zu-15885270.html,https://www.tagesspiegel.de/gesellschaft/panorama/wetter-bis-zu-39-grad--deutschland-steuert-auf-heisse-tage-zu-15885270.html,0,www.tagesspiegel.de,Wetter: Bis zu 39 Grad – Deutschland steuert auf heiße Tage zu,Es wird heiß in Deutschland. Und auch nachts gibt es weniger Abkühlung. Zugleich steigt das Gewitterrisiko.,https://www.tagesspiegel.de/images/15885269/alternates/BASE_16_9_W1400/1785147439000/wetter-in-baden-wurttemberg.jpeg,2026-07-27T10:17:19Z,,"Deutschland steht eine heiße Woche bevor. Bereits am Dienstag werden im Südwesten 33 Grad erwartet, am Donnerstag sind am Oberrhein und in Franken sogar 39 Grad möglich, wie der Deutsche Wetterdienst… [+2204 chars]",,de,'Gewitter'
https://www.zeit.de/gesellschaft/zeitgeschehen/2026-07/hitzewelle-deutschland-wetter-temperaturen-unwetter-gewitter,https://www.zeit.de/gesellschaft/zeitgeschehen/2026-07/hitzewelle-deutschland-wetter-temperaturen-unwetter-gewitter,0,www.zeit.de,Hitze in Deutschland: Temperaturen von bis zu 39 Grad erwartet,"Es wird wieder heiß in Teilen Deutschlands. Im Süden werden mancherorts bis zu 39 Grad erwartet. Zugleich steigt das Risiko von Starkregen, Sturmböen und Hagel.",https://img.zeit.de/gesellschaft/zeitgeschehen/2026-07/hitzewelle-deutschland-wetter-temperaturen-unwetter-gewitter-foto-1/wide__1300x731,2026-07-27T11:07:55Z,,"In Teilen Deutschlands steht eine heiße Woche bevor. Bereits am Dienstag werden im Südwesten 33 Grad erwartet, wie der Deutsche Wetterdienst (DWD) in Offenbach mitteilte. Im Norden bleibe es bei Temp… [+725 chars]",,de,'Hitze'
https://www.tagesschau.de/inland/gesellschaft/hitze-deutschland-148.html,https://www.tagesschau.de/inland/gesellschaft/hitze-deutschland-148.html,0,www.tagesschau.de,Nächste Hitzephase für Deutschland kündigt sich an,In Deutschland stehen wieder heiße Tage an: Bis zu 39 Grad sind im Laufe der Woche möglich - und auch die Nächte bringen wieder wenig Abkühlung. Mit der Hitze steigt auch das Risiko für Waldbrände.,https://images.tagesschau.de/image/f788dfc7-f46c-4553-8003-3bb3df490b59/AAABn6NxDAA/AAABnSSvrFg/16x9-big/balkon-sonnenschirme-100.jpg?width=1280,2026-07-27T12:30:49Z,,"Stand: 27.07.2026 14:30 Uhr
In Deutschland stehen wieder heiße Tage an: Bis zu 39 Grad sind im Laufe der Woche möglich - und auch die Nächte bringen wieder wenig Abkühlung. Mit der Hitze steigt auch… [+2900 chars]",,de,'Hitze'
https://www.bild.de/news/jetzt-kommt-die-naechste-hitzewelle-von-20-auf-fast-40-grad-in-wenigen-tagen-6a67229d36ccf40cc9c510f9,https://www.bild.de/news/jetzt-kommt-die-naechste-hitzewelle-von-20-auf-fast-40-grad-in-wenigen-tagen-6a67229d36ccf40cc9c510f9,0,www.bild.de,Jetzt kommt die Blitz-Hitze - Von 20 auf fast 40 Grad in wenigen Tagen,"Die nächste Hitzewelle rollt auf Deutschland zu, mit Temperaturen weit über 30 Grad. Sogar der Juni-Hitzerekord könnte in den nächsten Tagen geknackt werden.","https://images.bild.de/6a67229d36ccf40cc9c510f9/ebf9f378714ef11595d88650471163f9-landscape,1d4903f9?w=1280",2026-07-27T12:46:22Z,,"+++Porsche baut weitere 5000 Stellen ab
+++Porsche baut weitere 5000 Stellen ab
+++Porsche baut weitere 5000 Stellen ab
+++Porsche baut weitere 5000 Stellen ab
+++Porsche baut weitere 5000 Stelle… [+208 chars]",,de,'Hitzerekord'
https://www.zeit.de/news/2026-07/28/warum-die-braende-in-frankreich-und-spanien-rekorde-brechen,https://www.zeit.de/news/2026-07/28/warum-die-braende-in-frankreich-und-spanien-rekorde-brechen,0,www.zeit.de,Viel Unterholz und Hitze: Warum die Brände in Frankreich und Spanien Rekorde brechen,Hier finden Sie Informationen zu dem Thema „Viel Unterholz und Hitze“. Lesen Sie jetzt „Warum die Brände in Frankreich und Spanien Rekorde brechen“.,https://img.zeit.de/news/2026-07/28/warum-die-braende-in-frankreich-und-spanien-rekorde-brechen-image-group/wide__1300x731,2026-07-28T03:00:14Z,,In Spanien wütet der größte Waldbrand in der jüngeren Geschichte des Landes. In Frankreich erreichen die Feuer mit etwa 100.000 Hektar verbrannter Fläche seit Jahresbeginn einen historischen Rekordwe… [+5460 chars],,de,'Hitze'
https://www.faz.net/aktuell/rhein-main/frankfurt/wasserversorgung-wie-das-rhein-main-gebiet-dem-klimawandel-trotzt-accg-201046823.html,https://www.faz.net/aktuell/rhein-main/frankfurt/wasserversorgung-wie-das-rhein-main-gebiet-dem-klimawandel-trotzt-accg-201046823.html,0,www.faz.net,Wasserversorgung: Wie das Rhein-Main-Gebiet dem Klimawandel trotzt,"Hitzewellen treffen Frankfurt und die Region mit aller Wucht. Damit es künftig nicht an Trinkwasser fehlt, investiert Rhein-Main Millionen. Die Versorgung soll auch in Zukunft sichergestellt sein.",https://media0.faz.net/image/w1200h627/a33a3a8556c0/w4000h2090x0y322o/202607/43601.0.2333533818/im-bau-die-zweite-neue.webp,2026-07-28T07:28:55Z,,Trinkwasser kommt aus dem Hahn. Jederzeit. In beliebiger Menge. Dass dies bei Temperaturen von 40 Grad und mehr selbst in dem nach Flüssen benannten Rhein-Main-Gebiet keine unumstößliche Gewissheit m… [+8503 chars],,de,'Klimawandel'
https://taz.de/Pflanzenviren/!6197957/,https://taz.de/Pflanzenviren/!6197957/,0,taz.de,Pflanzenviren: Stille Pandemie auf dem Acker,"Pflanzenviren führen zu Ernteverlusten. Gewächshäuser, Handel und Klimawandel verschärfen die Lage. Deshalb wollen Forschende die Viren eindämmen.",https://taz.de/picture/8623778/1200/41717878.jpeg,2026-07-28T09:18:00Z,,"Pflanzenviren führen zu Ernteverlusten. Gewächshäuser, Handel und Klimawandel verschärfen die Lage. Deshalb wollen Forschende die Viren eindämmen. mehr...",,de,'Klimawandel'
https://www.focus.de/panorama/welt/angenehm-warm-marie-madeleine-89-und-serge-94-machten-ihren-keller-waehrend-der-hitzewelle-zur-oase_141081f1-1c01-4714-b7c8-76a83fe209be.html,https://www.focus.de/panorama/welt/angenehm-warm-marie-madeleine-89-und-serge-94-machten-ihren-keller-waehrend-der-hitzewelle-zur-oase_141081f1-1c01-4714-b7c8-76a83fe209be.html,0,www.focus.de,„Angenehm warm”: Marie-Madeleine (89) und Serge (94) machten ihren Keller während der Hitzewelle zur Oase,Immer mehr Menschen nutzen das Kellergeschoss als kühlen Zufluchtsort um extremer Sommerhitze zu entkommen. So auch Marie-Madeleine und Serge: Das Ehepaar lebt während der Hitzewelle im Keller des Hauses.,"https://quadro.burda-forward.de/ctf/80f924a8-8d72-49d2-a7ca-9ccdd2cc4587.1e73a20d-b1a5-4d93-816e-9c80985a5668.png?im=RegionOfInterestCrop=(1200,630),regionOfInterest=(604,283)&hash=4fe6932584a8716681cb1e2a23553448d4f38bfe2be50f3d058fc6048c4d2bf0",2026-07-28T10:00:00Z,,"Der Klimawandel zwingt Hausbesitzer zu neuen Strategien gegen extreme Sommerhitze. Während sich obere Stockwerke bei Rekordtemperaturen oft stark aufheizen, bleibt es im Kellergeschoss oft angenehm k… [+2377 chars]",,de,'Hitze'
https://www.faz.net/aktuell/gesellschaft/ungluecke/eine-expertin-erklaert-das-ausmass-der-waldbraende-in-frankreich-accg-201071852.html,https://www.faz.net/aktuell/gesellschaft/ungluecke/eine-expertin-erklaert-das-ausmass-der-waldbraende-in-frankreich-accg-201071852.html,0,www.faz.net,Waldbrände in Frankreich: „Der Klimawandel ist schneller als wir Waldschützer“,"Warum sind die Waldbrände im Südwesten Frankreichs in diesem Sommer so verheerend? Marion Toutchkov, Expertin der staatlichen französischen Forstbehörde ONF, gibt Antworten.",https://media0.faz.net/image/w1200h627/a095b10bf543/w6000h3135x0y433o/202607/43601.0.2376965539/in-flammen-waldbrand-in-saint.webp,2026-07-28T10:04:53Z,,"Frau Toutchkov, wie konnte sich das Feuer an der französischen Atlantikküste so schnell ausbreiten und bis auf das Ballungsgebiet von Bordeaux vorrücken?
Der wichtigste Faktor ist das Wetter. Wir er… [+3485 chars]",,de,'Klimawandel'
https://www.faz.net/aktuell/feuilleton/debatten/japan-sagt-jetzt-kokushobi-sprache-im-klimawandel-201072092.html,https://www.faz.net/aktuell/feuilleton/debatten/japan-sagt-jetzt-kokushobi-sprache-im-klimawandel-201072092.html,0,www.faz.net,Sprache im Klimawandel: Wieder ein ganz normaler „grausam heißer Tag“,In Japan heißen Tage über 40 Grad jetzt schlicht „Kokushobi“ – „grausam heißer Tag“. Die neue Klimawandel-Realität kommt in der Sprache an. Das normalisiert sie allerdings auch: Ist jetzt eben so.,https://media0.faz.net/image/w1200h627/aabd3546f743/w4134h2160x0y297o/202607/43601.0.2375082627/vielleicht-geht-der-spuk.webp,2026-07-28T11:37:07Z,,Schon mal in flinkindrin gestanden? Oder spitters ins Gesicht bekommen? Dass das mit den mindestens hundert Wörtern der Inuit für Schnee nicht stimmt und eher den paternalistischen Blick der sie besu… [+2762 chars],,de,'Klimawandel'
https://rivva.de/336877426,https://rivva.de/336877426,0,rivva.de,Der Klimawandel wird zum Brandbeschleuniger – klimareporter°,,,2026-07-28T12:00:02Z,,"rivva.de ist ein Aggregator für deutschsprachige Blogs.Ein unabhängiges Projekt von Frank Westphal.
Rivva ist zu 100 % auf Unterstützung durch freiwillige Mitgliedschaften und Spenden angewiesen.Dam… [+225 chars]",,de,'Klimawandel'
https://www.tagesspiegel.de/internationales/unglaubliches-und-unbekanntes-phanomen-frankreichs-mega-brande-losen-womoglich-seltene-feuergewitter-aus-15889479.html,https://www.tagesspiegel.de/internationales/unglaubliches-und-unbekanntes-phanomen-frankreichs-mega-brande-losen-womoglich-seltene-feuergewitter-aus-15889479.html,0,www.tagesspiegel.de,„Unglaubliches und unbekanntes Phänomen“: Frankreichs Mega-Brände lösen womöglich seltene Feuergewitter aus,Bei den schweren Waldbränden nahe Bordeaux könnten sich extrem seltene Pyrocumulonimbus-Wolken gebildet haben. Diese Gewitterwolken gelten als besonders gefährlich.,https://www.tagesspiegel.de/images/15889483/alternates/BASE_16_9_W1400/1785240238000/waldbrande-in-frankreich-pyrocumulonimbus.jpeg,2026-07-28T12:31:07Z,,Genährt vom Feuer können über besonders heißen und großen Waldbränden spezielle Gewitterwolken entstehen. Diese stark rußhaltigen Wolken mit der Bezeichnung Pyrocumulonimbus schaffen ihr eigenes Wett… [+4782 chars],,de,'Gewitter'
https://www.tagesschau.de/investigativ/report-mainz/hitze-wassermangel-100.html,https://www.tagesschau.de/investigativ/report-mainz/hitze-wassermangel-100.html,0,www.tagesschau.de,Klimawandel: Hitze gefährdet zunehmend die Trinkwasserversorgung,"Lange Trockenphasen und Rekordhitze setzen die Trinkwasserversorgung in Deutschland unter Druck. Viele Wasserversorger schauen pessimistisch in die Zukunft, wie eine Report Mainz-Umfrage zeigt. Von N. Maurer und D. Meiländer.",https://images.tagesschau.de/image/45674ff5-2d7e-4b58-bab6-292c2d102e19/AAABn6inmCE/AAABnSSvrFg/16x9-big/fischbrunnen-100.jpg?width=1280,2026-07-28T13:02:18Z,,"Stand: 28.07.2026 15:02 Uhr
Lange Trockenphasen und Rekordhitze setzen die Trinkwasserversorgung in Deutschland unter Druck. Viele Wasserversorger schauen pessimistisch in die Zukunft, wie eine Repo… [+4452 chars]",,de,'Klimawandel'
https://www.dw.com/de/warum-baut-deutschland-noch-f%C3%BCr-das-klima-von-gestern-hitzefeste-autobahnen-asphalt-infrastruktur/a-78080205,https://www.dw.com/de/warum-baut-deutschland-noch-f%C3%BCr-das-klima-von-gestern-hitzefeste-autobahnen-asphalt-infrastruktur/a-78080205,0,www.dw.com,Infrastruktur: Auf dem Weg zu hitzefesten Straßen – aber nur im Schritttempo,"Aufgeplatzter Asphalt, gesperrte Autobahnen: Hitze beschädigt zunehmend deutsche Straßen. Dabei gibt es technische Lösungen für zukunftsfähige Infrastruktur, doch die Politik hinkt hinterher.",https://static.dw.com/image/77169551_6.jpg,2026-07-28T13:11:00Z,,"Tagelange Hitzewellen mit Temperaturen teils über 40 Grad Celsius in Europa: Die Folgen zeigen sich immer öfter auch auf Deutschlands Autobahnen: Betonplatten platzen auf, Asphalt verformte sich, Fah… [+7482 chars]",,de,'Hitze'
https://www.dw.com/de/warum-baut-deutschland-noch-fuer-klima-von-gestern-hitzefeste-autobahnen-asphalt-infrastruktur-klima/a-78080205,https://www.dw.com/de/warum-baut-deutschland-noch-fuer-klima-von-gestern-hitzefeste-autobahnen-asphalt-infrastruktur-klima/a-78080205,0,www.dw.com,Warum baut Deutschland Straßen für das Klima von gestern?,"Aufgeplatzter Asphalt, gesperrte Autobahnen: Hitze beschädigt zunehmend deutsche Straßen. Dabei gibt es technische Lösungen für zukunftsfähige Infrastruktur, doch die Politik hinkt hinterher. Tagelange Hitzewellen mit Temperaturen teils über 40 Grad Celsius i…",https://static.dw.com/image/77169551_6.jpg,2026-07-28T13:11:00Z,,"Tagelange Hitzewellen mit Temperaturen teils über 40 Grad Celsius in Europa: Die Folgen zeigen sich immer öfter auch auf Deutschlands Autobahnen: Betonplatten platzen auf, Asphalt verformte sich, Fah… [+7471 chars]",,de,'Hitze'
https://www.sueddeutsche.de/bayern/bayern-kabinett-wasserversorgung-leitung-klimawandel-soeder-li.3522817,https://www.sueddeutsche.de/bayern/bayern-kabinett-wasserversorgung-leitung-klimawandel-soeder-li.3522817,0,www.sueddeutsche.de,Kabinettssitzung auf dem Starnberger See: Söder entdeckt den Klimaschutz neu,Wegen Hitze und Trockenheit rückt Bayerns Ministerpräsident die Umweltpolitik wieder in den Fokus. Wie er die Folgen des Klimawandels für sein Land erträglicher machen will.,https://www.sueddeutsche.de/2026/07/28/c1a7df4b-5f8b-412c-b4e8-3cae1a0366d7.jpg?q=60&fm=webp&width=1200&rect=0%2C153%2C4000%2C2250,2026-07-28T13:25:15Z,,"Natürlich ist es kein Freizeitvergnügen, das sich der Ministerrat hier gestattet. Das legt auch Söder bei einem ersten Statement vor der Sitzung nahe. Bayern ist Wasserland, sagt er, und solle es ble… [+5759 chars]",,de,'Hitze'
https://www.teltarif.de/vevor-kompressorkuehlbox-camping-30-liter/news/104988.html,https://www.teltarif.de/vevor-kompressorkuehlbox-camping-30-liter/news/104988.html,0,www.teltarif.de,Camping-Hit mit App-Steuerung: Kühlbox mit eiskaltem Rabatt,"Die Kompressorkühlbox kühlt und gefriert bis -20 °C, lässt sich per App steuern und kann im Auto oder an der Steckdose betrieben werden.",https://www.teltarif.de/img/arch/2026/kw31/vevor-kompressorkuehlbox-30-liter-kuehlbox-camping-1og.jpg,2026-07-28T13:42:50Z,,"Ob kalte Getränke am See, frische Lebens­mittel beim Camping oder Eiscreme auf dem Roadtrip: Eine normale Kühlbox kommt schnell an ihre Grenzen. Die Vevor 30-Liter-Kompres­sorkühlbox verspricht aktiv… [+2813 chars]",,de,'Eiscreme'
https://www.diepresse.com/39992194/feuerbrunst-in-suedeuropa-eine-hitzewelle-bringt-noch-keinen-waldbrand,https://www.diepresse.com/39992194/feuerbrunst-in-suedeuropa-eine-hitzewelle-bringt-noch-keinen-waldbrand,0,www.diepresse.com,Feuerbrunst in Südeuropa: „Eine Hitzewelle bringt noch keinen Waldbrand“ [premium],"Wälder in Frankreich und Spanien stehen in Flammen. Der „feuerspeiende Drache“ (Copyright NASA) verwandelt das Ferienidyll in eine Mondlandschaft. Der Klimawandel alleine ist nicht schuld daran, sagt ein Experte. Das Inferno im Herzen Europas hat auch einen a…",https://img.diepresse.com/public/incoming/7t1gfm-afpc3d699jjpg/alternates/WEBP_WIDE_1200/AFP_C3D699J.jpg,2026-07-28T13:46:18Z,,"Kurz vor der nächsten Hitzewelle brennen die Wälder im Süden Europas lichterloh. Frankreich, Spanien, Italien, Portugal: In Summe ging bis Mitte der Ferien heuer schon deutlich mehr europäischer Wald… [+3653 chars]",,de,'Hitze'
https://www.horizont.net/marketing/nachrichten/ben--jerrys-magnum-moevenpick--co.-diese-emotionen-loesen-eismarken-bei-den-konsumierenden-aus-235221,https://www.horizont.net/marketing/nachrichten/ben--jerrys-magnum-moevenpick--co.-diese-emotionen-loesen-eismarken-bei-den-konsumierenden-aus-235221,0,www.horizont.net,"Ben & Jerry's, Magnum, Mövenpick & Co.: Diese Emotionen lösen Eismarken bei den Konsumierenden aus","Gerade bei Sommerhitze, wie sie in den kommenden Tagen wieder angekündigt ist, greifen viele auf Eis als willkommene Abkühlung zurück. Eiscreme wird mit Genuss und Erfrischung verbunden, doch welche Eismarken nutzen diese Assoziationen im Marketing am besten …",https://www.horizont.net/news/media/50/Eis--Eiscreme--Eiswaffel--Speiseeis-499927.jpeg,2026-07-28T14:06:00Z,,"Gerade bei Sommerhitze, wie sie in den kommenden Tagen wieder angekündigt ist, greifen viele auf Eis als willkommene Abkühlung zurück. Eiscreme wird mit Genuss und Erfrischung verbunden, doch welche … [+415 chars]",,de,'Eiscreme'
https://www.sueddeutsche.de/panorama/podcast-nachrichten-auf-den-punkt-braende-spanien-portugal-li.3522906,https://www.sueddeutsche.de/panorama/podcast-nachrichten-auf-den-punkt-braende-spanien-portugal-li.3522906,0,www.sueddeutsche.de,Podcast: „Auf den Punkt“: Brände in Spanien: Es ist noch nicht vorbei,"Hitze, Trockenheit, Verbuschung: Warum die Brände in Spanien dieses Jahr Negativrekorde brechen.",https://www.sueddeutsche.de/2025/03/12/4d031366-ad93-4b81-89dc-aa57357f2531.png?q=60&fm=webp&width=1200&rect=0%2C0%2C3200%2C1800,2026-07-28T14:47:03Z,,"Angesichts einer neuen Hitzewelle in Frankreich versucht die Feuerwehr mit allen Mitteln, die an der Atlantikküste wütenden Waldbrände in den Griff zu bekommen. Auch in Spanien und Portugal brennen g… [+1985 chars]",,de,'Hitze'
https://www.zeit.de/news/2026-07/29/von-menthol-spray-bis-fussbad-tipps-von-hitze-arbeitsplaetzen,https://www.zeit.de/news/2026-07/29/von-menthol-spray-bis-fussbad-tipps-von-hitze-arbeitsplaetzen,0,www.zeit.de,Über 30 Grad: Von Menthol-Spray bis Fußbad: Tipps von Hitze-Arbeitsplätzen,Hier finden Sie Informationen zu dem Thema „Über 30 Grad“. Lesen Sie jetzt „Von Menthol-Spray bis Fußbad: Tipps von Hitze-Arbeitsplätzen“.,https://img.zeit.de/news/2026-07/29/von-menthol-spray-bis-fussbad-tipps-von-hitze-arbeitsplaetzen-image-group/wide__1300x731,2026-07-29T02:15:10Z,,"Hitzefrei oder eine Siesta am Mittag? Für die meisten Beschäftigten in Deutschland ist das noch keine Realität. Während die Hitzewelle vielen schon in ihrer Freizeit ordentlich zusetzt, gehören hohe … [+5974 chars]",,de,'Hitze'
https://www.zeit.de/news/2026-07/29/o-sole-mio-wie-trotzen-suedeuropaeische-staedte-der-hitze,https://www.zeit.de/news/2026-07/29/o-sole-mio-wie-trotzen-suedeuropaeische-staedte-der-hitze,0,www.zeit.de,Wetter: O sole mio: Wie trotzen südeuropäische Städte der Hitze?,Hier finden Sie Informationen zu dem Thema „Wetter“. Lesen Sie jetzt „O sole mio: Wie trotzen südeuropäische Städte der Hitze?“.,https://img.zeit.de/news/2026-07/29/o-sole-mio-wie-trotzen-suedeuropaeische-staedte-der-hitze-image-group/wide__1300x731,2026-07-29T04:00:13Z,,"Die Hitze flimmert über dem Asphalt, die Straßen sind menschenleer, die Luft steht. Bei über 40 Grad im August in Athen verstecken sich die Bewohner mit Klimaanlage hinter geschlossenen Rollläden. Hi… [+6122 chars]",,de,'Hitze'
https://www.tagesspiegel.de/gesellschaft/panorama/wetter-o-sole-mio-wie-trotzen-sudeuropaische-stadte-der-hitze-15891297.html,https://www.tagesspiegel.de/gesellschaft/panorama/wetter-o-sole-mio-wie-trotzen-sudeuropaische-stadte-der-hitze-15891297.html,0,www.tagesspiegel.de,Wetter: O sole mio: Wie trotzen südeuropäische Städte der Hitze?,"40 Grad in Berlin und Paris? Was in Athen und Rom nicht außergewöhnlich scheint, macht den Mittel- und Nordeuropäern schwer zu schaffen. Ein Blick in den Süden zeigt mögliche Hilfsmaßnahmen auf.",https://www.tagesspiegel.de/images/15891296/alternates/BASE_16_9_W1400/1785297750000/wetter-in-rom.jpeg,2026-07-29T04:02:30Z,,"Die Hitze flimmert über dem Asphalt, die Straßen sind menschenleer, die Luft steht. Bei über 40 Grad im August in Athen verstecken sich die Bewohner mit Klimaanlage hinter geschlossenen Rollläden. Hi… [+6180 chars]",,de,'Hitze'
https://www.n-tv.de/panorama/Ist-eine-Siesta-bei-starker-Hitze-auch-in-Deutschland-denkbar-id31057959.html,https://www.n-tv.de/panorama/Ist-eine-Siesta-bei-starker-Hitze-auch-in-Deutschland-denkbar-id31057959.html,0,www.n-tv.de,Experten sind zwiegespalten: Ist eine Siesta bei starker Hitze auch in Deutschland denkbar?,Mit jedem Grad über 30 Grad Lufttemperatur sinkt die Produktivität im Schnitt um drei Prozent. Gleichzeitig schreiben Ärztinnen und Ärzte wesentlich mehr Arbeitnehmer krank. Vielleicht könnte die Einführung einer Siesta Abhilfe schaffen?,https://www.n-tv.de/img/31058020/1783435396/Img_16_9/1200/01-07-2026-Wirtschaft-v-l-Baustellenbereich-an-der-Autobahn-A6-im-Bereich-der-Anschlussstelle-Neunkirchen-Oberstadt-im-Saarland-Im-Zuge-umfangreicher-Bruecken-und-Fahrbahnsanierungsarbeiten-ist-die-Ausfahrt-gesperrt-Baugeraete-Abbruchmaterial-und-Baumaschinen-praegen-das-Bild-der-Grossbaustelle-Das-Motiv-eignet-sich-als-Symbolbild-fuer-Autobahnbaustellen-Infrastrukturprojekte-und-Verkehrsmeldungen.jpg,2026-07-30T06:45:39Z,,"Experten sind zwiegespaltenIst eine Siesta bei starker Hitze auch in Deutschland denkbar?
Sind der enormen Hitze schutzlos ausgeliefert: Bauarbeiter an einer saarländischen Autobahn. (Foto: picture … [+5575 chars]",,de,'Hitze'
"https://www.gamestar.de/artikel/eis-selbst-zuhause-machen-eismaschine-ninja-creami-angebot,3454203.html#article","https://www.gamestar.de/artikel/eis-selbst-zuhause-machen-eismaschine-ninja-creami-angebot,3454203.html#article",0,www.gamestar.de,Deals: Eismaschine - Die Ninja Creami ist bei Amazon jetzt viel günstiger! [Anzeige],Die Ninja Creami Eismaschine geht bei Amazon gerade durch die Decke! Die beliebte Eismaschine ist im Angebot – und das Teil kann viel mehr als nur Eiscreme selbst machen!,https://images.cgames.de/images/gamestar/293/titelbild-beste-eismaschine-ninja-creami-angebot_6431627.jpg,2026-07-30T11:45:00Z,,"Die wohl beliebteste Eismaschine des Landes sprengt bei Amazon gerade alle Bestenlisten. Der Grund: Die Ninja Creami ist jetzt im Angebot!
Mittlerweile wird bei Google fast genauso häufig nach Ninja… [+2803 chars]",,de,'Eiscreme'
https://www.teltarif.de/eismaschine-aliexpress-slushie-eis/news/105044.html,https://www.teltarif.de/eismaschine-aliexpress-slushie-eis/news/105044.html,0,www.teltarif.de,"3 Behälter, 12 Programme: Diese Eismaschine kann mehr als Eis","Eis-Profi zur Zubereitung von Eiscreme, Sorbet und Frozen Joghurt. Eigene Eisvarianten lassen sich mit individuellen Zutaten nach persönlichen Vorlieben zubereiten.",https://www.teltarif.de/img/arch/2026/kw31/eismaschine-aliexpress-slushie-1og.jpg,2026-07-30T14:17:30Z,,"Selbst­gemachtes Eis, Sorbet oder Frozen Joghurt liegen im Sommer hoch im Kurs. Der Vorteil: Zutaten und Zucker­gehalt lassen sich ganz nach den eigenen Vorlieben bestimmen. Wer für die Zubereitung z… [+2859 chars]",,de,'Eiscreme'
