week,sentiment_mean,sentiment_std,subjectivity_mean,subjectivity_std,counting
2024-50,0.09852686079639131,0.6226138514723959,-0.4431457235918484,0.4805031282292235,9.0
2024-51,-0.330889213526652,0.6477393949633979,0.561089963308981,0.7255473597463086,10.0
2024-52,-0.005261905502886978,0.9381667788374958,-0.006488969134155913,0.6236618840425453,10.0
2024-53,0.15454708306631862,0.5289178417111503,0.3450330494220883,0.7515268646599924,4.0
2025-00,0.5650964250172456,1.026726333620701,-0.7650872166547642,0.1625849657337545,3.0
2025-01,0.04731763682443261,0.7631263657544064,-0.030598353862611248,0.9174848194247361,7.0
