topic,sentiment_mean,sentiment_std,subjectivity_mean,subjectivity_std,counting
Anpassung,0.0474743831886466,1.002845077894492,-0.13501819799860376,0.8673687698219554,1184.0
Klima,-0.17485838265479978,0.9410169745552385,0.04243436526220809,1.045694088231546,1106.0
Schule,0.1856687019471219,0.8664819220442185,0.0006582807374370594,0.9530724709785269,284.0
Sommer,0.028410103332456454,1.009654970943246,0.037477590837129385,1.0175611339850075,2974.0
