topic,sentiment_mean,sentiment_std,subjectivity_mean,subjectivity_std,counting
Anpassung,-0.02891333969554895,0.6711144328535252,0.08384096056094383,0.6492224630236738,18.0
Klima,0.0,0.9999999999999999,,1.0,2.0
Sommer,0.16150192384855158,0.5650877251173484,-0.07856240958235124,0.4313621658837525,6.0
