topic,sentiment_mean,sentiment_std,subjectivity_mean,subjectivity_std,counting
Anpassung,0.050946592382370384,1.0014756800203528,-0.13353896804677112,0.8760083914918847,1072.0
Klima,-0.17569734771239384,0.9290657593800845,0.03810070793680471,1.0336694021772264,999.0
Schule,0.17464127120919656,0.8663494484826704,0.0006230867889820787,0.9511800041960351,280.0
Sommer,0.02586556239995041,1.0137798074153688,0.037294170156079706,1.0183650517520713,2773.0
