topic,sentiment_mean,sentiment_std,subjectivity_mean,subjectivity_std,counting
Anpassung,0.18229527464351442,0.8557718181869088,-0.151535455227186,0.7503198936237722,95.0
Klima,-0.14120769928693291,0.9026428558254783,-0.1476590026377892,0.9055240978077822,95.0
Schule,0.13297023449137912,0.542045808550178,0.2484097147791384,0.944685004479025,8.0
Sommer,-0.019000121777004293,1.0094473024528894,0.1359190273747401,1.029124777421379,201.0
