keyword,sentiment_mean,sentiment_std,subjectivity_mean,subjectivity_std,counting
'Hitze',0.0523809523809524,0.556641512324252,-0.07856240958235124,0.4313621658837525,5.0
'Klimawandel',0.0,0.9999999999999999,,1.0,2.0
'Schatten',-0.02891333969554895,0.6711144328535252,0.08384096056094383,0.6492224630236738,18.0
'Sonne',0.7071067811865476,1.0,,1.0,1.0
