topic,sentiment_mean,sentiment_std,subjectivity_mean,subjectivity_std,counting
Anpassung,0.15961809923852147,0.9441658845934566,-0.08701931368821086,0.8401079608790142,149.0
Klima,-0.1361736098563535,0.8969941909763007,-0.11859269925332033,0.893470851095744,189.0
Schule,0.2779265244884065,0.655445809256683,0.26269008210695094,0.9591966428004485,11.0
Sommer,0.00025920755828500277,0.997671729544705,0.10627972622439416,1.0392492567980713,311.0
