week,sentiment_mean,sentiment_std,subjectivity_mean,subjectivity_std,counting
2024-50,0.19851606648012612,0.5983404868404879,-0.3614856834587244,0.4905698906865718,6.0
2024-51,-0.2557428417293622,0.5483442215905034,0.513782820150469,0.5033560871600952,6.0
2024-52,-0.02448310142032797,0.7187991222816478,-0.004456614916454021,0.38468161238023096,7.0
2024-53,0.1132521706656406,0.6476708928352019,-0.3948190167920578,0.4334092553645987,3.0
2025-00,1.0389645436542283,1.0,-0.5773502691896257,1.0,1.0
2025-01,-0.13846908854733644,0.8318355986884476,0.5773502691896257,0.816496580927726,3.0
