topic,sentiment_mean,sentiment_std,subjectivity_mean,subjectivity_std,counting
Anpassung,0.24638119651692064,0.8729580123016168,-0.06215901421131716,0.7844333689325995,61.0
Klima,-0.2439917379415191,0.8743541285074332,-0.10962273313932329,0.8930001091661859,74.0
Schule,0.03712530725740554,0.43485134610583687,0.5313426189397857,1.326591823162139,3.0
Sommer,0.035809864531835156,0.9744281328003811,0.08554049830244766,1.0089047084995741,135.0
