topic,sentiment_mean,sentiment_std,subjectivity_mean,subjectivity_std,counting
Anpassung,0.04239091982732366,1.0107887418901669,-0.1339936945911859,0.8794144204871001,936.0
Klima,-0.17891651502854367,0.9401511818298471,0.02731911393521555,1.0327469932010884,800.0
Schule,0.2060443901164543,0.8479317925509848,0.010452481344718283,0.9451547392328499,254.0
Sommer,0.020594961910045215,1.0049539229353996,0.04022963125579473,1.0175217318628966,2456.0
