topic,sentiment_mean,sentiment_std,subjectivity_mean,subjectivity_std,counting
Anpassung,0.0737198618691353,0.7305843791277624,0.1085956713153644,0.8057894604077819,30.0
Klima,-0.21779985263235824,0.8150400853667487,-0.019768972826885278,1.3455405439229793,8.0
Schule,0.0,1.0,0.0,1.0,1.0
Sommer,0.012681342655775224,0.9269637703991422,-0.059899639769603,0.8357272943790058,34.0
