topic,sentiment_mean,sentiment_std,subjectivity_mean,subjectivity_std,counting
Anpassung,0.0407210585685499,1.0064996647873787,-0.1356374520201491,0.8774749201227283,947.0
Klima,-0.18214888440532104,0.9336942220764985,0.025857069388329438,1.031523251170995,820.0
Schule,0.20965963512908348,0.8454652504393143,0.009687283795760074,0.9484582530811627,254.0
Sommer,0.022684793434679565,1.0086212954612828,0.040841938877528156,1.0179172652003405,2513.0
