topic,sentiment_mean,sentiment_std,subjectivity_mean,subjectivity_std,counting
Anpassung,0.049741368999840566,1.0045101187469478,-0.1326034290831425,0.8786383708535764,967.0
Klima,-0.18820370159709973,0.9360328373087649,0.02666810548752622,1.0286670520080614,871.0
Schule,0.20759041548137197,0.8508019119885128,0.012227008043922565,0.9495567643781627,259.0
Sommer,0.02390879919920245,1.0083638587217794,0.03871602040283684,1.0182014561657793,2579.0
