topic,sentiment_mean,sentiment_std,subjectivity_mean,subjectivity_std,counting
Anpassung,0.18955351675360185,0.8994471470041763,-0.08844059806451267,0.8238311940453561,125.0
Klima,-0.09643142958352453,0.9077958627077715,-0.1387149888835353,0.8577819418113835,174.0
Schule,0.20636196041845967,0.63026199252525,0.2522248209959676,0.9312988145962579,11.0
Sommer,-0.02950066098799029,1.008227565051569,0.12205644296687845,1.05744440762164,263.0
