topic,sentiment_mean,sentiment_std,subjectivity_mean,subjectivity_std,counting
Anpassung,0.04507973507293581,0.9989276158999024,-0.12181864571189553,0.8861713015396235,1008.0
Klima,-0.17644824311946264,0.9321849069389485,0.03387839923751728,1.0376716385331561,960.0
Schule,0.2052106809857986,0.8523363525483374,0.001796385889414316,0.9449730922755921,264.0
Sommer,0.02580934194088707,1.0136471160515839,0.03298110517105059,1.0135260205368368,2688.0
