topic,sentiment_mean,sentiment_std,subjectivity_mean,subjectivity_std,counting
Anpassung,0.04499893775126171,1.001327903750645,-0.12654259844808224,0.8860726093591376,987.0
Klima,-0.18402389329309238,0.9365050908645579,0.025783736314990202,1.0253708593064699,887.0
Schule,0.20710831498523677,0.8521082441132193,0.007503318654791898,0.9453673660052904,259.0
Sommer,0.024827665268490513,1.0097618512506732,0.037898110677538864,1.0180670196255641,2609.0
