topic,sentiment_mean,sentiment_std,subjectivity_mean,subjectivity_std,counting
Anpassung,0.09870924921343627,0.9458569136969618,-0.10289771569624756,0.8304414089902334,194.0
Klima,-0.1769045801096778,0.9118463524410961,-0.07405307043726064,0.9608599109131586,255.0
Schule,0.2145200969968288,0.684478477694709,0.5190876696697938,1.23004870971791,15.0
Sommer,0.061589604360500066,1.0048183425675612,0.08119659497744229,1.0131107112700306,389.0
