topic,sentiment_mean,sentiment_std,subjectivity_mean,subjectivity_std,counting
Anpassung,-0.06877129118906662,0.7205149438480407,0.010078816786022841,0.6843405498088289,20.0
Klima,0.22738106891742615,0.8093864661001529,1.1547005383792517,1.0,3.0
Schule,0.0,1.0,0.0,1.0,1.0
Sommer,0.04529113433504241,0.8199154153365247,-0.06621085981718586,0.8221688262964664,19.0
