topic,sentiment_mean,sentiment_std,subjectivity_mean,subjectivity_std,counting
Anpassung,0.0483440983729426,1.0023875275243201,-0.12518282247564935,0.8820989354119078,1036.0
Klima,-0.17657923891027952,0.9298654039614924,0.03793602515941214,1.0404672337150784,966.0
Schule,0.200214039971476,0.8533280532693365,0.0008566537231691359,0.9457666617141536,265.0
Sommer,0.02479124584197886,1.0131458139607437,0.033827291612280506,1.0143649723928383,2704.0
