week,sentiment_mean,sentiment_std,subjectivity_mean,subjectivity_std,counting
2024-50,0.1077852080566335,0.5755539383027446,-0.32790311056711247,0.5819012077723975,9.0
2024-51,0.1490658891937095,1.0799141674975286,0.2691768453559169,1.0284753188718978,21.0
2024-52,0.010640325183011246,0.9474434024111522,0.11063557381888613,1.198964362151456,43.0
2024-53,0.33113338882694215,0.7973529946601873,0.13061234900202218,0.8288901562822358,10.0
2025-00,0.4552458425612284,0.7883277378843525,-0.311987275770773,0.7060550252368524,13.0
2025-01,-0.21483339564305645,0.9679700410836196,-0.14791892887861846,0.8264768870888515,61.0
2025-02,-0.017085299696297334,0.7948440821248257,0.2684683871690618,0.9165237003729131,36.0
2025-03,0.02720028245774655,0.9757463664909023,-0.10161896797411926,0.7714323115774677,29.0
