topic,sentiment_mean,sentiment_std,subjectivity_mean,subjectivity_std,counting
Anpassung,0.047147100180085104,1.0008460741667486,-0.1339008966839696,0.8709214144349822,1091.0
Klima,-0.1763519690564391,0.9312084263052868,0.037054765464919946,1.0341200161766484,1003.0
Schule,0.176140099771048,0.8700066027224693,0.004097879743744257,0.9535649534184867,280.0
Sommer,0.02690392617030836,1.0128156079887636,0.037704807958034554,1.0199725153474566,2819.0
