week,sentiment_mean,sentiment_std,subjectivity_mean,subjectivity_std,counting
2024-50,0.11822081229689584,0.6845160275188619,-0.31408672599925114,0.5799680739939246,9.0
2024-51,0.14454053941567113,1.0458921117756625,0.2688338885098564,0.9657847427526832,21.0
2024-52,0.030067935126651648,0.9742787734129256,0.12618300693659015,1.2431321794737644,43.0
2024-53,0.43059445967946886,0.6915446377561245,0.17696406290375158,0.7561870114657434,11.0
2025-00,0.4741615292361722,0.704600740150662,-0.16128201515353266,0.7995479086517491,15.0
2025-01,-0.2297020213021493,0.9598628527733004,-0.08843022340976767,0.9128711749921309,68.0
2025-02,-0.0625976893944501,0.8318928453231138,0.2115178382235874,0.9303343714429286,38.0
2025-03,-0.04687870960350846,0.9874890959971239,-0.002295607191133091,0.8189918678150838,41.0
2025-04,0.14904948655924213,0.9470007306531342,-0.25757562579512594,0.8027088995453501,27.0
