topic,sentiment_mean,sentiment_std,subjectivity_mean,subjectivity_std,counting
Anpassung,0.051405845495464966,0.9987481871849413,-0.1332526676995124,0.8692460959615934,1133.0
Klima,-0.17199366801489435,0.9329012988810911,0.04342921661236959,1.0462597435478502,1048.0
Schule,0.18286741147539004,0.8684351835202766,-0.000278373161615767,0.9515683356054823,283.0
Sommer,0.024319513500893338,1.0137711842594808,0.036173875577948794,1.0166922778577459,2876.0
