topic,sentiment_mean,sentiment_std,subjectivity_mean,subjectivity_std,counting
Anpassung,0.051327400383275296,1.0008075023318872,-0.13233881382106444,0.8776461235062062,1061.0
Klima,-0.17823919025458573,0.9306535968450411,0.03749938776050767,1.0342480034089012,994.0
Schule,0.18785843911145844,0.843453287628652,-0.0016143976913659496,0.9493741851336994,276.0
Sommer,0.025740449035192455,1.0149572963902902,0.03722039432234581,1.0176307523828672,2742.0
