keyword,sentiment_mean,sentiment_std,subjectivity_mean,subjectivity_std,counting
'Eiscreme',0.5640189997075201,1.0,-0.956182887467515,1.0,1.0
'Gewitter',-0.2028364236269419,0.9899716220444505,0.10461511599530056,0.9115134614789115,6.0
'Hitze',0.09480394669351039,0.567127555833973,0.4122336078880383,0.3518044467587504,5.0
'Klimawandel',0.22738106891742615,0.8093864661001529,1.1547005383792517,1.0,3.0
'Schatten',-0.10774693463826956,0.7448330663757022,0.0751681848553269,0.6811670216103246,18.0
'Siesta',0.0,1.0,0.0,1.0,1.0
'Sommerferien',0.0,1.0,0.0,1.0,1.0
'Sonne',0.18715880976612548,0.9209136428370703,-0.4616262526576614,0.8454466354990697,8.0
