topic,sentiment_mean,sentiment_std,subjectivity_mean,subjectivity_std,counting
Anpassung,0.19060675406760955,0.9020800135317478,-0.073616963426803,0.7477953631861786,53.0
Klima,-0.28170707174503073,0.8430879718287206,0.0058520336933309755,0.9755898815234304,55.0
Schule,-0.23920414331433676,0.3382857436509725,0.75,1.0606601717798212,2.0
Sommer,0.06440612031011711,0.9563899080540439,0.026275099303081778,0.9846801164836724,112.0
