week,sentiment_mean,sentiment_std,subjectivity_mean,subjectivity_std,counting
2024-50,0.2694404477509849,0.3482452059570082,-0.3382143954619492,0.5011907025842159,9.0
2024-51,-0.12002468905512137,0.9204944440707172,0.48659240408749105,1.009750726738722,15.0
2024-52,-0.2250912044492933,1.0188546419148377,0.11430864260068332,0.7645377374974902,16.0
2024-53,0.1714985617212384,0.5959082970380635,0.3826040173063872,0.9143517589073434,7.0
2025-00,0.47512774390874696,1.0935853532552036,-0.6243161527861077,0.08471914917508941,6.0
2025-01,-0.04333564305237831,0.7088753069433427,-0.2041045565358234,0.8140416499424722,18.0
2025-02,0.3125,0.2651650429449553,0.0,1.0,2.0
