topic,sentiment_mean,sentiment_std,subjectivity_mean,subjectivity_std,counting
Anpassung,0.045315793900574705,1.0063377324651819,-0.13365435736434017,0.8799871053197524,947.0
Klima,-0.1908029491417012,0.936311910505818,0.026763664263056132,1.0285241966789462,843.0
Schule,0.2132143715208103,0.8456232793425904,0.012842330844969527,0.9514672876901006,254.0
Sommer,0.02488688288568065,1.0074618079032478,0.03882627488637618,1.0175327897918742,2541.0
