topic,sentiment_mean,sentiment_std,subjectivity_mean,subjectivity_std,counting
Anpassung,0.04443517494872534,1.0007228014544325,-0.12162522692832335,0.8887295683051878,1007.0
Klima,-0.177510433035585,0.9326478332324776,0.0221132173355555,1.0221584626340405,947.0
Schule,0.20403251353763094,0.8559553766410144,0.007253298257788386,0.9504253690504254,263.0
Sommer,0.026199167609499485,1.012416488091316,0.03725135658653235,1.0181663251679076,2645.0
