topic,sentiment_mean,sentiment_std,subjectivity_mean,subjectivity_std,counting
Anpassung,0.050922069738134144,0.999114296781847,-0.1331182187470502,0.8716326174270642,1119.0
Klima,-0.17247791145040453,0.9326374320423738,0.043095672386622166,1.0430277679358833,1040.0
Schule,0.18222214401366785,0.8692197439884664,-0.0008378658261559986,0.9517752268170198,283.0
Sommer,0.024631362520404248,1.0137288329103704,0.03591845871313094,1.0169508477875406,2864.0
