topic,sentiment_mean,sentiment_std,subjectivity_mean,subjectivity_std,counting
Anpassung,0.04958314071528005,1.0070509000438657,-0.13251988933035652,0.8800498163605283,956.0
Klima,-0.18744695241541406,0.9368868622768417,0.02268425186132387,1.0253958922589428,863.0
Schule,0.20518916116937674,0.8484052652550992,0.012910180588660855,0.9517598486299169,256.0
Sommer,0.02415015826553641,1.0073086991339486,0.04002869782995793,1.0185043445366984,2544.0
