week,sentiment_mean,sentiment_std,subjectivity_mean,subjectivity_std,counting
2024-50,0.2803965238446187,0.37789616614040455,-0.2782542569173845,0.6451300897158827,9.0
2024-51,-0.010365954942774347,1.091158633370576,0.43848447036516724,1.0522054511764187,19.0
2024-52,-0.02111066475412671,1.0063705491364205,0.16931302738603612,1.132574454065023,39.0
2024-53,0.30611421224877194,0.8396325899984094,0.2813630870239732,1.0931399717897679,9.0
2025-00,0.5422562044123759,0.8329359291431726,-0.3357611517697597,0.6414313346270053,10.0
2025-01,-0.11120581497168225,0.8856062949877397,-0.14451757422062703,0.7681420110074657,51.0
2025-02,-0.19104117032217227,0.6310143663850488,-0.1812693229187955,0.484488242889731,14.0
