topic,sentiment_mean,sentiment_std,subjectivity_mean,subjectivity_std,counting
Anpassung,0.05091204432616349,1.0026130094044736,-0.12729081745497364,0.8815134421761379,1048.0
Klima,-0.1765522003615139,0.9280637132477855,0.03614636669379898,1.039158160956382,979.0
Schule,0.19725937707573868,0.8519372649009223,-0.0009360503357802068,0.9456526363048651,267.0
Sommer,0.024446712733555764,1.0140382201501168,0.03565005224382133,1.0151119918488394,2717.0
