topic,sentiment_mean,sentiment_std,subjectivity_mean,subjectivity_std,counting
Anpassung,0.21424219549342682,0.8572886557805716,-0.09685356561678504,0.7738378809378481,82.0
Klima,-0.21235011814559615,0.8622729949343414,-0.1526665359112259,0.8963186295048763,83.0
Schule,0.14408601396448317,0.5502476888707549,0.344192684576423,1.1060883022640233,8.0
Sommer,-0.0014165760680290233,1.003964672373595,0.10974333334633316,1.0095572244004796,175.0
