topic,sentiment_mean,sentiment_std,subjectivity_mean,subjectivity_std,counting
Anpassung,0.04424330661427295,1.0002329421688403,-0.1257161020372054,0.8878573288369112,1003.0
Klima,-0.18172914055790595,0.9332198570830181,0.03192848852183912,1.0264077593709569,908.0
Schule,0.20951737309490212,0.8545187903326851,0.005564887159297844,0.945926450524722,259.0
Sommer,0.025064670948736194,1.0113744454966678,0.03588766057497085,1.0173564747014339,2632.0
