topic,sentiment_mean,sentiment_std,subjectivity_mean,subjectivity_std,counting
Anpassung,0.17756558097857747,0.8725086843872638,-0.14116092360247778,0.7632525905670007,99.0
Klima,-0.16056033031141345,0.931234213390135,-0.1589767901775233,0.8714977315661454,106.0
Schule,0.22800560055368096,0.6530223792258403,0.16461621437661667,0.9354121134150241,9.0
Sommer,-0.005155788267440039,0.9862664094708078,0.12911472264077897,1.0335318905668918,232.0
