topic,sentiment_mean,sentiment_std,subjectivity_mean,subjectivity_std,counting
Anpassung,0.04946789723508052,1.001880365049775,-0.1341903334650998,0.8664196825830123,1159.0
Klima,-0.17594168800556748,0.9424342745187521,0.04041254539349983,1.0444057953760177,1099.0
Schule,0.1854616674303685,0.8666608810480022,-0.0020365514114585935,0.9507032829033308,284.0
Sommer,0.02839089429582661,1.0096690904571772,0.037660444319213615,1.0182562414211074,2925.0
