topic,sentiment_mean,sentiment_std,subjectivity_mean,subjectivity_std,counting
Anpassung,0.17204871738656197,0.8702274064096068,-0.12986884146986835,0.7525652608985569,110.0
Klima,-0.16862367146307336,0.925021688553089,-0.1345388612420592,0.8933604402949967,145.0
Schule,0.20296112738713912,0.5975640291208311,0.2739124702955825,0.9533318004629476,11.0
Sommer,0.018275718479175456,0.9972205677221909,0.12303313804541426,1.044725664396498,250.0
