topic,sentiment_mean,sentiment_std,subjectivity_mean,subjectivity_std,counting
Anpassung,0.17155117994470157,0.8077789018612623,-0.06934439784715056,0.7482974943041927,42.0
Klima,-0.21340170172636413,0.8651394078360193,0.017248606480584704,0.8985146826227743,39.0
Schule,0.0,1.0,0.0,1.0,1.0
Sommer,0.04040675405110935,0.9836244745736253,0.03730365899278949,1.0171708140202982,69.0
