topic,sentiment_mean,sentiment_std,subjectivity_mean,subjectivity_std,counting
Anpassung,0.0459416006138239,1.0003464398228,-0.13246380480508038,0.8724104084219158,1102.0
Klima,-0.17230941929985275,0.9324261419547479,0.03579003646578845,1.0325517465513152,1025.0
Schule,0.1767541119849255,0.8699038683020743,0.003673522411581231,0.9535894677415546,280.0
Sommer,0.026884027052202157,1.013182880898181,0.03767564505669739,1.0201904993806796,2835.0
